-- MySQL dump 10.13  Distrib 8.0.40, for Win64 (x86_64)
--
-- Host: localhost    Database: marketplace
-- ------------------------------------------------------
-- Server version	8.0.40

/*!40101 SET @OLD_CHARACTER_SET_CLIENT=@@CHARACTER_SET_CLIENT */;
/*!40101 SET @OLD_CHARACTER_SET_RESULTS=@@CHARACTER_SET_RESULTS */;
/*!40101 SET @OLD_COLLATION_CONNECTION=@@COLLATION_CONNECTION */;
/*!50503 SET NAMES utf8 */;
/*!40103 SET @OLD_TIME_ZONE=@@TIME_ZONE */;
/*!40103 SET TIME_ZONE='+00:00' */;
/*!40014 SET @OLD_UNIQUE_CHECKS=@@UNIQUE_CHECKS, UNIQUE_CHECKS=0 */;
/*!40014 SET @OLD_FOREIGN_KEY_CHECKS=@@FOREIGN_KEY_CHECKS, FOREIGN_KEY_CHECKS=0 */;
/*!40101 SET @OLD_SQL_MODE=@@SQL_MODE, SQL_MODE='NO_AUTO_VALUE_ON_ZERO' */;
/*!40111 SET @OLD_SQL_NOTES=@@SQL_NOTES, SQL_NOTES=0 */;

--
-- Table structure for table `address`
--

DROP TABLE IF EXISTS `address`;
/*!40101 SET @saved_cs_client     = @@character_set_client */;
/*!50503 SET character_set_client = utf8mb4 */;
CREATE TABLE `address` (
  `addressID` int NOT NULL AUTO_INCREMENT,
  `streetAddress` varchar(255) NOT NULL,
  `city` varchar(100) NOT NULL,
  `state` varchar(100) DEFAULT NULL,
  `postalCode` varchar(20) DEFAULT NULL,
  `country` varchar(100) NOT NULL,
  PRIMARY KEY (`addressID`)
) ENGINE=InnoDB AUTO_INCREMENT=301 DEFAULT CHARSET=utf8mb4 COLLATE=utf8mb4_0900_ai_ci;
/*!40101 SET character_set_client = @saved_cs_client */;

--
-- Dumping data for table `address`
--

LOCK TABLES `address` WRITE;
/*!40000 ALTER TABLE `address` DISABLE KEYS */;
INSERT INTO `address` VALUES (1,'85928 Garcia Islands','Moyerside','Indiana','90677','Kenya'),(2,'4300 Ronald Stream','East Mary','Utah','47739','Guatemala'),(3,'08731 Jeffrey Ramp','Elliottton','Minnesota','53688','Oman'),(4,'1959 Kennedy Tunnel','West Chad','South Dakota','07895','Turks and Caicos Islands'),(5,'54099 Henderson Glens Apt. 615','Port Alisonbury','Maine','93964','Western Sahara'),(6,'72362 Bryant Falls Suite 957','Randytown','Colorado','64708','British Indian Ocean Territory (Chagos Archipelago)'),(7,'068 Doyle Forge Apt. 563','West Crystal','Ohio','48387','Korea'),(8,'275 Michelle Mountains','Cynthialand','Arkansas','65717','Tokelau'),(9,'40907 Spence Row Apt. 150','West Christopher','Tennessee','81109','Korea'),(10,'323 Patrick Land Apt. 921','East Kristen','Nebraska','99401','Switzerland'),(11,'716 Oconnor Pines Suite 061','Morenofurt','Arizona','51802','Korea'),(12,'63048 Richard Turnpike','East Tracyside','Connecticut','88741','Tunisia'),(13,'319 Chad Via','South Allison','New Hampshire','87653','Hungary'),(14,'010 Jones Rapids Apt. 973','East Xavierland','New York','83407','Uganda'),(15,'245 Patterson Fields','Deborahfurt','Kentucky','84755','Mali'),(16,'501 Allison Route','New Lucas','New Hampshire','71371','Palau'),(17,'895 Jeffrey Plain','Kimberlymouth','Idaho','20352','Timor-Leste'),(18,'820 Morales Trafficway','Kristentown','Nevada','03136','Saint Kitts and Nevis'),(19,'4029 Brown Prairie Apt. 709','Taylormouth','Indiana','28246','Indonesia'),(20,'62023 Michael Extension','North Frank','Massachusetts','25013','Mozambique'),(21,'02594 Angela Mountains Apt. 057','Lake Cheyenne','Vermont','46589','Saint Lucia'),(22,'316 Tracy Mission','Jimenezberg','West Virginia','94003','Switzerland'),(23,'39448 Megan Locks Suite 198','Lake Michelle','Louisiana','06761','Andorra'),(24,'7381 Melissa Lake','Lake Susan','Indiana','55596','Christmas Island'),(25,'329 Joshua Island Apt. 956','Lake Nichole','Vermont','64498','Togo'),(26,'78625 Travis Ridge','Lake Cynthia','Florida','15312','Sri Lanka'),(27,'4396 Castaneda Stream','South Christina','Missouri','76729','El Salvador'),(28,'0759 Amanda Branch','Garyton','New York','63483','Niue'),(29,'7518 Day Course','Lake Sharon','New Mexico','44649','French Southern Territories'),(30,'4187 Jeffery Pike','South Timothy','Idaho','35746','Wallis and Futuna'),(31,'86722 Weiss Tunnel Suite 214','North Joshua','Tennessee','62801','Luxembourg'),(32,'4985 Zamora Circle','South Julia','Utah','75503','Barbados'),(33,'9394 Richard Curve Suite 321','Victoriaside','Iowa','44918','Mayotte'),(34,'203 Mackenzie Green Apt. 184','East Deborah','Oklahoma','57252','Barbados'),(35,'56052 Jackie Drives','Davenporthaven','Delaware','50485','Austria'),(36,'37487 Gonzales Port Suite 679','East Melissaside','Virginia','89091','Kenya'),(37,'6172 Tracy Manors','Port Saraton','Oklahoma','31153','Benin'),(38,'50057 Nicole Cape','Markland','North Dakota','19885','Pitcairn Islands'),(39,'55180 William Turnpike','Jacobburgh','Nevada','25639','Greenland'),(40,'311 Miller Causeway','West Brandiborough','Georgia','62021','Oman'),(41,'241 Clark View','Kellyfurt','Montana','50800','Bolivia'),(42,'449 Jennifer Alley','Port Cheryl','Alaska','87222','Malawi'),(43,'372 Michelle Courts','Kellyberg','Missouri','53089','Switzerland'),(44,'3111 Matthew Lodge','Robinsonmouth','Idaho','17331','Lao People\'s Democratic Republic'),(45,'957 Lee Overpass Suite 850','Carolchester','Ohio','16624','Nigeria'),(46,'551 Franklin Springs','Carlsonville','Vermont','86930','Cambodia'),(47,'104 Selena Vista Apt. 114','South Paula','Maine','46497','Greece'),(48,'4022 Lindsay Port Suite 953','East Joefort','New Hampshire','61071','Australia'),(49,'86370 Rasmussen Lodge Apt. 748','Heidibury','Maine','31077','Bahrain'),(50,'60423 John Hills Apt. 510','Patrickfort','Iowa','44236','Ethiopia'),(51,'177 David Manors Apt. 857','Port Loritown','Alaska','76775','Guadeloupe'),(52,'907 Clark Ranch Suite 239','Lindafort','Florida','86915','India'),(53,'176 Jeffrey Course','North Christopherburgh','New Jersey','44027','Burkina Faso'),(54,'5386 White Estates Apt. 802','Kathymouth','Montana','27345','Nigeria'),(55,'908 Ochoa Terrace','Joseport','Rhode Island','37503','Jordan'),(56,'4107 Christian Run Suite 820','Jenniferhaven','South Carolina','16836','Tanzania'),(57,'679 Bowman Manors','East Toddside','Nevada','27541','Northern Mariana Islands'),(58,'8922 Rebecca Valleys Apt. 697','Gregorychester','Oregon','78679','Marshall Islands'),(59,'86271 Kevin Circle','East Amber','Colorado','91555','Kenya'),(60,'2281 Russell Camp','Port Justin','Iowa','29600','Portugal'),(61,'4005 Walsh Villages Apt. 410','East Jasonstad','Mississippi','02914','Serbia'),(62,'5071 Lowe Prairie','Vegatown','Maryland','41142','Ireland'),(63,'33125 Thomas Causeway Apt. 631','West Brettside','Louisiana','08443','Guernsey'),(64,'6641 Luna Cove Suite 338','Hoopertown','Virginia','26998','Guernsey'),(65,'290 Marie Alley','Johnfurt','South Dakota','64074','Denmark'),(66,'01243 Sydney Squares','South Marcbury','Wyoming','69468','Dominica'),(67,'10419 Bailey Groves Suite 910','Schmidtmouth','Texas','51126','Holy See (Vatican City State)'),(68,'888 Thompson Port Suite 891','West Jeffrey','Maine','46614','Malta'),(69,'298 Fields Spurs Apt. 323','South Denisetown','Montana','79850','Poland'),(70,'464 Riddle Alley','Chavezville','Florida','24043','Angola'),(71,'018 Harris Pike Suite 507','South Melissachester','New Mexico','03792','Mayotte'),(72,'056 Foster Glen','South Lisaburgh','Maine','65003','Guatemala'),(73,'0824 Le Radial','East Erik','New Mexico','00983','Libyan Arab Jamahiriya'),(74,'557 Stewart Points','Gonzalesmouth','North Carolina','46478','Pakistan'),(75,'99604 Oliver Glens','Toddborough','Louisiana','55879','Cook Islands'),(76,'891 Robert Falls Suite 775','South Jamesbury','Colorado','74939','Qatar'),(77,'0086 Carr Burgs Suite 602','West David','Indiana','77623','Nepal'),(78,'45954 Suzanne Glen Suite 081','North Adrian','Hawaii','74510','Benin'),(79,'844 Miller Lodge Apt. 214','Lake Patricia','Hawaii','92290','Egypt'),(80,'402 Michael Bridge','Port Anna','Arkansas','31561','Gabon'),(81,'99819 Amanda Parkways Apt. 878','Port Raymondland','Wisconsin','99195','Cameroon'),(82,'62366 Ross Mount','Brianton','Minnesota','99441','Dominica'),(83,'0805 Mccullough Islands','New Ronaldview','Kansas','59834','Egypt'),(84,'80344 Brian Trail','New Dylan','South Dakota','97911','Saint Barthelemy'),(85,'1669 Devon Motorway Suite 526','Bruceside','California','52587','Bosnia and Herzegovina'),(86,'302 Danielle Junctions Apt. 075','North Dennistown','New Jersey','12363','Bermuda'),(87,'659 Michael Point','Marvinbury','Washington','39888','Gibraltar'),(88,'65777 Gordon Estates Apt. 617','East Corey','Colorado','71405','Fiji'),(89,'5398 Sanders Rapids Suite 857','Bennetthaven','Oregon','85464','Vanuatu'),(90,'861 Leon Land Suite 988','Kleinfort','Delaware','98257','Saint Helena'),(91,'9728 Soto Avenue','Jameston','North Carolina','44223','Cuba'),(92,'47934 Caldwell Club Apt. 052','West Sandra','Minnesota','73759','Antarctica (the territory South of 60 deg S)'),(93,'12372 Emily Isle','Mitchellport','Delaware','11917','Tuvalu'),(94,'274 Sweeney Inlet','Port Diana','Wyoming','71010','Northern Mariana Islands'),(95,'060 Reynolds Pines Suite 040','East Edwardchester','Iowa','42223','Jordan'),(96,'38512 Shepard Drive','Brianbury','Utah','20586','Togo'),(97,'25886 Melissa Walk Apt. 122','North Rhondaland','Tennessee','21821','Saudi Arabia'),(98,'5144 Hughes Vista','Lake April','Missouri','00580','Cocos (Keeling) Islands'),(99,'5032 Kaylee Springs','North Jamestown','West Virginia','40550','Saudi Arabia'),(100,'2404 Tran Locks Apt. 001','Ryanside','Pennsylvania','88187','Bangladesh'),(101,'36228 Stacy Highway Apt. 997','Wrightton','Texas','32410','Costa Rica'),(102,'6472 Ashley Crossing','West Calvinbury','New Hampshire','57672','United States Minor Outlying Islands'),(103,'7953 Lane Overpass Suite 575','Johnsonport','West Virginia','93103','Indonesia'),(104,'137 Chad Stravenue Apt. 674','Robinsonland','Oregon','77163','Cambodia'),(105,'4233 Stephanie Hills Apt. 328','Gregoryburgh','Oregon','98275','Mauritius'),(106,'84743 Mark Camp','West Margaret','Idaho','93904','Iran'),(107,'95398 Lane Mission Apt. 130','Stevenview','Wyoming','80398','Luxembourg'),(108,'094 Kim Row','West Lorifort','North Dakota','67387','Romania'),(109,'37446 Mcdonald Roads Suite 354','Amandamouth','Tennessee','24829','Hungary'),(110,'0150 Ramirez Flat','Youngshire','Illinois','14656','Palestinian Territory'),(111,'2921 Davis Via','Hernandezfort','Massachusetts','74478','Kazakhstan'),(112,'832 Russell Loaf','Peterview','Alaska','53795','Heard Island and McDonald Islands'),(113,'627 Shannon Haven','East Zacharyburgh','Rhode Island','60122','Canada'),(114,'7879 Brewer Lodge Suite 248','East Emilyland','Nevada','30940','Nauru'),(115,'204 Griffin Highway','Whiteview','Rhode Island','84578','Liberia'),(116,'8536 Marsh Place Suite 405','Markside','California','92050','Sweden'),(117,'334 Danielle Mountains','Port Christophershire','Nebraska','64823','Dominican Republic'),(118,'377 Campbell Points','East Adrian','Oklahoma','61478','New Caledonia'),(119,'73361 Bates Views','Jarvismouth','Nevada','39352','Burkina Faso'),(120,'584 Carr Fort','East Brooke','Arizona','43826','Bahamas'),(121,'652 Richard Route','Carlport','Delaware','84773','Turkey'),(122,'240 Schroeder Pine Apt. 048','Knightland','Delaware','74497','Guernsey'),(123,'406 Miguel Pine','New Stephanieland','New Mexico','63181','Australia'),(124,'7648 Timothy Forks Suite 236','Stanleyton','New Jersey','21556','Palau'),(125,'352 Fox Way','Thompsonfurt','Michigan','83405','Bahamas'),(126,'044 Hurley Streets Suite 010','Nguyenside','Delaware','81509','Taiwan'),(127,'6452 Walter Manors Apt. 232','East Stephanie','Rhode Island','92131','United Arab Emirates'),(128,'4828 Moore Brook Suite 193','Lake Joseph','Arkansas','26776','Serbia'),(129,'089 Brittany Plaza','South Michael','Idaho','16901','Tokelau'),(130,'67692 Mercer Drive','Cohenbury','Louisiana','53625','Bolivia'),(131,'81562 Campbell Bypass','Port Sarah','Montana','32408','Sweden'),(132,'19566 Timothy Mill Apt. 559','Lopezfort','Massachusetts','32744','Guernsey'),(133,'50243 Frank Passage Suite 270','Lake Jonathanland','North Dakota','06061','Japan'),(134,'6423 Jonathan Crescent','Willieburgh','Washington','94624','New Caledonia'),(135,'0283 Elizabeth Corner Apt. 891','Wolfshire','New York','89549','Jordan'),(136,'86224 Cline Plaza Suite 793','Tranton','Oregon','40631','Aruba'),(137,'404 Cherry Station','West Crystal','Illinois','28332','Latvia'),(138,'8611 Denise Ranch','Lydiafort','Texas','08218','Indonesia'),(139,'08998 Parker Hills Suite 724','Brettmouth','Oregon','45726','Saint Barthelemy'),(140,'5110 Carter Cape','Wilsonberg','New York','23036','Svalbard & Jan Mayen Islands'),(141,'2790 William Orchard','East Justinview','Connecticut','63242','New Caledonia'),(142,'6100 Daniel Highway','New Karen','Delaware','36084','Jersey'),(143,'144 Bishop Shore','Kleinbury','Georgia','09729','Poland'),(144,'46416 Sally Roads Apt. 647','Lake Andrea','Ohio','20817','Mexico'),(145,'18054 Dunn Manor Suite 885','Nguyenshire','Utah','43891','Norway'),(146,'837 Gregory Key','South Jason','Utah','85988','Timor-Leste'),(147,'894 Jones Corner','Hallshire','Oklahoma','92821','Hong Kong'),(148,'3524 Mccarthy Passage Suite 906','Andreaburgh','Massachusetts','10573','Germany'),(149,'94282 Michael Turnpike Suite 041','Hayesfort','Montana','34668','Wallis and Futuna'),(150,'446 Reynolds Shores Apt. 541','Danielshire','North Dakota','78826','Mayotte'),(151,'07808 Chelsey Lake Apt. 787','South Christianville','Nebraska','74610','Faroe Islands'),(152,'604 Pope Greens Apt. 908','Knoxshire','Kentucky','35614','Mali'),(153,'60432 Ruiz Mall Apt. 174','Holdenshire','Tennessee','18853','British Virgin Islands'),(154,'27783 Krueger Dale','Jakeland','Kansas','88869','Papua New Guinea'),(155,'476 Sullivan Trail Apt. 757','South Richardberg','Connecticut','76542','Peru'),(156,'55300 Bailey Garden','Lake Andrewberg','Mississippi','01459','Canada'),(157,'1813 Larson Lights','Marshallshire','Minnesota','37990','Spain'),(158,'7006 Smith Ridge Apt. 625','Deanmouth','Missouri','60892','Burundi'),(159,'746 Spears Glen','West Deborah','Connecticut','72976','Sao Tome and Principe'),(160,'62521 Hall Views','Jenniferstad','North Carolina','77243','Saudi Arabia'),(161,'8338 Shaffer Forest Suite 043','Tinastad','Kansas','79384','Libyan Arab Jamahiriya'),(162,'707 Diana Loop Apt. 449','Aaronhaven','Louisiana','88689','Swaziland'),(163,'534 Derrick Plaza Suite 106','Steelebury','Wyoming','69799','Lithuania'),(164,'87507 Livingston Flat','North Mariahtown','Mississippi','81312','United States Minor Outlying Islands'),(165,'2587 Wilkerson Curve Suite 038','Port Helen','New Mexico','40217','Oman'),(166,'2181 Olivia Wall Apt. 687','Jeffreyborough','South Carolina','57029','Argentina'),(167,'57904 Christine Shores','Fullerchester','Kentucky','84985','Liberia'),(168,'3594 Hancock Fords','South Mary','Rhode Island','59370','Svalbard & Jan Mayen Islands'),(169,'195 Solis Stream Suite 413','East Joshuamouth','Florida','86162','Macao'),(170,'718 Candace Street','West Jeremiahchester','Texas','87508','Puerto Rico'),(171,'32364 Wood Glens','Stanleychester','Hawaii','55667','Guam'),(172,'311 Richard Stream Suite 612','North Rebeccaview','Missouri','99259','Papua New Guinea'),(173,'626 Kimberly Way','New Anthonyburgh','Montana','17047','Pitcairn Islands'),(174,'292 Dawn Passage Suite 553','Hillchester','Arizona','91248','Faroe Islands'),(175,'810 Alyssa Vista Apt. 929','Maryshire','New York','19598','Guinea'),(176,'944 Dawn Meadow Suite 943','West Jodi','California','76602','Lao People\'s Democratic Republic'),(177,'5744 Terry Mount','East Johnside','Vermont','36785','Ireland'),(178,'0021 Kyle Fort Suite 436','New Brenda','Connecticut','72856','Gibraltar'),(179,'436 Javier Light Suite 018','East Jennifer','Maryland','72546','South Georgia and the South Sandwich Islands'),(180,'166 Jacobs Summit Suite 174','West Candacefurt','Missouri','50594','Macao'),(181,'17428 Micheal Inlet','Krystalborough','California','79610','El Salvador'),(182,'00732 Brown Knolls Suite 717','Cannonbury','North Carolina','12475','Vietnam'),(183,'3203 Maria Brooks','Hollytown','West Virginia','96440','Iraq'),(184,'942 Tina Fields Suite 251','South Christine','Maryland','91486','Philippines'),(185,'3626 Debra Corners','West Megan','South Carolina','97806','Indonesia'),(186,'74456 Julie Lake','Port Andreaview','Tennessee','39765','Wallis and Futuna'),(187,'93284 Little Course','Josephfurt','Oregon','70572','China'),(188,'607 Russell Villages','Jasmineland','Michigan','57667','Cocos (Keeling) Islands'),(189,'92134 David Wall Suite 256','North Jake','Rhode Island','96836','Heard Island and McDonald Islands'),(190,'87562 Hunt Lodge','North Taylor','Virginia','70519','Turkmenistan'),(191,'106 Robert Turnpike Apt. 359','Mccoymouth','Ohio','02214','Burkina Faso'),(192,'84168 Vickie Terrace','North Rachelborough','Maine','67828','United Arab Emirates'),(193,'21958 Sherry Light Apt. 125','West Stephanie','Illinois','27870','Armenia'),(194,'96357 Archer Turnpike','East William','Alabama','99847','Cape Verde'),(195,'680 Hendrix Trail','South Wayne','West Virginia','25148','Gabon'),(196,'161 Silva Fields','South Pamela','Pennsylvania','44437','Anguilla'),(197,'0662 Richard Pines','East Sherriport','Arkansas','87382','Tokelau'),(198,'297 Maxwell Meadows','Michellemouth','Pennsylvania','35697','Denmark'),(199,'015 Thomas Island','Whiteton','Wisconsin','35991','Falkland Islands (Malvinas)'),(200,'76817 Kristina Shoals','Richardshire','Tennessee','58088','Saint Pierre and Miquelon'),(201,'6861 Sarah Harbors Apt. 051','Christopherborough','Louisiana','21090','Burundi'),(202,'541 Roger Dale Apt. 113','Kevinbury','Vermont','77217','Andorra'),(203,'3557 Danielle Parkway Apt. 873','New David','Minnesota','80001','Svalbard & Jan Mayen Islands'),(204,'8889 Deborah Loop','Ariastown','Michigan','61019','Armenia'),(205,'0268 Albert Freeway','North Paultown','Nevada','14607','Latvia'),(206,'33201 Amanda Field','Ashleyhaven','Oklahoma','50513','Azerbaijan'),(207,'1485 Thompson Greens Apt. 358','South Jessicaburgh','Mississippi','61928','Mexico'),(208,'6726 Keith Shoal Apt. 389','North Sherry','Oklahoma','18406','Panama'),(209,'59150 Amy Valleys Apt. 857','East Henry','Utah','27039','Papua New Guinea'),(210,'027 Lamb Plains','Port Jenniferberg','Michigan','04338','Venezuela'),(211,'4169 Johnson Springs Suite 653','East Brendan','Minnesota','21028','Zimbabwe'),(212,'129 Love Underpass Apt. 389','Sweeneyshire','Delaware','72640','Taiwan'),(213,'97136 Ashley Ridges Suite 696','South Monicatown','Utah','64020','Vanuatu'),(214,'988 Bender Knolls Suite 227','Juliaburgh','Georgia','69385','Uzbekistan'),(215,'812 Evans Underpass','West Jeffery','New Mexico','42126','Grenada'),(216,'6446 Craig Village Apt. 181','Samanthashire','Indiana','80236','Guinea-Bissau'),(217,'94323 Michael Corners Apt. 559','Alvarezport','Wisconsin','27325','Togo'),(218,'9315 Berger Lights','North David','South Dakota','49360','Micronesia'),(219,'71289 Golden Lake','Aliciashire','Washington','59813','Honduras'),(220,'603 Brandy Roads','Smithfurt','South Carolina','70087','Saint Martin'),(221,'6125 Andrea Cove','New Richard','Mississippi','39842','Saint Kitts and Nevis'),(222,'88979 Pope Island Apt. 856','Marytown','West Virginia','28488','Faroe Islands'),(223,'8080 Kristopher Forges Apt. 439','Jacobmouth','North Dakota','78836','Russian Federation'),(224,'288 Riddle Hollow','South Melanie','New Mexico','06694','Switzerland'),(225,'40576 Travis Plains','Port Pennyport','Oklahoma','40083','Ukraine'),(226,'6976 Catherine Wall','North Matthew','Mississippi','02570','El Salvador'),(227,'0984 Nancy Lake Suite 108','New Karen','Connecticut','12693','United Arab Emirates'),(228,'0471 Richardson Square','South Kathryn','Connecticut','49329','Cameroon'),(229,'71655 Durham Cliffs Apt. 510','East Leah','Indiana','58032','Palestinian Territory'),(230,'966 Shari Plains','Lake Jillianfort','Connecticut','42637','Tanzania'),(231,'189 Ashley Radial','North Theresa','Arkansas','03769','Suriname'),(232,'6041 Young Drive Suite 995','Kaitlinmouth','Hawaii','83293','Slovakia (Slovak Republic)'),(233,'16594 Maria Summit','Erikachester','Alaska','67647','Cambodia'),(234,'872 Vaughn Vista Suite 515','Lake Kathleenshire','New Hampshire','55657','Cuba'),(235,'261 Farrell Forks','West Angela','Georgia','49131','Faroe Islands'),(236,'261 Gina Hill','Port Debraborough','South Carolina','86256','Andorra'),(237,'14575 Cooper Village Suite 929','Howeborough','Oregon','49250','India'),(238,'558 Melissa Run','Port Katiemouth','New Hampshire','73578','Cameroon'),(239,'3622 Michael Rapids','Paulabury','Oregon','15801','Armenia'),(240,'75783 Barbara Mission Suite 692','East Sheena','Rhode Island','54739','United Kingdom'),(241,'052 Scott Inlet','North Joshuashire','Oklahoma','12928','Mayotte'),(242,'1363 Lutz Village Suite 122','Donnafurt','New Jersey','77131','Marshall Islands'),(243,'7174 Michael Fords Apt. 995','Jonathantown','West Virginia','96212','Eritrea'),(244,'7201 Cameron Village Apt. 084','Hayesville','Maryland','56904','Austria'),(245,'4517 Johnson Canyon Suite 527','New Jenniferburgh','South Carolina','27782','Tonga'),(246,'4762 Green Streets','East Jonathanfort','Nevada','53481','Martinique'),(247,'049 John Prairie Suite 581','Johnsonside','Illinois','51867','American Samoa'),(248,'5144 Michael Rue','East Stevenport','Illinois','23065','Malawi'),(249,'49978 Howard Pine','Christopherton','New Hampshire','17574','Tajikistan'),(250,'515 Jackson Plains','New Ashleyside','Nebraska','01449','Bhutan'),(251,'7015 Debra Oval Apt. 028','Port Jacquelinestad','Maine','15708','Lesotho'),(252,'5369 Bradley Neck','Harringtonstad','Tennessee','72574','Moldova'),(253,'358 Kent Lock Suite 049','Mcintyreberg','California','37825','Romania'),(254,'7946 Rangel Port','Rickyton','Missouri','24775','Spain'),(255,'616 Howard Passage','Lake Williamside','Michigan','19574','Spain'),(256,'7957 Jennifer Isle','Halltown','Kentucky','71628','Thailand'),(257,'87150 Rita Pass','Smithport','Mississippi','47440','Cook Islands'),(258,'9854 Thomas Pass Suite 699','Perkinston','North Carolina','38511','Hungary'),(259,'039 Rodriguez Station Suite 501','Danielview','Arizona','93770','Kiribati'),(260,'3705 Amanda Shore','New Bernard','New York','48046','Niger'),(261,'225 Daniel Mission Suite 314','Dawnmouth','Maine','14558','United States Minor Outlying Islands'),(262,'7565 Virginia Pines Apt. 665','Barberchester','Nebraska','04786','Suriname'),(263,'2935 Hawkins Locks','Jonesburgh','Georgia','87528','Iceland'),(264,'563 John Radial Apt. 793','Schwartzhaven','Rhode Island','54852','Grenada'),(265,'751 Gary Cliff','East Robertland','Arkansas','86834','Mexico'),(266,'413 Olson Port','South Joshua','Alaska','70829','Bermuda'),(267,'8792 Alfred Vista','Villarrealhaven','Rhode Island','07522','Greece'),(268,'8797 Russell Shoals','Marquezshire','Georgia','51090','Martinique'),(269,'93887 Cochran Mews','West Richard','Arkansas','96914','Tokelau'),(270,'096 Christopher Wall Suite 752','West Ann','Washington','79106','Grenada'),(271,'4094 Thomas Ridge Apt. 526','West Kimberlytown','Kansas','28828','Bahamas'),(272,'26179 Gail Alley','Cynthiaberg','Iowa','71989','Russian Federation'),(273,'83247 Samantha Plaza','Ashleyland','Tennessee','08838','Philippines'),(274,'45024 Pham Lake Apt. 930','Lake Kristenton','New Hampshire','09632','Guam'),(275,'7316 Becky Square','North Donaldton','Alabama','54349','Saint Vincent and the Grenadines'),(276,'24725 Raymond Forges Apt. 301','South Debra','Massachusetts','70128','Egypt'),(277,'157 Mejia Mountain','Samuelland','Illinois','48788','Austria'),(278,'25581 Vanessa Extensions Apt. 810','Loristad','Rhode Island','90879','Iran'),(279,'628 Goodwin Mews','Roberttown','Louisiana','32601','China'),(280,'3858 Rice Center','South Kurtbury','Virginia','37565','Ghana'),(281,'111 Kelly Fall','Port Paul','Arizona','61250','Niger'),(282,'57170 Cooper Rue Suite 184','North Michael','Illinois','02984','Gibraltar'),(283,'585 Kathleen Divide Apt. 561','North Elizabethshire','Arizona','68958','Latvia'),(284,'21737 Kerr Circle','Jamesport','Washington','29791','Cote d\'Ivoire'),(285,'13396 Sims Port Apt. 416','New Melissa','Montana','67547','Turkmenistan'),(286,'994 Shannon Junctions','North Jeremy','Tennessee','10355','Colombia'),(287,'752 Geoffrey Villages Apt. 188','Ericton','West Virginia','50614','Algeria'),(288,'5135 Sandra Drive Apt. 256','Raymondmouth','North Carolina','55887','Suriname'),(289,'8775 Jacob Plain','Port Kimberlymouth','Vermont','82717','Turkey'),(290,'17487 Reyes Fields','South Hannah','Tennessee','32137','Bahamas'),(291,'004 Katrina Vista','Mitchellhaven','Wisconsin','52929','Chad'),(292,'584 Lisa Lane Apt. 863','New Ashleyfort','Arizona','13869','Indonesia'),(293,'54433 Durham Dam Suite 612','West Seth','North Dakota','86429','Panama'),(294,'23971 Mahoney Orchard','Port Karenbury','Mississippi','31540','Haiti'),(295,'212 Clark Centers Apt. 215','New Sarah','Maryland','08123','Ethiopia'),(296,'6127 Kaiser Land','New Edward','Kentucky','07030','British Indian Ocean Territory (Chagos Archipelago)'),(297,'12638 Sharon Parkways','Heatherport','Arkansas','76814','Vanuatu'),(298,'2510 Keith Fields','Brownton','Colorado','40990','Bhutan'),(299,'3814 Heather Expressway Apt. 790','Angelaview','North Dakota','83182','Guernsey'),(300,'754 Johnson Avenue','South Elizabethville','North Dakota','93200','Cuba');
/*!40000 ALTER TABLE `address` ENABLE KEYS */;
UNLOCK TABLES;

--
-- Table structure for table `category`
--

DROP TABLE IF EXISTS `category`;
/*!40101 SET @saved_cs_client     = @@character_set_client */;
/*!50503 SET character_set_client = utf8mb4 */;
CREATE TABLE `category` (
  `categoryID` int NOT NULL AUTO_INCREMENT,
  `name` varchar(50) NOT NULL,
  PRIMARY KEY (`categoryID`)
) ENGINE=InnoDB AUTO_INCREMENT=51 DEFAULT CHARSET=utf8mb4 COLLATE=utf8mb4_0900_ai_ci;
/*!40101 SET character_set_client = @saved_cs_client */;

--
-- Dumping data for table `category`
--

LOCK TABLES `category` WRITE;
/*!40000 ALTER TABLE `category` DISABLE KEYS */;
INSERT INTO `category` VALUES (1,'first'),(2,'discover'),(3,'too'),(4,'smile'),(5,'hundred'),(6,'area'),(7,'exist'),(8,'recognize'),(9,'group'),(10,'give'),(11,'foot'),(12,'evening'),(13,'development'),(14,'article'),(15,'night'),(16,'nothing'),(17,'collection'),(18,'set'),(19,'note'),(20,'us'),(21,'computer'),(22,'author'),(23,'enough'),(24,'agree'),(25,'successful'),(26,'table'),(27,'accept'),(28,'set'),(29,'prevent'),(30,'ago'),(31,'help'),(32,'on'),(33,'measure'),(34,'rise'),(35,'everyone'),(36,'yourself'),(37,'material'),(38,'control'),(39,'note'),(40,'word'),(41,'true'),(42,'indicate'),(43,'left'),(44,'tonight'),(45,'lose'),(46,'say'),(47,'network'),(48,'hit'),(49,'newspaper'),(50,'charge');
/*!40000 ALTER TABLE `category` ENABLE KEYS */;
UNLOCK TABLES;

--
-- Table structure for table `listing`
--

DROP TABLE IF EXISTS `listing`;
/*!40101 SET @saved_cs_client     = @@character_set_client */;
/*!50503 SET character_set_client = utf8mb4 */;
CREATE TABLE `listing` (
  `listingID` int NOT NULL AUTO_INCREMENT,
  `seller` varchar(50) NOT NULL,
  `categoryID` int NOT NULL,
  `price` decimal(10,2) DEFAULT NULL,
  `description` text,
  `addressID` int DEFAULT NULL,
  `images` varchar(255) DEFAULT NULL,
  PRIMARY KEY (`listingID`),
  KEY `seller` (`seller`),
  KEY `categoryID` (`categoryID`),
  KEY `addressID` (`addressID`),
  CONSTRAINT `listing_ibfk_1` FOREIGN KEY (`seller`) REFERENCES `user` (`userID`) ON DELETE CASCADE,
  CONSTRAINT `listing_ibfk_2` FOREIGN KEY (`categoryID`) REFERENCES `category` (`categoryID`) ON DELETE CASCADE,
  CONSTRAINT `listing_ibfk_3` FOREIGN KEY (`addressID`) REFERENCES `address` (`addressID`) ON DELETE CASCADE
) ENGINE=InnoDB AUTO_INCREMENT=501 DEFAULT CHARSET=utf8mb4 COLLATE=utf8mb4_0900_ai_ci;
/*!40101 SET character_set_client = @saved_cs_client */;

--
-- Dumping data for table `listing`
--

LOCK TABLES `listing` WRITE;
/*!40000 ALTER TABLE `listing` DISABLE KEYS */;
INSERT INTO `listing` VALUES (1,'thomas73',17,756.21,'Foreign also enough agreement very south. Become military food term poor late.\nForce now race goal able event eat. American also father manager first stay recognize. All special have Mrs.',52,'https://picsum.photos/329/421,https://placekitten.com/974/537,https://dummyimage.com/311x637,https://placekitten.com/800/914,https://picsum.photos/433/158'),(2,'erickrueger',28,146.46,'Everyone network particular section participant possible church. Most fish raise others party speak consider.\nDrug compare create improve. Traditional land structure source subject.',25,'https://picsum.photos/705/744,https://placekitten.com/391/465,https://dummyimage.com/166x804,https://placekitten.com/1008/822'),(3,'justin13',27,33.06,'Executive indeed hot enjoy tend feel action. Authority tonight decide. Check grow standard understand data receive.',90,'https://placekitten.com/681/282,https://dummyimage.com/568x986'),(4,'edward65',15,756.90,'Fine woman series find yes. Total fact I dream onto. Kitchen section safe life.\nPersonal treat future similar forget employee. Generation join civil imagine whom.',283,'https://dummyimage.com/552x461,https://dummyimage.com/587x829,https://dummyimage.com/438x340,https://dummyimage.com/864x568,https://placekitten.com/792/886'),(5,'garrisongary',43,223.79,'Personal result food health add garden. Mrs baby the authority. Condition week can something bit stand high.\nPattern Democrat sometimes interest among interview significant.',272,'https://picsum.photos/662/30,https://dummyimage.com/748x112,https://dummyimage.com/574x732,https://dummyimage.com/97x648,https://picsum.photos/788/75'),(6,'alyssajenkins',14,358.95,'Least series that career political. Listen authority analysis responsibility door tough town.',121,'https://dummyimage.com/979x180,https://picsum.photos/220/218'),(7,'harrisonjessica',19,21.90,'Defense coach small place tell whatever. Stage single be which bed rise task.\nCold throw health before guy could. Thus whether hard represent.',197,'https://dummyimage.com/718x887,https://picsum.photos/846/624,https://picsum.photos/835/959,https://picsum.photos/965/863'),(8,'kevinsmith',36,960.31,'Fly environment century rule. Rate scene operation fill nature. Project itself suffer.\nOwn doctor difference drive still power focus.',219,'https://picsum.photos/225/863,https://dummyimage.com/743x812,https://dummyimage.com/351x362,https://picsum.photos/667/204'),(9,'ldorsey',8,464.54,'Organization run like question question economic. Church practice game player offer fine.\nA general table game budget many under. Along let person should now clear note.',174,'https://picsum.photos/223/980,https://placekitten.com/931/450,https://picsum.photos/447/260'),(10,'woodardmary',49,141.68,'Mention artist citizen him worry degree. Perform investment thousand daughter.',269,'https://picsum.photos/1008/35,https://picsum.photos/706/310,https://placekitten.com/253/236'),(11,'wendymills',6,995.27,'Among fly create education yourself. Turn him week every town loss site. Thousand charge forget nature.\nWhite consider should health end. Fish tree a. Trial dream much true reveal sign necessary.',160,'https://placekitten.com/94/2,https://placekitten.com/202/386,https://placekitten.com/623/613,https://dummyimage.com/520x768,https://picsum.photos/629/546'),(12,'weberlauren',27,788.47,'Everybody perhaps this that write employee movie. Traditional knowledge life doctor. Magazine behavior son past. Political tend source feeling even determine return.',182,'https://picsum.photos/206/538'),(13,'kelseyjuarez',14,654.17,'May news friend together hour structure cut budget. Interesting ready prepare.',190,'https://placekitten.com/577/975,https://dummyimage.com/32x789'),(14,'diazmelissa',46,259.97,'Election its rather should others occur pull. High whose focus serve hot what focus.',115,'https://placekitten.com/830/712,https://dummyimage.com/665x582,https://placekitten.com/635/238,https://placekitten.com/300/656,https://placekitten.com/296/411'),(15,'ldorsey',30,798.81,'Though art security high. Outside training drive today.\nBody move artist town method. Choose they happy cell guy though. Use join executive organization game push old.',147,'https://picsum.photos/643/924,https://picsum.photos/213/216'),(16,'bishoplisa',11,631.13,'Page appear happy majority oil current. Value remember strategy nation almost recent hour.\nThrough understand into save work role. State east price thank appear.',216,'https://placekitten.com/989/630'),(17,'dboyd',2,988.57,'Suffer research pick through whatever vote believe. Rock method national debate nature floor eye.',66,'https://placekitten.com/727/974,https://placekitten.com/596/278,https://picsum.photos/80/895,https://placekitten.com/620/315,https://placekitten.com/417/747'),(18,'mary84',25,993.29,'Six no something old allow play vote bring. People area scene professional focus.\nReach likely home vote.\nHard interview system term dog lay. Vote key situation citizen able term.',21,'https://picsum.photos/507/994,https://placekitten.com/692/942,https://placekitten.com/476/460,https://picsum.photos/396/705'),(19,'oguerra',37,601.21,'Save whose memory scientist. Find man skin study protect.\nDeep pay former accept you fly ground.',120,'https://dummyimage.com/669x286,https://placekitten.com/733/720'),(20,'schmidtdesiree',19,275.17,'Point thank spend summer wrong. Form surface difference newspaper then church. Soon either during language various property teach.',289,'https://placekitten.com/411/286,https://dummyimage.com/857x799'),(21,'uthornton',19,335.16,'Something first support visit risk. Upon it key what series easy above.\nYear beautiful threat together. Poor ever because same course.',115,'https://picsum.photos/654/317,https://picsum.photos/982/600,https://placekitten.com/290/459,https://placekitten.com/338/319'),(22,'derekmccoy',2,674.39,'Interest explain buy small maybe.\nHealth wide we might town lawyer girl. Maintain dog since he space PM head.',256,'https://picsum.photos/273/641,https://picsum.photos/408/417'),(23,'sean84',19,724.84,'Bring firm for subject adult attack girl. Agency attack check speak source still.\nMuch clear raise yes short call maintain. I wall book drug up.',250,'https://picsum.photos/161/80,https://picsum.photos/218/143,https://dummyimage.com/737x345,https://picsum.photos/572/668'),(24,'davistracy',39,502.96,'You sometimes radio trade able impact. Material boy perform ever. Top former simply eat.\nSeven morning eat speech hand sometimes section. Artist claim general.',92,'https://dummyimage.com/530x663,https://placekitten.com/683/765,https://picsum.photos/426/815,https://picsum.photos/413/25'),(25,'marknorton',17,551.73,'Save yet off ready enough to ago. Against build clearly great including world individual. But soon low page simply too.',251,'https://dummyimage.com/315x793,https://picsum.photos/250/465,https://dummyimage.com/521x287,https://dummyimage.com/767x246,https://dummyimage.com/344x700'),(26,'collinjacobson',30,434.19,'Evidence scene blue green especially. Quality trade weight argue.',285,'https://picsum.photos/1011/679,https://placekitten.com/271/911,https://dummyimage.com/935x14'),(27,'owood',36,192.26,'Ready operation after risk production evening hour.\nReport others especially law course several former. Company woman address work kid later during.',72,'https://picsum.photos/314/678,https://placekitten.com/947/825,https://placekitten.com/423/834,https://placekitten.com/108/217,https://placekitten.com/738/134'),(28,'jennifer05',32,560.73,'May tax source significant. Great music stand treatment memory determine. Charge loss wait worry organization. Responsibility left need.',177,'https://placekitten.com/670/146,https://placekitten.com/668/648,https://picsum.photos/924/248'),(29,'ryan50',6,699.05,'Million over on old partner positive put someone. Condition boy generation actually hear.',178,'https://placekitten.com/1002/698'),(30,'vowens',7,268.94,'Network hair us far daughter everybody feeling. Real Mrs way contain must paper. Conference room be great light he. Investment and apply.',253,'https://picsum.photos/510/760,https://dummyimage.com/732x938,https://placekitten.com/333/536,https://picsum.photos/958/187,https://placekitten.com/41/239'),(31,'psmith',49,324.22,'Recent receive attorney test high project. Art employee wear member author government. First official opportunity strategy simple agency miss.\nRead yet compare statement population.',92,'https://picsum.photos/729/784,https://dummyimage.com/59x260,https://dummyimage.com/461x429'),(32,'duranlisa',4,502.10,'According would range condition position executive.\nAdmit area small cultural. Against free kid might use recognize.\nHigh nor dog manager few plan middle. Guess within together kind.',277,'https://placekitten.com/293/887'),(33,'bryanmorales',16,741.81,'Join but investment rise customer message maintain. Responsibility we value choose.\nStudent weight against church difference. Pay figure idea total too at car.',95,'https://picsum.photos/890/952,https://placekitten.com/647/222'),(34,'julia46',36,241.69,'Light cup work common range. Meet education west write hit any.\nMajority record whose us general general. It capital agreement weight real wish. Concern those condition fish realize.',40,'https://dummyimage.com/798x490,https://placekitten.com/130/509,https://picsum.photos/503/643,https://placekitten.com/704/312'),(35,'fkeith',13,82.77,'Prevent lead sometimes dinner adult mother. Station role own enter.\nPlant leader read shake. War statement game beautiful law.\nAhead subject size. Tonight special town star outside.',123,'https://dummyimage.com/964x943,https://dummyimage.com/108x125,https://picsum.photos/127/307,https://placekitten.com/114/39'),(36,'jbrown',7,458.96,'Campaign expect right detail you. Floor population public present.\nCompare land assume effect. Land technology own blood customer when. Couple expect financial how various reality later wrong.',122,'https://dummyimage.com/47x528,https://picsum.photos/619/1011'),(37,'kpitts',41,26.57,'Rise artist speak bill sign society here. Officer note year assume far skin. Science cell land behind history picture. Process serious bill moment data.',144,'https://picsum.photos/185/49'),(38,'scott04',26,666.21,'Teacher successful carry blood million their. Similar what show.\nMaybe house main many. Wait cover establish natural moment certain.',232,'https://placekitten.com/849/39,https://picsum.photos/513/899,https://placekitten.com/116/59'),(39,'hwilson',5,222.88,'Voice business less Congress space. Dinner along space head red produce campaign hot.\nBusiness live identify yard into condition explain we. Experience may TV.',126,'https://picsum.photos/259/614,https://picsum.photos/706/500'),(40,'xwhite',28,236.04,'Pm fact crime letter member. Build administration personal lawyer beautiful tree north. Consumer two shoulder several program over.\nPush sound energy.',300,'https://picsum.photos/491/906,https://picsum.photos/232/960,https://picsum.photos/319/50,https://picsum.photos/362/176,https://dummyimage.com/1003x506'),(41,'tyler05',15,268.64,'Site imagine detail onto. Official law significant moment hair kitchen life. Begin enjoy when big matter debate tonight.',59,'https://dummyimage.com/421x987'),(42,'chase43',43,330.06,'Quite tree here already them without. Eye business early. Study away indicate watch public.\nUsually sing recently those serious. Report TV single me talk.',82,'https://placekitten.com/648/574'),(43,'thomas73',19,380.65,'Body rest bit something decide. Fill long represent tax however later go power. Can hope age get middle kid soldier.\nReach according country.\nCall value whom plan. Card direction create.',119,'https://placekitten.com/796/716,https://dummyimage.com/276x332,https://picsum.photos/641/103'),(44,'julia46',50,853.02,'Mrs color before way. Too imagine offer table year.\nMore occur none maybe. Note quite nor later.',18,'https://dummyimage.com/289x229'),(45,'hwilson',32,937.85,'Game of kind fire conference admit they.\nAgo site baby data entire just air. Exist once eight certainly.',22,'https://placekitten.com/240/508,https://placekitten.com/69/598,https://placekitten.com/77/675'),(46,'latasha52',3,109.36,'Page I morning poor hand just visit. Phone board eight language. Spring design film middle media.',58,'https://placekitten.com/907/280'),(47,'amycollins',37,19.87,'Pressure best health but. Civil pressure pass south eight firm. Season town common television own.',37,'https://dummyimage.com/293x716,https://picsum.photos/628/125,https://picsum.photos/344/53,https://picsum.photos/144/856,https://placekitten.com/951/105'),(48,'cmurphy',38,220.76,'Walk challenge friend result cut provide. Amount several throughout past. Outside scientist international financial lose dog.\nCondition old page could. Prove until store list want already laugh.',233,'https://placekitten.com/77/111,https://dummyimage.com/649x1010'),(49,'riosdavid',10,535.68,'Course leader civil season of care light. Main movement physical threat series. Reflect past green available sing.\nLess ask speech heavy. Consider make trip cultural town.',136,'https://placekitten.com/856/736,https://placekitten.com/932/960,https://dummyimage.com/646x990,https://placekitten.com/1012/411'),(50,'latasha52',29,871.38,'Avoid have article exactly. So serve become final grow.\nHer consumer require surface summer community. Behind too father material. Public expert back front and loss.',273,'https://placekitten.com/754/186,https://picsum.photos/590/268,https://placekitten.com/431/899'),(51,'dwaynesolis',29,806.24,'Matter floor little few piece speech wonder. Popular door skill show.\nCard service eat why everybody have. Protect season show difference at. Media year drug maintain source.',254,'https://picsum.photos/791/816'),(52,'nhoover',15,784.28,'Unit hot owner young sure million. The time notice.\nGive opportunity move organization list. Class establish position doctor usually type section. Traditional draw decade capital leg manager.',129,'https://placekitten.com/867/560'),(53,'frank25',45,268.84,'Fly season society administration son street task school. Agency lot heart. Social official meet allow place behind left.\nWhich west week in.',228,'https://dummyimage.com/220x371,https://picsum.photos/918/253,https://dummyimage.com/491x454,https://placekitten.com/919/809,https://dummyimage.com/543x95'),(54,'psmith',20,344.05,'Whatever air according all.\nMachine fight investment. Make over plant color since. Nation other job care tough laugh Mr.',255,'https://picsum.photos/502/806'),(55,'virginiakelley',10,13.35,'Very high color agent partner later. Especially gas best suddenly.\nEffort receive either rock five. Artist better window line his population. Investment there film.',86,'https://placekitten.com/274/636,https://dummyimage.com/291x839'),(56,'christiankelly',8,363.77,'Rich six he turn speak way. Southern difference example case up size player.',29,'https://placekitten.com/567/288,https://placekitten.com/881/648,https://picsum.photos/327/236,https://placekitten.com/466/156,https://dummyimage.com/436x754'),(57,'mooreruben',14,892.49,'Simple five the huge per life. Number three wear foot. Yard job wide sound task your still.',200,'https://picsum.photos/690/132,https://placekitten.com/74/175,https://placekitten.com/209/259'),(58,'bryanmorales',22,223.65,'Certain new skin once military affect bed kind. Represent detail create under within worry and. Executive task order modern.',253,'https://picsum.photos/469/523,https://picsum.photos/693/1017'),(59,'cassandralee',19,579.49,'Ago kitchen responsibility front. Law budget join group suffer agent community common.\nAt cause administration girl. Cell day wear exist take suddenly require off. Keep air carry wish figure.',232,'https://dummyimage.com/226x622,https://picsum.photos/562/978'),(60,'michaellandry',34,304.71,'Rise writer two administration again every. Wear change miss after before other country.\nIndividual account film happy. Argue popular century interest there. Describe listen ball color.',266,'https://picsum.photos/182/633,https://placekitten.com/997/275,https://picsum.photos/137/745'),(61,'qcooper',30,737.34,'Computer energy reveal.\nLike method plant part recognize cover. Represent late data admit.\nProvide society Republican garden. Apply successful war your.',48,'https://dummyimage.com/201x50'),(62,'hwilson',5,52.25,'Parent discussion develop magazine work certainly field when. Game score wind poor source.',69,'https://dummyimage.com/154x47,https://placekitten.com/339/814'),(63,'robertopatel',12,846.70,'Million beyond plan.\nIf few near forward soon run fine energy. Doctor response entire control. Lay city thus.\nPressure season performance.\nAccept camera watch think box TV pattern.',273,'https://dummyimage.com/210x766,https://picsum.photos/688/524,https://dummyimage.com/719x4,https://dummyimage.com/172x933'),(64,'kfuller',50,910.09,'Treatment action left administration must party white. Or serious run risk fill effect. Common somebody answer class per feel.\nA above spring member. Term soldier play ground all between forget.',157,'https://picsum.photos/400/941,https://placekitten.com/6/482,https://picsum.photos/813/738'),(65,'christopherhunt',18,336.14,'Material pressure indeed president. Significant technology year.\nCommon his rich serious finally. Scene benefit turn.\nWish growth environment their Congress base table matter.',69,'https://picsum.photos/538/168,https://picsum.photos/820/906'),(66,'davistracy',30,655.00,'Research should sea central environment. Reason page actually yeah deep less. Cut science likely author.',90,'https://placekitten.com/3/936,https://picsum.photos/238/558,https://placekitten.com/200/739,https://picsum.photos/261/170,https://picsum.photos/774/513'),(67,'latasha52',30,370.71,'Not value already east coach. Fear yeah oil important consumer friend use. Care performance dark. So positive individual.',157,'https://dummyimage.com/940x582,https://dummyimage.com/114x18,https://dummyimage.com/349x44,https://placekitten.com/496/9'),(68,'ashley87',39,742.66,'Receive international authority fear send activity blue. Value network international. Subject within report imagine table instead.',272,'https://picsum.photos/753/931,https://dummyimage.com/212x317'),(69,'samuel52',19,368.53,'Make once remain third. Wind describe focus card school we situation. Break blood commercial buy office.\nCourt wonder run church brother. Measure already rule social public laugh perform forget.',56,'https://dummyimage.com/765x419,https://dummyimage.com/269x554,https://picsum.photos/29/208,https://dummyimage.com/300x309,https://placekitten.com/848/965'),(70,'samanthanielsen',17,381.97,'East school training change. Sometimes my too I skin Congress.\nBecome everyone society. Policy food audience too test her really.',283,'https://dummyimage.com/188x671,https://dummyimage.com/921x772'),(71,'pyoder',31,614.62,'Capital position magazine fly hundred allow hour.\nNice long kid out sister three yard. Economy include only approach term campaign. Way pick loss do account.',288,'https://placekitten.com/1023/735'),(72,'xwhite',3,759.89,'Race home mouth area mother why.\nCarry job hit amount ten seem apply.\nStep owner method bad myself. Medical relationship build fine clear.',96,'https://dummyimage.com/525x576,https://dummyimage.com/539x672,https://placekitten.com/274/397,https://placekitten.com/915/997'),(73,'brandonjackson',35,785.75,'Son yeah voice fire run. Describe sense factor during. Only until wide garden window.\nProbably girl cultural west blue such. Kitchen enough word bit question area. About region type doctor look must.',86,'https://placekitten.com/343/968'),(74,'frank25',11,446.06,'Doctor dog education sort than. Color pressure cause region. Assume fact test provide throughout.',230,'https://dummyimage.com/269x844'),(75,'wroberts',28,629.66,'Adult rest investment success pick. Reduce oil dinner let.\nProduct whole once air site shake. Stuff table vote stay gun may bill sister.',91,'https://placekitten.com/901/621,https://placekitten.com/167/104'),(76,'lthomas',12,385.45,'Challenge strong worry event effect alone interesting sense. Lot able may risk media allow. Push tax weight job mother weight still.',23,'https://dummyimage.com/169x129'),(77,'wendymills',47,882.10,'Professor detail knowledge policy live. Discuss teacher before itself. Mouth drive child to little this kind score.',221,'https://placekitten.com/783/302,https://dummyimage.com/477x547,https://picsum.photos/591/415,https://picsum.photos/652/105'),(78,'timothy11',8,123.59,'Decade be sell natural these car. Where mind case feeling. Thank seat set find no station series.\nWe claim whatever thing it difference project. The along last against business seem.',200,'https://picsum.photos/18/240'),(79,'james77',7,207.67,'Very upon base media serious story. Weight road against on movement city. Outside owner perform coach.',124,'https://picsum.photos/583/266,https://picsum.photos/1021/623,https://picsum.photos/884/11,https://picsum.photos/8/927'),(80,'ywest',25,746.92,'Job employee far write thank. Step treatment stock rich. Yeah else condition system keep. They race interview compare design.',20,'https://placekitten.com/613/556'),(81,'jose74',10,910.43,'Agent talk pattern throughout agree. Sell new trouble toward someone artist. Order important everyone.\nMan when manage student. Course should risk skin begin.',17,'https://dummyimage.com/635x279,https://placekitten.com/97/676'),(82,'ldorsey',38,541.78,'Bad job bit clear finish. Newspaper finally reflect way be crime involve common.\nLater somebody could.',218,'https://picsum.photos/389/937,https://dummyimage.com/0x35,https://picsum.photos/342/184,https://placekitten.com/614/639'),(83,'barbaramiller',47,893.65,'Let think me agent main PM improve. Series computer member skin important effort. Claim class knowledge send stuff upon.',137,'https://dummyimage.com/657x767'),(84,'dcummings',4,776.80,'Work law some program. Space ask once same whose especially huge. The certainly listen sign town travel past.\nYeah choose list occur newspaper full daughter. Three poor cover painting cell.',102,'https://dummyimage.com/832x866,https://picsum.photos/342/996,https://picsum.photos/422/409'),(85,'donna83',17,524.17,'In institution couple player heavy story form. Force tonight knowledge fund. As employee technology young tax without hour.\nWhen wonder plan old present growth. Discover mean left perhaps about.',264,'https://placekitten.com/742/178'),(86,'christinaanderson',46,59.64,'They enter road base so green. Around true fear different learn politics type. Pattern central sound reveal. Million citizen discussion Mrs there city.',21,'https://dummyimage.com/796x396,https://placekitten.com/930/959,https://picsum.photos/389/600,https://placekitten.com/369/935'),(87,'fbishop',31,571.30,'Now senior tonight dog. While necessary full weight.\nFill they oil culture appear sport south available.',275,'https://dummyimage.com/233x738,https://placekitten.com/47/279,https://picsum.photos/788/248,https://placekitten.com/634/986,https://placekitten.com/585/817'),(88,'ellen77',37,369.75,'Understand which indeed sure energy people vote. Air keep among ability admit light day.\nWorker music pattern. Voice physical thousand church sell watch half return.\nPlace smile shoulder hot cost.',24,'https://picsum.photos/309/222,https://dummyimage.com/356x829,https://dummyimage.com/1009x253,https://placekitten.com/149/324,https://placekitten.com/933/648'),(89,'cjohnston',3,447.28,'Learn onto education happy common set standard. Share information blue various cell.\nStrong heart most report.',35,'https://dummyimage.com/262x654,https://picsum.photos/716/943,https://placekitten.com/623/781,https://placekitten.com/646/696,https://dummyimage.com/417x795'),(90,'uboyer',48,632.53,'Ready site movement. Entire grow notice past.\nCarry health brother possible head second. Budget nor himself return while skin girl. Too may consider world voice world.',273,'https://placekitten.com/154/606'),(91,'wroberts',23,815.49,'Laugh quite fact challenge reveal. Like probably according part.\nFirst professional mouth stop pattern food situation.\nFinish lot goal return radio many care. Soldier buy wait than order.',95,'https://dummyimage.com/618x921,https://placekitten.com/261/394,https://placekitten.com/1000/226'),(92,'garrisongary',15,141.67,'Study hand know enter statement where describe. Environmental hot product.\nLow record like effect girl. Firm value guy me appear energy yes.',224,'https://placekitten.com/607/120,https://placekitten.com/903/140,https://placekitten.com/419/100'),(93,'ellen77',6,243.41,'Middle country common. Civil number participant green. Relate wall social first way. Hour or stuff several how green clear.',197,'https://picsum.photos/972/417,https://dummyimage.com/490x375,https://picsum.photos/674/282'),(94,'jalexander',15,690.22,'Current day politics. Heavy mean nearly become information from.\nCenter his information. Name suffer cut up minute admit major. Something require great which rest.',125,'https://placekitten.com/561/633,https://dummyimage.com/139x124,https://picsum.photos/752/458'),(95,'elizabethjohnson',49,617.61,'Water company agent care. Later night for member.\nRepresent yes general pick follow. Wear recently truth process expect recognize law. Man along method by different design answer fear.',278,'https://placekitten.com/659/235,https://picsum.photos/846/921,https://picsum.photos/1010/528'),(96,'irodriguez',18,60.84,'Specific lay pressure. Write government generation attention free not family.\nSpeech social figure. Second plant memory oil do however term. Stay will institution live.',287,'https://picsum.photos/688/391'),(97,'dcervantes',13,628.74,'Common teach action important concern quickly. Card manage color station energy very cultural.',184,'https://dummyimage.com/786x803,https://picsum.photos/334/158'),(98,'mitchellscott',42,993.75,'Hard ground their white treat career after. Message sort imagine ahead.\nOthers body sport despite billion. Must president them at now continue.',257,'https://picsum.photos/579/203,https://picsum.photos/992/140,https://picsum.photos/7/943,https://picsum.photos/179/137'),(99,'linda40',35,215.07,'Nature friend cost drive event. Professor experience wall to religious be. Property note early hand small she.\nLikely what religious could.',117,'https://dummyimage.com/531x477'),(100,'justin13',36,82.40,'Plant on possible other. Decade have green ago operation morning item.\nCup Democrat social receive. Adult well low court eye drop performance ever. Stock everybody official plant here break late.',253,'https://dummyimage.com/652x395,https://placekitten.com/232/181,https://dummyimage.com/303x161'),(101,'lhall',18,347.93,'Former west far plant either board. Movement about a sing owner idea.\nLevel since ground account weight. Law name so. I food without large green.',286,'https://picsum.photos/178/254,https://picsum.photos/745/562,https://picsum.photos/760/949'),(102,'christinaanderson',10,111.72,'Face site economic material piece prevent effort.\nReceive hand some couple. How both themselves government former. Republican less degree place close offer both.',95,'https://placekitten.com/490/585,https://picsum.photos/688/979,https://dummyimage.com/366x764'),(103,'christinaanderson',24,500.51,'Never option according top government away. Account cell cold never artist religious.',105,'https://placekitten.com/208/442'),(104,'emarsh',17,506.20,'Human page to off. Physical enter name cost color order. Above arm year almost fact few.\nUse recently happy usually. Sea trouble drug for marriage dark strong. Either special seek agent.',274,'https://picsum.photos/672/305,https://picsum.photos/478/512,https://dummyimage.com/105x837,https://placekitten.com/810/1003,https://picsum.photos/262/656'),(105,'zcopeland',16,735.59,'Approach itself degree not. Agent finish while land anything finally.\nParent enough out modern argue social. Social before treatment ball become who.',300,'https://dummyimage.com/98x39,https://picsum.photos/625/458,https://dummyimage.com/114x208'),(106,'carrollhannah',29,834.24,'Force eat poor rate indeed view. Though head themselves always sense full.',266,'https://dummyimage.com/790x329,https://dummyimage.com/575x669,https://dummyimage.com/461x631,https://dummyimage.com/681x734,https://picsum.photos/140/84'),(107,'scott04',50,12.48,'Ago cut very dream key team tell. Particularly test job how. Although land of fight cup.\nGovernment challenge long.\nFine white animal street stage. Operation news rather open we claim record.',208,'https://dummyimage.com/1008x568,https://dummyimage.com/737x882,https://picsum.photos/811/649,https://picsum.photos/364/160'),(108,'fkeith',19,677.97,'Experience role parent next young. Free power those career result production agent.\nMillion then outside door medical. Local media medical manage friend soldier. East all approach subject for.',165,'https://dummyimage.com/829x180'),(109,'daybradley',47,191.05,'Plant president good. Later expect chance door single give ahead. Approach maybe everybody minute information exactly.\nShort take month policy. Short expert hope ahead wide political.',227,'https://placekitten.com/80/599,https://placekitten.com/290/142,https://dummyimage.com/943x175'),(110,'stephaniehodge',34,478.46,'There miss lot fill list structure century. Rate upon animal behind three several provide.',134,'https://dummyimage.com/89x465,https://dummyimage.com/75x416,https://dummyimage.com/548x525,https://picsum.photos/84/52,https://picsum.photos/437/17'),(111,'wilsonmegan',29,670.71,'Card wrong score defense. Pattern take wait figure section.\nOfficial none area national go child speak. Technology evening wall choice system. Language someone yeah son relationship season.',88,'https://picsum.photos/186/636,https://placekitten.com/480/542,https://placekitten.com/495/300'),(112,'vclark',37,231.35,'Understand name little score. Would together assume race.\nAssume Democrat remain. Difficult use explain. Reveal return trip owner.',162,'https://picsum.photos/683/345,https://placekitten.com/357/1010,https://picsum.photos/543/591,https://placekitten.com/555/365'),(113,'martinezyvette',46,936.74,'Police region although manager. Start about great table. Class owner their according bad fine bank body. Method officer glass.',300,'https://placekitten.com/818/859,https://dummyimage.com/612x303,https://dummyimage.com/611x964,https://placekitten.com/856/512,https://placekitten.com/912/193'),(114,'cmercado',12,861.31,'However cost to left foot sea nothing. Country middle material staff number receive.\nWestern trial seek appear natural. Threat cell send view. Sign leave item so step design always.',159,'https://dummyimage.com/102x315,https://picsum.photos/317/316,https://placekitten.com/614/835,https://dummyimage.com/518x681'),(115,'mooreruben',35,304.56,'His government interest professional sure require. Common space happen doctor.\nAway poor behind lead. Bed half guess offer state difference. Power already could body.\nProgram share accept.',45,'https://dummyimage.com/90x375,https://dummyimage.com/726x726'),(116,'baileysims',10,868.89,'Address plant growth chair article page. Natural so account eye. Sense ago ask dream attorney various.',270,'https://dummyimage.com/985x170,https://placekitten.com/349/426'),(117,'edward65',18,670.82,'Letter foot east more yeah. Father history single loss receive friend.\nOn care floor special change. Situation high sell mouth. Word such example former hour store husband. Four much clear.',163,'https://dummyimage.com/220x64,https://placekitten.com/869/520,https://placekitten.com/357/17,https://dummyimage.com/78x524,https://picsum.photos/812/922'),(118,'grantjoseph',7,786.96,'Meeting them yes either low. Before doctor when feeling box performance growth see.',196,'https://placekitten.com/857/433,https://dummyimage.com/175x686,https://dummyimage.com/1010x797,https://placekitten.com/648/872'),(119,'jennifer05',10,280.64,'Than represent hospital me truth space somebody lead. Admit rather education seven board.\nAllow see claim remain after onto yard. Investment animal anything country writer parent.',169,'https://dummyimage.com/874x666'),(120,'eric60',28,723.20,'Seat easy take feel such get tree someone. Memory cost keep.\nView suddenly to especially experience who. Seem public happen approach pattern. Old will early peace natural list customer tax.',220,'https://dummyimage.com/32x21'),(121,'spearskaitlyn',21,156.35,'Cause adult eight structure outside better. Tell often stand research door white land.\nTable bill food can teacher individual near miss. Since thing fear free white audience respond.',51,'https://placekitten.com/621/468,https://placekitten.com/351/128'),(122,'michaelwilliams',34,997.33,'Per sport data song enjoy production those. Next six within senior trip election attention.\nPm effort deep high pass. Themselves factor summer top.',184,'https://dummyimage.com/541x271,https://picsum.photos/359/607,https://dummyimage.com/106x393,https://placekitten.com/1004/791'),(123,'derekmccoy',44,85.85,'Language cell one arrive Mrs magazine blue prevent. State one tell information.\nAge think bar from. Probably language turn friend. Fine others chance agency material law.',211,'https://dummyimage.com/856x177,https://picsum.photos/810/371,https://dummyimage.com/651x49'),(124,'lcruz',40,244.66,'My when leg should edge. Deal sit though much particularly or blue.\nOrganization wish security story. Ever physical forget agency station. Agency government everybody process word once.',20,'https://picsum.photos/121/152,https://dummyimage.com/659x23,https://picsum.photos/260/1012,https://placekitten.com/45/501,https://placekitten.com/941/520'),(125,'amandawyatt',5,814.05,'Gun kind into memory. Almost newspaper blood case to. Force involve eye change amount spend play include.\nDeal customer late or tough capital. Reason policy partner upon data field into attorney.',201,'https://picsum.photos/201/875,https://dummyimage.com/495x965,https://dummyimage.com/849x768,https://picsum.photos/270/362,https://picsum.photos/458/652'),(126,'jamie52',3,77.18,'Woman career against day someone into pattern. Fact end day yard recent any face. Myself western protect important financial effect perform score. Among gas hold.',191,'https://picsum.photos/220/465,https://dummyimage.com/602x613,https://picsum.photos/543/825'),(127,'fkeith',8,832.82,'Fear south wall husband home Mr. Whatever everybody product technology discuss recently something. Assume who herself mind line meeting.',146,'https://placekitten.com/557/299'),(128,'peter96',34,836.31,'Him reduce administration travel reveal open strong. Feeling from others source.\nFree when short onto whole meet brother. Sort air without ever debate. Before hope American south special likely.',137,'https://placekitten.com/657/964,https://dummyimage.com/170x136,https://placekitten.com/25/861,https://picsum.photos/914/14'),(129,'carrollhannah',19,833.89,'Not number generation ok his summer. Significant mention wall power raise factor exactly.',237,'https://dummyimage.com/460x288,https://picsum.photos/597/994,https://dummyimage.com/426x478,https://picsum.photos/448/783'),(130,'angela72',46,628.78,'Any budget system about personal. Loss expect at bed section notice expect. Others hotel human draw model stop table.\nFood operation expect public fall car. Carry light night number.',78,'https://picsum.photos/329/161'),(131,'ldorsey',8,674.22,'Develop student senior me make many though trial. Difference magazine main letter shoulder itself response. Approach window hit region.',129,'https://picsum.photos/1000/985,https://placekitten.com/874/384,https://placekitten.com/828/868'),(132,'sallymartin',18,223.63,'Shoulder scientist also where mean. Seem different idea keep Mr figure.\nAll range law campaign. Consumer his side but news. Campaign usually party tend fear.',155,'https://picsum.photos/132/721'),(133,'conniescott',23,206.17,'Hotel job star area together worry several. Student game plan level measure. Away artist store argue education rock dog end.\nDark remain strategy region. Gas dog add though experience.',170,'https://picsum.photos/251/179,https://placekitten.com/997/863,https://picsum.photos/111/37,https://placekitten.com/710/824'),(134,'nbradford',22,689.95,'Loss role different meeting son plant hit. College pretty join sport. Condition machine town what set collection.',22,'https://dummyimage.com/463x157,https://dummyimage.com/396x505,https://placekitten.com/337/951,https://dummyimage.com/462x282,https://picsum.photos/583/285'),(135,'wandaroberts',49,332.04,'Same different suddenly stage. Fall although available.\nMember teacher research key baby product ready eat. Race own stop local. You table gas.',65,'https://picsum.photos/832/850,https://picsum.photos/720/352,https://dummyimage.com/139x45,https://placekitten.com/486/532'),(136,'derrickturner',39,798.63,'Manage ahead identify. Miss stage speech.\nAcross group fast mouth although table practice. Think why capital leg. Television know individual score heart benefit cause.',90,'https://placekitten.com/857/511,https://dummyimage.com/862x238,https://placekitten.com/253/70,https://dummyimage.com/39x838,https://placekitten.com/669/506'),(137,'jared41',13,794.27,'Without tonight since mean resource campaign expect away. Including she bring finish. About way stage seem everything left.\nUsually of want. Check environment owner add like. Rise pull official talk.',141,'https://dummyimage.com/70x610,https://picsum.photos/454/676,https://placekitten.com/504/89,https://placekitten.com/280/871,https://picsum.photos/657/881'),(138,'philiptorres',1,309.51,'Happen employee close I best clearly role. Upon memory television knowledge.\nMillion radio skill nation great. Station wait nor reduce us dinner. Over forward drug score pick sometimes possible.',110,'https://picsum.photos/206/1005,https://picsum.photos/544/618,https://picsum.photos/572/902,https://picsum.photos/557/187'),(139,'christopherhunt',47,393.85,'Team though center the. Court education organization understand decision force million forget. Example defense moment their figure such. Decision board day indeed difference.',11,'https://picsum.photos/372/181,https://placekitten.com/385/832,https://dummyimage.com/1022x1001'),(140,'barbaramiller',14,403.07,'Yes together true than identify. Cause book stop success.\nOut cut carry thought tell senior. City form author dog. Third pay woman American control change wall.',294,'https://picsum.photos/221/707,https://placekitten.com/391/740'),(141,'brewerjanice',43,55.95,'Plant help drop. Teacher but agency.\nCollection before executive sit guess guess. Teacher quickly chair one role. Trade claim player.',163,'https://dummyimage.com/839x548,https://picsum.photos/991/362,https://dummyimage.com/268x506,https://dummyimage.com/997x91,https://placekitten.com/753/508'),(142,'wmata',5,787.08,'Scientist training rich morning other. Their check serious realize traditional a. Might with start base attorney.',274,'https://placekitten.com/424/858,https://placekitten.com/704/584,https://placekitten.com/262/465,https://placekitten.com/6/670,https://placekitten.com/941/1005'),(143,'richardparker',21,701.92,'Television debate husband recognize treat. Couple consider fly space. Side clear good feeling nothing space against.\nStrong road those national above home level throughout.',166,'https://dummyimage.com/667x968,https://dummyimage.com/882x962,https://dummyimage.com/352x443,https://placekitten.com/852/794,https://picsum.photos/669/84'),(144,'vickie56',16,920.95,'Skin budget explain spend institution former still. Forget few think no yeah.\nNumber claim manager bring. Exactly market against partner fight happy. Site rise than us store.',55,'https://picsum.photos/219/981,https://dummyimage.com/298x177,https://dummyimage.com/105x741'),(145,'ldorsey',13,396.24,'Stand population him. Morning thing country far course impact.\nBuild out event argue network see. Group security rate always. Trade final suggest service.',120,'https://dummyimage.com/212x773,https://picsum.photos/361/136,https://dummyimage.com/555x289,https://picsum.photos/28/405,https://placekitten.com/114/688'),(146,'johnwise',37,134.25,'He great dog friend. Side assume if old ask. Party fear despite base job.\nBorn report cover customer sea born choice. Tonight let plan specific.',199,'https://dummyimage.com/391x761,https://picsum.photos/205/731'),(147,'kfuller',4,786.33,'Car near decade herself. Think heart class civil learn suggest.\nHim side adult at simply across. Go guess reality street.',257,'https://placekitten.com/906/92,https://picsum.photos/733/581,https://dummyimage.com/841x293,https://picsum.photos/78/665,https://placekitten.com/664/109'),(148,'vsingh',29,33.35,'Design hit somebody material involve involve. Scientist plant visit.\nOwner television leader until treatment. Off check bank positive material at.\nPrevent machine under my.',39,'https://dummyimage.com/618x104,https://picsum.photos/537/434,https://placekitten.com/433/1024,https://placekitten.com/170/838,https://placekitten.com/944/146'),(149,'grantjoseph',3,530.47,'Large book rate enough goal picture fact. Product letter probably seek might. Building break light soon subject.',30,'https://placekitten.com/701/572,https://picsum.photos/866/816'),(150,'xbarrett',47,636.28,'East term cut grow indicate. However up pick wear. Player require similar knowledge two throughout eye here.\nFor voice learn anyone. Risk TV foot occur issue sport idea.',71,'https://placekitten.com/722/744,https://dummyimage.com/167x782,https://dummyimage.com/175x572'),(151,'martinezkathleen',32,213.68,'Wish than treat stop heavy wear him book. Include of minute professional phone painting. Build individual evening present case eat offer.',292,'https://picsum.photos/831/505,https://placekitten.com/490/56,https://dummyimage.com/655x8,https://picsum.photos/909/600'),(152,'joycewashington',2,158.73,'Foreign program wait than.\nBut traditional safe company represent. Either discover serve fight her child. Past hotel half offer hard.\nImage threat central that decide responsibility but.',96,'https://picsum.photos/289/309'),(153,'james77',21,619.07,'Machine heavy by bad never ahead. Building level majority edge reflect word whatever.',51,'https://placekitten.com/955/1004,https://picsum.photos/169/631,https://placekitten.com/873/273,https://picsum.photos/239/571'),(154,'kpitts',14,643.87,'Great international serve sea lot human attention buy. Place south available memory compare perform where agreement. Put building do direction analysis quite both.',173,'https://picsum.photos/553/6,https://placekitten.com/502/213,https://dummyimage.com/201x458,https://dummyimage.com/588x111,https://placekitten.com/774/44'),(155,'duranlisa',25,863.43,'Eat pull mind himself his upon. Story industry fire culture mouth around phone green. Write nothing already enjoy.\nNear sense hospital quite also. Property chair trade over major own.',48,'https://dummyimage.com/659x378,https://placekitten.com/274/639,https://picsum.photos/758/790,https://picsum.photos/102/677,https://placekitten.com/853/195'),(156,'sean84',17,362.74,'Discover Democrat if. Official day society behind night stock social. Court away several home. While structure send.\nMeasure same relationship customer.',231,'https://dummyimage.com/747x519,https://placekitten.com/552/675,https://dummyimage.com/869x615,https://picsum.photos/671/35'),(157,'gatesjeremy',46,662.50,'Prove similar adult say rate star understand. Campaign wait hold.',43,'https://placekitten.com/613/398,https://dummyimage.com/241x792,https://picsum.photos/536/731,https://dummyimage.com/924x273,https://dummyimage.com/640x281'),(158,'kpitts',6,166.51,'Floor down simply apply myself. Discuss power so easy director able. Draw money six happy.\nArgue your consumer east last difficult politics high. Whom add opportunity along affect its since.',272,'https://picsum.photos/668/301,https://picsum.photos/446/133'),(159,'glawson',42,712.16,'Style inside drive cold recently happen. Federal follow system information little particular true. Health become player data occur. Car front short last computer.',13,'https://picsum.photos/586/434'),(160,'justin13',14,71.99,'War dinner age per. Environment project moment city so method question.\nAs buy late. Street fight huge bar dark quite.',35,'https://dummyimage.com/76x956'),(161,'samanthanielsen',5,798.91,'Save finish sea natural thought. Pull able term live along contain.\nSign people south each fill company vote wall. Physical they process player look material. Travel animal program side.',17,'https://placekitten.com/339/757,https://dummyimage.com/876x1011'),(162,'grahamdebra',48,19.95,'Win issue establish. Son bed treatment bit generation.\nLast case official would hair organization.\nLead program long better. Edge every treat half. Live commercial stop series occur land five.',242,'https://dummyimage.com/1x123,https://picsum.photos/964/1017,https://dummyimage.com/24x837'),(163,'joelmay',43,482.20,'Specific strong reason baby end concern. First you note major fire.',14,'https://dummyimage.com/344x92,https://picsum.photos/447/546,https://placekitten.com/280/619,https://dummyimage.com/702x1006'),(164,'tiffanybarry',46,632.48,'Need various vote sense investment. Important company around treatment customer. Me represent population sound model.\nRed other she. Onto big whom program deal way.',125,'https://picsum.photos/85/577,https://placekitten.com/360/669,https://placekitten.com/465/569'),(165,'sierra19',2,287.68,'Yes grow about because away. Though Congress staff movie scientist.\nRich quality organization their pull. Situation professional compare million political. Particularly try floor either end.',168,'https://dummyimage.com/530x199,https://picsum.photos/983/703,https://picsum.photos/949/337,https://dummyimage.com/49x722'),(166,'jbrown',5,191.09,'Perform sure toward machine hand. Avoid home may.\nElse who a traditional loss. Republican would doctor doctor natural hour exist.',281,'https://placekitten.com/62/962,https://dummyimage.com/709x126,https://dummyimage.com/630x132,https://dummyimage.com/679x881'),(167,'samantha76',35,667.48,'Summer case too environmental catch. Recently sea air none attention successful. Oil important door beat open anything nature. Hit certainly often discussion.',210,'https://placekitten.com/385/449'),(168,'timothyfrazier',20,81.58,'Choose who along price. Pull energy daughter in memory apply put. Let century old hold accept trip soldier.',295,'https://placekitten.com/970/1012,https://picsum.photos/763/970,https://placekitten.com/811/839,https://picsum.photos/839/435'),(169,'westandrea',24,159.48,'Computer figure long avoid. Resource consider consumer can Democrat character. Color successful majority whatever star member.',68,'https://placekitten.com/617/988,https://picsum.photos/452/987,https://picsum.photos/847/558,https://dummyimage.com/392x111,https://placekitten.com/912/299'),(170,'dwaynesolis',46,886.15,'People south compare need. Until effort machine spring whom. Institution company upon scene feel Mrs peace.\nSound city traditional sell. Work eye big herself decide hit knowledge.',272,'https://dummyimage.com/773x365,https://dummyimage.com/362x521,https://picsum.photos/197/194'),(171,'ywilkerson',49,678.56,'Sometimes important type figure science. Ever wish site top less while.\nImagine give through central lose. Everyone choice occur eye. Order lead in talk edge.',274,'https://placekitten.com/797/252'),(172,'qmendez',35,394.40,'Strategy position image drop. Something bring hour key maintain. Party figure pretty face yet away more.',90,'https://placekitten.com/420/219'),(173,'qcooper',2,223.69,'Site least security structure produce subject foreign. Only note cultural marriage. Attorney policy reveal into debate oil.',19,'https://placekitten.com/385/403,https://dummyimage.com/1011x760'),(174,'bgarcia',42,130.19,'Say technology religious PM international stuff. Old skin on health course might hard.\nGarden ground activity feel whether they maybe. Affect control throw catch.',64,'https://dummyimage.com/302x909'),(175,'qcooper',42,498.21,'Small speech computer machine actually. Might station impact better candidate try. Act keep enter others. Page create sea simply send.',242,'https://placekitten.com/803/302,https://placekitten.com/352/661,https://dummyimage.com/107x824,https://picsum.photos/237/333,https://dummyimage.com/434x326'),(176,'ismith',44,510.89,'Could forward weight increase. Thing answer course during mention.\nLose seek article way example. Enough song field point year.\nCold appear worry real. Rich while century guy red.',177,'https://picsum.photos/916/517,https://dummyimage.com/531x756'),(177,'jared41',3,608.99,'Right marriage media standard environmental item cover. Oil talk help issue. Strategy word kid herself.\nHigh forward church. May visit child after by central room.',34,'https://placekitten.com/375/608,https://placekitten.com/843/888'),(178,'wallacemargaret',31,640.76,'Perhaps letter enjoy because city anyone may. Than say when outside respond television.\nPrevent bill feel money term treatment buy source. Indicate toward whatever through.',199,'https://dummyimage.com/188x956,https://dummyimage.com/566x985,https://picsum.photos/292/259,https://placekitten.com/803/285,https://placekitten.com/741/74'),(179,'emarsh',23,408.12,'Realize environmental cost. They born soon.\nEveryone want next avoid lawyer the stop wind. Happy group pretty determine network. Take change group range.',154,'https://picsum.photos/983/989,https://dummyimage.com/599x516,https://dummyimage.com/651x719,https://picsum.photos/628/746,https://dummyimage.com/62x318'),(180,'elizabethjohnson',30,869.95,'Check catch purpose let. Call draw everyone middle woman worry person. Degree miss during likely possible safe wish.',174,'https://picsum.photos/391/684'),(181,'prestonzachary',14,316.14,'End hold fill hot back doctor. Church seem always different continue young nature. Raise worker sound threat. Point sense government stay find care must debate.\nAlso skin her point none.',248,'https://picsum.photos/659/593'),(182,'weberlauren',36,40.09,'Rise cost truth Republican medical resource fly. Lose born ball. Notice go police protect soon local.\nStrategy next scene catch question always discover. Figure middle prove laugh.',137,'https://dummyimage.com/623x825,https://picsum.photos/440/181'),(183,'nhernandez',34,513.60,'Debate arm hundred there movie fish face. If actually improve seek water indicate since never. Decision month about why not during team accept.\nBeat if stop. Republican boy raise moment wear.',188,'https://dummyimage.com/621x433,https://dummyimage.com/301x176,https://placekitten.com/955/993,https://dummyimage.com/487x568'),(184,'samanthanielsen',33,166.48,'Somebody foreign woman positive today generation situation point. Bank however brother lose type major. Carry machine activity through above attack not.',182,'https://dummyimage.com/80x467,https://picsum.photos/449/300,https://placekitten.com/369/724,https://dummyimage.com/290x72'),(185,'reevesjoseph',25,684.68,'Offer partner another cover determine amount candidate. Decade today whether poor. Answer claim sit yes.\nMoney bit thing artist seat. Make doctor father seven mother tax suggest.',80,'https://dummyimage.com/722x459'),(186,'kimchristopher',20,754.37,'Consider back information or owner pull. None floor writer necessary.\nConcern defense future center man. Relationship perhaps discussion bit old fire.',259,'https://dummyimage.com/223x303'),(187,'harrisonjessica',3,470.58,'Ready heart song watch poor. Left indeed dinner anything way. Culture issue way office finally.\nParent late time point any require whom hospital. Necessary determine list team task garden represent.',97,'https://dummyimage.com/786x602,https://picsum.photos/614/471,https://placekitten.com/163/293,https://picsum.photos/626/537'),(188,'martinezyvette',50,714.39,'Purpose cover local trial. Factor trade structure everybody ask admit identify. Interesting a government quickly.\nPut necessary agent describe.',289,'https://picsum.photos/763/413,https://placekitten.com/577/1002,https://picsum.photos/296/263'),(189,'irodriguez',4,261.61,'Ready possible financial represent tell agency.\nAdministration hundred movie economy audience network. Career Mr available possible him. Article likely during star life.\nImage stage boy.',294,'https://placekitten.com/832/127,https://picsum.photos/43/900'),(190,'wallacemargaret',20,402.69,'Alone ever under. Write not talk about but table. Month Mr expect receive where too.\nDeal style laugh city thought expert. College at article early inside address student.',48,'https://picsum.photos/921/683,https://dummyimage.com/686x173,https://placekitten.com/382/567'),(191,'brandonjackson',33,992.30,'Thousand strong simple.\nStory table own lay. Anything chair finally center. Near something performance quickly school.',261,'https://placekitten.com/489/309'),(192,'cowen',39,169.01,'Develop administration thank conference similar man. By visit option able radio plant apply story.\nAssume hotel test how customer market outside. Effort pick provide site data risk.',242,'https://placekitten.com/146/779,https://dummyimage.com/32x69,https://dummyimage.com/827x58,https://dummyimage.com/791x673'),(193,'conniescott',45,630.19,'Security prove next investment agree management mind. Production customer read.\nAround safe across which rock. Season similar which save follow. Pressure group parent word relate upon short.',51,'https://placekitten.com/245/819,https://picsum.photos/652/355,https://picsum.photos/58/880'),(194,'irodriguez',25,709.32,'Spend late capital sound issue take. Share especially control. Should bag successful speak call establish. Employee fire third move few.\nIncrease cost pressure let. Responsibility source about.',93,'https://dummyimage.com/752x474,https://dummyimage.com/41x698,https://picsum.photos/307/890,https://dummyimage.com/291x229'),(195,'michael68',42,755.80,'Food president both contain eight goal. Southern west approach kitchen natural price hear.\nTravel but wish. Already study by drug. Career team front reality myself south.',217,'https://picsum.photos/107/134,https://picsum.photos/379/786'),(196,'rkim',41,899.77,'Building opportunity majority natural must dark. Can action college after fear television. Baby police term gun consumer.',27,'https://picsum.photos/162/561,https://picsum.photos/1001/253,https://picsum.photos/596/203'),(197,'dluna',22,757.64,'Again central something year ago letter shake. Each thank store west. Lay become rest.\nFuture fact institution throughout range. Bag life expert quite run machine move.',108,'https://picsum.photos/431/81,https://dummyimage.com/707x834'),(198,'dcervantes',12,320.86,'Without always notice build human. His example hope style back study education. Sport forget civil message. Society economic voice final.',171,'https://dummyimage.com/862x278,https://placekitten.com/25/875'),(199,'john16',45,209.87,'Apply name development itself. Answer challenge TV member fire argue. Prepare per fight lead morning particular guy.',132,'https://placekitten.com/254/502,https://placekitten.com/792/619,https://dummyimage.com/393x1012,https://dummyimage.com/798x879'),(200,'brewerjanice',19,423.02,'Still reason my American figure. Federal wear international should evidence person left.',144,'https://picsum.photos/48/575,https://picsum.photos/245/591,https://picsum.photos/587/1002,https://placekitten.com/625/45,https://placekitten.com/175/634'),(201,'pstephens',28,266.68,'Mrs couple popular plant us nature avoid. Piece policy put the stand seat character. Yet memory third bad shake pretty rule.\nPay imagine institution pretty talk ground. Hair sit she personal.',174,'https://placekitten.com/945/951'),(202,'mathisrachel',27,269.05,'Maybe smile wind that number she. Different parent show interview traditional lot of.\nMoment probably body majority hour world. Process cause involve.',266,'https://picsum.photos/708/725,https://dummyimage.com/222x196,https://placekitten.com/926/156'),(203,'mitchellscott',7,413.70,'Realize receive source final other election. Them garden at a quite learn feel.\nBoard us miss rich. According parent drug however assume case. Scientist where run determine red.',207,'https://dummyimage.com/58x98,https://dummyimage.com/738x113'),(204,'ismith',30,301.86,'Low accept anyone. Place watch yeah just care effect sing expect. Force consider respond what. Not shoulder air other every.\nEver risk see kind guy send capital.',111,'https://dummyimage.com/949x112,https://picsum.photos/879/986,https://placekitten.com/114/611,https://dummyimage.com/169x786'),(205,'muellertony',44,60.99,'Not leader read blood.\nTerm race factor learn south too. Bar garden expert find suffer movie argue physical.\nPhone him behind act. View letter rest pull on smile.',64,'https://picsum.photos/538/317'),(206,'wallacemargaret',43,123.28,'Foot modern challenge catch different bar source. Book road magazine. Where design painting drive.\nRoom area state throw mean how hold. Authority able next interest certainly. Table room party.',105,'https://dummyimage.com/627x870,https://picsum.photos/953/850,https://placekitten.com/241/525,https://dummyimage.com/702x616,https://placekitten.com/424/734'),(207,'collinjacobson',33,104.74,'Easy consumer pay common. Away dog indeed believe. Him between decade discover despite family analysis.\nChallenge professional wall carry product majority. Ground staff work.',229,'https://dummyimage.com/1x220,https://dummyimage.com/163x641'),(208,'larsonmichelle',49,604.20,'Assume person exactly brother determine hand. Majority pattern old mean as word. Side place stay.\nArticle spring picture camera door against service.',39,'https://picsum.photos/858/835,https://placekitten.com/899/4'),(209,'martinezyvette',18,406.55,'Within enjoy color piece treat human decade. Along certain statement it budget.\nCell feeling capital prevent drive. Radio daughter threat rather data hope.',5,'https://picsum.photos/632/483,https://picsum.photos/154/1023'),(210,'spearskaitlyn',34,333.08,'Whether easy past political. Main food five line.\nAgreement very one grow oil job. Morning society front. Agree able upon pass myself.',298,'https://placekitten.com/623/718'),(211,'wendymills',15,22.51,'Treatment final laugh body. Suddenly increase pull brother nation. Fight station do outside mind data young.',118,'https://placekitten.com/945/357'),(212,'wallacemargaret',3,537.01,'Class executive under evening world forget left. Name poor record thank.\nArm tough hundred. Determine cut explain prevent another third wrong. Natural ball tree summer body.',299,'https://placekitten.com/460/310,https://placekitten.com/610/508,https://dummyimage.com/625x665'),(213,'castilloclaudia',39,916.73,'Material voice so best attention discuss four. Listen certain much research responsibility which them.',151,'https://picsum.photos/19/385,https://placekitten.com/119/0'),(214,'cmurphy',3,306.27,'Vote wind lawyer top message. Dream foreign its leader. Pm year remain low data.\nProcess eye buy remember someone. Region free big agent all foreign.',110,'https://picsum.photos/20/614,https://placekitten.com/47/1009'),(215,'derrickturner',42,156.01,'Military media floor do activity eat. Because meeting our yet. Sit floor but media magazine poor performance. Red heart pick administration former material.',54,'https://picsum.photos/601/755,https://placekitten.com/731/129,https://dummyimage.com/319x832'),(216,'uboyer',26,448.52,'Author reach share far authority. Back cut authority offer performance difficult more. Go crime decision piece consider person.\nMr rule begin radio treatment. Live enjoy foot scientist energy.',203,'https://picsum.photos/611/340,https://dummyimage.com/453x888'),(217,'richardparker',37,727.33,'Own sense close indicate control herself author baby.\nIdea practice clearly once relationship thing. Nothing check drug third condition. You next perform ball business.',55,'https://placekitten.com/661/980'),(218,'brian60',21,475.74,'Maybe college whatever scientist star. By how something policy evening. Bar ball sign half.',182,'https://dummyimage.com/57x93,https://picsum.photos/733/329,https://picsum.photos/703/214,https://dummyimage.com/313x217'),(219,'keith68',5,213.85,'Region central head by of. Responsibility significant prepare human human strategy. How sometimes same difference something.',175,'https://picsum.photos/487/719,https://placekitten.com/159/853,https://placekitten.com/682/28'),(220,'crystal94',17,776.27,'Million contain small look. Lose western public wish want choose. Culture ready sea because stop next work.',213,'https://dummyimage.com/606x632,https://picsum.photos/63/893'),(221,'mdean',38,881.61,'Real walk across point customer station than. Medical window from her while those. Alone continue interest buy.',133,'https://dummyimage.com/665x808'),(222,'williamsdiana',32,101.77,'How relationship PM blood down. To forget education support last ok.\nMillion husband major hospital. Benefit someone they hour face itself heavy. Mean news forget major entire whom condition.',5,'https://placekitten.com/163/299,https://dummyimage.com/740x888,https://dummyimage.com/166x541,https://picsum.photos/940/926,https://dummyimage.com/53x931'),(223,'bharris',2,692.71,'Simple article image whole night feeling partner leave. Hair true my challenge because. Dog page color anyone.',238,'https://picsum.photos/965/134,https://picsum.photos/969/707,https://placekitten.com/906/55'),(224,'fhoward',21,368.60,'Same best our decision rather. Individual really able condition. Heavy include parent.\nSign growth task give interest provide.',19,'https://placekitten.com/179/148,https://dummyimage.com/180x991'),(225,'susan06',24,457.64,'For want character stay production enjoy determine like. Real when protect site.\nGirl agree idea community. As organization day yeah. Network late free order international model.',122,'https://placekitten.com/297/144,https://placekitten.com/68/391,https://placekitten.com/100/138,https://placekitten.com/725/673,https://dummyimage.com/810x221'),(226,'glawson',30,838.62,'Wonder employee rule apply beyond care economy. Brother quickly scientist property something pretty.\nMay realize room weight.',166,'https://placekitten.com/760/299'),(227,'tanyanguyen',16,296.64,'Goal wonder let community herself. At sell last purpose positive perhaps stuff.',239,'https://picsum.photos/979/271'),(228,'ohaynes',47,94.36,'I table thousand very first. Work control time raise mean role culture. Reach attack almost.',85,'https://placekitten.com/555/493,https://picsum.photos/697/787,https://dummyimage.com/593x452'),(229,'carrollhannah',19,970.59,'House on always together continue entire per. Road two next paper notice tree debate.\nIts four that thought focus gun. Across share debate bank Mrs full.',269,'https://placekitten.com/690/291,https://dummyimage.com/256x442'),(230,'travis70',32,16.06,'Upon standard bad single strong toward music. International ability strategy organization out out on fire.\nCity consumer success success mother collection entire. Call professor fall.',124,'https://picsum.photos/450/982,https://placekitten.com/527/889,https://picsum.photos/416/75,https://placekitten.com/540/934,https://placekitten.com/343/39'),(231,'martinezkathleen',42,918.94,'Somebody peace allow group evidence home over long. Lot however speak sure life church road.\nGoal analysis be us professional subject. Tree compare deal the fear try.',48,'https://dummyimage.com/586x946,https://placekitten.com/605/665,https://placekitten.com/251/485,https://placekitten.com/66/92'),(232,'vclark',9,252.42,'Foreign including beyond meeting kind call child. Wrong accept maybe at child.\nOthers father let glass. Foreign reduce send choice executive price billion.',58,'https://picsum.photos/601/719,https://dummyimage.com/1021x337,https://dummyimage.com/246x631'),(233,'daybradley',46,483.00,'Interest effect would prove task as. Wind later population.\nDefense red work somebody. Risk pick whatever speech game fact environmental threat. Argue thing open dog fine voice prove.',36,'https://dummyimage.com/960x633,https://placekitten.com/258/469,https://picsum.photos/749/551'),(234,'michael68',2,424.60,'Increase set relationship hair. Imagine open among himself argue clear success.\nRace bad civil team character situation. Person loss thus deep management within authority.',208,'https://dummyimage.com/305x491'),(235,'michael68',43,720.09,'Medical force fast green. Offer discussion crime young according likely. Foreign look oil magazine. Hour month world option town cover run.',236,'https://placekitten.com/613/875,https://placekitten.com/314/225,https://picsum.photos/843/336'),(236,'nicole22',9,155.23,'Spring all around teach.\nBag score create open few number. Forget me customer step audience.\nArm card their total development yes. Decade could establish couple race.',272,'https://placekitten.com/183/850,https://picsum.photos/976/212,https://dummyimage.com/53x557,https://picsum.photos/342/179'),(237,'johnwise',45,496.24,'Red lot term wonder case. Quality model most name.\nIndustry establish modern trial. Avoid heart side production by great action teach.',98,'https://dummyimage.com/721x169,https://picsum.photos/320/250'),(238,'smithlaura',32,396.24,'Line at attorney. International article tell Republican let director clear executive.\nCharacter who spring. Sport increase task something say relationship. Even whom economy despite.',163,'https://picsum.photos/478/608,https://placekitten.com/630/316,https://placekitten.com/861/137'),(239,'eric60',21,308.60,'Which deep act. Establish place ok always him treat.',102,'https://dummyimage.com/945x526'),(240,'privera',10,369.26,'Draw stage sure discussion sense. Perhaps represent listen final style trial Democrat.\nLevel compare example above. Recently build good carry clearly something.',181,'https://picsum.photos/375/483'),(241,'davistracy',15,471.92,'Former low discuss anyone evidence. Education admit box pull.\nCommercial first choice north able sing bed.\nProduce anyone according inside community. Form doctor hot occur catch too tax.',18,'https://placekitten.com/237/841,https://picsum.photos/539/452,https://placekitten.com/911/118,https://picsum.photos/247/437,https://dummyimage.com/451x771'),(242,'conniescott',46,190.13,'War others analysis operation there deal.\nCouple enough anything car growth level. Clear discussion current inside themselves officer. Become art open popular six head.',64,'https://picsum.photos/111/19,https://picsum.photos/705/377,https://placekitten.com/709/230'),(243,'orobbins',7,676.72,'Idea radio challenge how relationship. Wide sister before. Sea plan because something again sport certainly job.\nEye free bank American lose.',217,'https://placekitten.com/470/619,https://dummyimage.com/642x943,https://dummyimage.com/563x633'),(244,'valenciatodd',13,13.38,'Film for appear.\nPoint far improve near suggest. Price four challenge president help drug early help.',300,'https://placekitten.com/87/419,https://placekitten.com/110/622,https://picsum.photos/309/987,https://placekitten.com/30/879'),(245,'yphillips',17,139.57,'Place student leader. News goal modern game.\nIn discussion government special audience into sort.\nCertainly now defense level.',273,'https://placekitten.com/98/772,https://placekitten.com/655/178,https://placekitten.com/1011/228'),(246,'samuel52',12,860.09,'Party ever chair cold. Seven part Mrs although.\nCommercial realize let father ago. Response sometimes south tell wonder present fast.',241,'https://dummyimage.com/680x661'),(247,'clineheather',44,969.79,'Military such keep loss know trip. Book six even individual serious black knowledge. Increase TV place write change.\nAlso least follow tax along general for quickly. But catch bed happy.',209,'https://dummyimage.com/309x479,https://placekitten.com/6/617,https://picsum.photos/944/466'),(248,'wendymills',12,110.02,'Around identify education tend right rock its. Recently office hold well area state clear. Trouble time attention hold bank.',295,'https://picsum.photos/744/178,https://picsum.photos/985/448'),(249,'kelseyjuarez',34,905.50,'Evening matter inside politics others must. In wind offer weight something face. Word admit minute already friend figure act.\nWorld federal mission defense. High group cause land radio.',97,'https://dummyimage.com/346x352,https://placekitten.com/773/729,https://dummyimage.com/538x652,https://dummyimage.com/926x686,https://placekitten.com/179/444'),(250,'mdean',21,264.47,'Network film amount summer he mother class. Right itself program official brother media employee. Poor grow figure truth program where prevent.',226,'https://picsum.photos/636/250'),(251,'fbishop',45,819.92,'Determine leave fall six. Office visit mother contain. Three lot sense ten everything participant believe. Way environmental where well me father.\nFinal political prove through.',239,'https://dummyimage.com/873x980'),(252,'keithvalentine',37,586.19,'Such prove cultural side step claim.\nWeek safe can television. Season suggest Mrs year expect bank. Size store throughout soldier condition rest sure. International defense reason crime his no.',179,'https://dummyimage.com/55x675,https://picsum.photos/692/886,https://dummyimage.com/456x575,https://placekitten.com/714/407'),(253,'cmercado',22,125.87,'Pm sister entire. Old successful point experience else night. Listen forget matter significant behind.',249,'https://placekitten.com/131/1008,https://picsum.photos/983/793'),(254,'josephmatthew',6,554.71,'Wear city especially network. Toward free itself though work turn fine.\nSeven clear seem. Service reflect matter book.\nBorn mother rate. Owner head various yourself. Coach true change put.',56,'https://picsum.photos/555/667,https://placekitten.com/169/234'),(255,'thomas73',9,269.13,'Safe performance street. Until perform man quality body.\nHappen Mrs issue attack allow last. Art develop no professor. Color woman person.',235,'https://dummyimage.com/71x357,https://dummyimage.com/593x707,https://dummyimage.com/958x185,https://dummyimage.com/84x205,https://picsum.photos/604/1010'),(256,'brewerjanice',12,239.79,'Court black may care. Soldier claim network and machine protect soon.\nMajor per seven information information. Safe collection yeah option.\nPlayer black world.',248,'https://placekitten.com/1009/3,https://picsum.photos/917/514,https://picsum.photos/316/704'),(257,'mooreruben',6,198.38,'Large on senior human tree. Various successful citizen woman away meeting his.\nLife loss fact ok Mr south indicate. Want trip also may. Who five practice indeed north begin.',16,'https://placekitten.com/536/182,https://placekitten.com/165/499,https://placekitten.com/584/482'),(258,'ythomas',48,898.61,'Nearly common find hot common ability read. Money fight federal leader art seat. Edge own possible.\nFull large movement decide sign yeah number.',132,'https://dummyimage.com/95x53,https://picsum.photos/420/786,https://picsum.photos/297/105,https://picsum.photos/220/709,https://placekitten.com/423/567'),(259,'james77',6,787.45,'Traditional part difficult remember rise. Plant reason lead ready official call ten job. Late fact care.\nBoy three public site. Town easy American he.',60,'https://picsum.photos/300/816,https://placekitten.com/652/895,https://picsum.photos/750/416,https://picsum.photos/762/638,https://placekitten.com/691/353'),(260,'meagan40',36,771.14,'Yes every catch attack reveal nation. Along history prepare remain nature himself. Big hope mean area own.',184,'https://picsum.photos/565/896'),(261,'racheljackson',9,980.63,'Dog condition rock Mrs arm wait professional. American number such.\nDetail son late know.',189,'https://dummyimage.com/168x959,https://placekitten.com/529/489,https://picsum.photos/44/374,https://dummyimage.com/684x230,https://dummyimage.com/542x474'),(262,'richard96',15,243.92,'Win central anyone challenge agent. Carry especially entire effect eight police. Activity play inside.\nSecond government performance debate. Technology traditional reality down.',150,'https://dummyimage.com/1021x469'),(263,'stanleywilliam',36,412.01,'Store perform top drug financial throughout. Approach across break you visit.\nWord inside coach growth catch own which. Quite less decide ability. Allow behavior yeah team.',288,'https://picsum.photos/636/661'),(264,'nhoover',10,634.70,'Democratic continue would contain provide modern minute enjoy. Either short always staff occur very hotel.\nIdentify else live issue.\nRace sign mission though. Owner energy quite into.',55,'https://placekitten.com/962/753,https://placekitten.com/726/165,https://dummyimage.com/602x778,https://picsum.photos/951/832,https://dummyimage.com/234x572'),(265,'glawson',48,639.38,'Responsibility society drive. Tend night way official. She hot rather.\nStudy eat morning past. Play around life people bed for. Guy same manager great.',234,'https://placekitten.com/452/8'),(266,'gatesjeremy',8,793.09,'Never trial little official stop great. Able well purpose yeah.\nSimple ready him that population. Today answer role investment lose reason.',141,'https://placekitten.com/391/478,https://picsum.photos/847/549,https://picsum.photos/550/643,https://placekitten.com/613/389,https://picsum.photos/311/986'),(267,'angela72',40,132.52,'Rest free manage property. Rule them different. College energy husband.\nDescribe method interview yard. Simple political often war. Range point turn yeah write college likely.',144,'https://dummyimage.com/593x902,https://placekitten.com/183/709,https://picsum.photos/158/111,https://placekitten.com/745/784'),(268,'prestonzachary',12,128.92,'Discuss few day production who those. Son plant generation key join kind.\nDraw bill out. Sea morning trial increase ready role.',228,'https://dummyimage.com/301x540'),(269,'michaellandry',46,310.48,'Industry he investment player generation war up. Life why population person nearly be.\nSkin think dinner event college. Value from hit truth build treat whose.',89,'https://placekitten.com/72/252,https://picsum.photos/28/661,https://placekitten.com/835/1017,https://placekitten.com/419/446,https://dummyimage.com/736x531'),(270,'qmendez',40,179.55,'New age dinner body. Itself interest place from themselves specific. Paper while road organization single too court. Shake professional green group become.',241,'https://picsum.photos/92/509'),(271,'michael05',18,170.48,'Which enter office color coach good ahead dream. Machine could blue. Company through sea conference him.\nEasy difference bad I join gun. Perhaps store how learn contain.',181,'https://placekitten.com/384/204,https://placekitten.com/739/75,https://dummyimage.com/191x532'),(272,'vross',5,147.80,'Hot among cover itself.\nWear throw until daughter particularly approach mention.\nPass watch bed. Rise include statement answer available attention away.',155,'https://dummyimage.com/899x340'),(273,'qmendez',43,678.84,'Result area girl history. Understand should itself day visit.\nDinner establish upon growth. Establish moment hope new theory player.\nMeeting reveal onto get nothing best less. Or this high two part.',184,'https://placekitten.com/27/886,https://dummyimage.com/490x670,https://placekitten.com/290/509'),(274,'michaellandry',23,739.29,'Finally buy painting kitchen ground. Help view soon program.\nHuge interview hard section thus open. House chance social.',183,'https://picsum.photos/935/817,https://dummyimage.com/973x700'),(275,'barry26',48,80.18,'Particular machine whether may. Section last blue dark nation least business year.\nBenefit accept somebody difference. Impact purpose Democrat reveal line. Area what too want ground art them.',83,'https://picsum.photos/951/724'),(276,'oguerra',41,908.79,'Recognize institution two step.\nCheck professional without street country campaign. Necessary economy development inside.\nUpon growth hope audience. Cut protect fish themselves hair.',219,'https://placekitten.com/687/394,https://placekitten.com/379/401,https://picsum.photos/460/69'),(277,'timothyfrazier',20,270.69,'Best order human. Standard at because ability its.',259,'https://placekitten.com/351/812'),(278,'rkim',33,482.38,'Policy protect something close window participant family. Amount for other individual pattern pretty.',262,'https://dummyimage.com/616x497'),(279,'racheljackson',50,125.76,'Lose less describe bit. Seek pay couple name score once.\nGroup author claim nature still list reflect. Serious glass car office.',221,'https://dummyimage.com/310x765,https://placekitten.com/1003/637'),(280,'cristianpearson',2,698.52,'Themselves none old newspaper. Represent trip teach deep laugh. Send call shake.\nTake stage catch everything note job amount. Value film general. Win determine school.\nThus sometimes woman.',140,'https://picsum.photos/45/784,https://placekitten.com/198/685,https://placekitten.com/423/841,https://placekitten.com/905/135,https://placekitten.com/1008/369'),(281,'ldorsey',47,709.59,'Feel hard catch reach fish expect group likely. Need image agreement support blue.\nAhead rather computer piece half simple. Much whole build kid figure result site.',238,'https://placekitten.com/628/941,https://placekitten.com/248/176,https://picsum.photos/480/104,https://dummyimage.com/803x694,https://placekitten.com/897/479'),(282,'ecalhoun',2,132.54,'Throw energy raise against. Arm figure could hotel. Minute available send instead economy political today.',179,'https://dummyimage.com/745x375,https://placekitten.com/370/859,https://picsum.photos/828/112,https://dummyimage.com/827x779,https://dummyimage.com/417x522'),(283,'wandaroberts',25,727.57,'Television discuss throw Mr get close. Change sea even her full people. Sense southern lead likely production need.',168,'https://picsum.photos/344/715,https://placekitten.com/767/108,https://placekitten.com/246/909'),(284,'kimberly42',44,164.32,'On exactly rule particular. Poor there business piece no.\nAlong pressure community change player property light. Enough will give reach early behind.',20,'https://dummyimage.com/646x433,https://dummyimage.com/179x588,https://picsum.photos/20/910,https://picsum.photos/948/27'),(285,'alyssajenkins',8,24.52,'Fall model fact too fish.\nThey reality woman against business yet argue really. Series hit best message project.\nAbility take white simply statement anyone. Forward seven night room their Mrs.',141,'https://picsum.photos/53/713,https://picsum.photos/1019/799'),(286,'schmidtdesiree',25,768.63,'At how vote against expert light.\nHead society share everyone foot out big. Know owner thank themselves property station hear. Draw son front. Age source page before science perhaps.',206,'https://picsum.photos/370/829,https://placekitten.com/287/237,https://placekitten.com/904/764,https://picsum.photos/167/148,https://dummyimage.com/548x444'),(287,'duranlisa',46,45.63,'Try again goal heart among student respond. Much about life feeling newspaper though level. Health Congress onto window.',91,'https://dummyimage.com/450x624,https://dummyimage.com/958x29,https://placekitten.com/480/782,https://placekitten.com/977/829'),(288,'mathisrachel',43,824.09,'Space throughout walk ahead. It before main fire water might. Serious go oil watch pull nearly would including.',194,'https://dummyimage.com/248x906'),(289,'jeffreymanning',18,235.28,'Church year fill. Music family later big finish. Dog skill new former.\nBed similar fund often let including use. More site way blood why future. Walk life happy affect.',87,'https://placekitten.com/669/543,https://dummyimage.com/166x690,https://dummyimage.com/620x953'),(290,'bharris',28,256.88,'Computer they pass western. Special visit inside new herself operation. Particularly rock foot them. How statement everyone realize cultural.',149,'https://placekitten.com/876/145'),(291,'dunnapril',21,763.44,'Similar easy difficult fall pick tree color likely. Another thought drop data media level put strong. Production many skill central.',107,'https://dummyimage.com/220x657'),(292,'brandonjackson',27,623.46,'Listen put subject during ten. Evidence own worry cold. Mission billion watch through culture lay.\nCapital base admit owner. Hard since half turn degree.',157,'https://placekitten.com/534/620,https://placekitten.com/870/796,https://picsum.photos/291/612'),(293,'cmurphy',47,72.13,'Series clearly heart political mention onto. Year place animal both young throw. Tonight money sport item suffer.\nAs buy forward we parent surface. Rather stop front industry soldier peace available.',4,'https://dummyimage.com/354x710,https://dummyimage.com/78x61,https://placekitten.com/924/470'),(294,'fhoward',50,890.22,'Much American single measure. Establish same until human away parent indeed. Clearly money without four even college.',297,'https://picsum.photos/232/370,https://placekitten.com/946/994,https://dummyimage.com/663x381,https://picsum.photos/799/254'),(295,'madelinehenderson',10,115.75,'Human wide another effort box collection. Team show option happy any hair high. Most job industry meeting society issue soldier bit.',77,'https://dummyimage.com/257x139,https://dummyimage.com/810x552,https://picsum.photos/33/382,https://placekitten.com/357/847'),(296,'jamie52',37,110.97,'Friend let decision stuff room. Democrat daughter month machine. Family field discover piece hit figure pick. Key side arrive low item staff.',223,'https://picsum.photos/517/475,https://dummyimage.com/595x1007,https://placekitten.com/613/563,https://picsum.photos/470/915,https://picsum.photos/359/478'),(297,'wilkinsonelizabeth',39,654.73,'Medical no continue out sense try system. Less building type arrive. Conference research anything least. Sell but run throw religious focus fast least.',91,'https://dummyimage.com/879x958,https://picsum.photos/95/585,https://dummyimage.com/793x159,https://placekitten.com/287/974,https://picsum.photos/922/156'),(298,'john16',33,597.70,'Society race pick physical guess.\nOccur American marriage evening fish seat team. Yet accept public recognize.\nEspecially specific brother doctor radio. Garden step next same.',61,'https://placekitten.com/320/1004,https://dummyimage.com/898x922,https://placekitten.com/637/934'),(299,'virginiakelley',6,705.39,'Rule station forward author deep. Standard north address later truth she.\nTrouble much reach force. Often life my research pick thank economic lot. State important head.',102,'https://dummyimage.com/192x757,https://placekitten.com/381/186'),(300,'owood',10,461.27,'Sense know learn sure. Pressure take father you activity room might.\nAnd prove environment which car authority director any. Such seven power trip free. Clearly until but listen high.',276,'https://dummyimage.com/621x429'),(301,'scottgarcia',45,244.45,'Certainly change military positive. Clearly be politics financial.\nAlone spend tell almost right. Manage window send past security play. Our say tree agency study be.',57,'https://picsum.photos/563/517'),(302,'williamsdiana',34,128.50,'You opportunity move particular Congress. Whole government rock president management.\nFilm mind into environment energy west. Fight everybody cultural condition lay federal standard.',104,'https://picsum.photos/649/984'),(303,'xhill',22,90.40,'Specific coach process material person. Be station the pressure ahead probably someone movement.',173,'https://dummyimage.com/343x753,https://picsum.photos/313/88,https://placekitten.com/302/185,https://picsum.photos/930/105,https://picsum.photos/361/157'),(304,'christopherhunt',2,225.00,'Summer nation gas professor activity along modern fall. Outside around heavy someone.\nInvolve beyond role source put weight. Build soldier single card. Hour visit prevent night while exist.',234,'https://placekitten.com/559/969,https://dummyimage.com/270x76,https://dummyimage.com/616x598,https://placekitten.com/730/111'),(305,'jbrown',15,509.77,'Matter program same process he field. Protect college type suddenly. Level build without modern happen together.\nComputer too face activity. Anyone successful poor work will.',193,'https://placekitten.com/516/775,https://dummyimage.com/979x325,https://placekitten.com/298/542,https://picsum.photos/305/18,https://picsum.photos/835/351'),(306,'fbishop',6,502.42,'How food environment various. Just buy development where. Entire amount way focus picture force. Risk alone reality last dog bill trade.',154,'https://picsum.photos/487/995,https://placekitten.com/388/38,https://dummyimage.com/392x391,https://picsum.photos/339/418'),(307,'xlozano',30,848.33,'Role college foot score increase. Same finish real just price generation. Forget a heart new. Without leave country onto.\nStudy meet dark always. Red exist produce Democrat drug campaign trial.',77,'https://placekitten.com/559/349,https://picsum.photos/833/192,https://picsum.photos/806/498,https://dummyimage.com/786x420,https://placekitten.com/213/108'),(308,'duartebeverly',1,850.82,'Role new try pass matter large. Well end for couple writer hour. Talk carry national.\nFirst firm seven side us perhaps. Of particularly different election.',144,'https://dummyimage.com/8x125,https://picsum.photos/873/879'),(309,'fkeith',45,230.33,'Appear food case girl friend. Ability however article well then to race.',281,'https://picsum.photos/853/372'),(310,'castilloclaudia',33,808.77,'These someone I teach news international property century. Ago easy modern.\nResearch check sit size affect general learn. Effort be maybe key long.',200,'https://picsum.photos/228/896'),(311,'nbradford',46,740.98,'Special commercial second third. Positive side necessary include ten already. Over mention answer choice price remain.',250,'https://placekitten.com/1015/730,https://picsum.photos/415/531,https://picsum.photos/726/675,https://placekitten.com/927/856,https://picsum.photos/1023/430'),(312,'reedwhitney',36,43.00,'Real population grow entire win unit describe another. Quality at make weight kitchen.\nBy ground care practice site. Candidate here by.',292,'https://placekitten.com/1016/197'),(313,'connie90',40,528.90,'Half crime behavior sort work ahead. Crime bill compare friend.\nMedical science discussion task country sure. Compare prove it whose.\nDeep wonder score speak. Traditional eight life suggest.',270,'https://placekitten.com/856/969,https://picsum.photos/1014/282,https://dummyimage.com/680x689,https://placekitten.com/698/777'),(314,'sean84',15,436.94,'Thing surface program painting writer how way book. Meet professor music product.\nHappy reality local list. Than claim military word.',201,'https://picsum.photos/692/752,https://placekitten.com/254/236,https://picsum.photos/153/916,https://placekitten.com/957/233'),(315,'irodriguez',21,462.27,'Decide guess appear world worker. Lay professor history fire. Significant country democratic. Third food education step toward next.',188,'https://dummyimage.com/225x643,https://picsum.photos/533/656'),(316,'justin13',45,805.71,'State since affect these.\nMust bar eye government past option wish account. Scene brother them second government.\nOpportunity exactly according tonight.',119,'https://dummyimage.com/262x1006,https://dummyimage.com/66x233,https://dummyimage.com/359x717,https://placekitten.com/622/222'),(317,'sanchezdonald',47,871.50,'Help box better. Security herself test few financial writer.\nBook stage also worker compare seem. Focus ball college coach ever tell.',300,'https://placekitten.com/741/211'),(318,'bishoplisa',15,712.76,'Shake determine party north room. Yard public democratic relate herself whom everybody.\nCan institution radio skill he bed environmental. Believe movement black area although democratic.',210,'https://picsum.photos/385/566'),(319,'ryan50',20,780.54,'Long management now environmental consider. Body day fill its deal a economic. Until job statement place.\nDifferent pull effort. Boy the tree film fill.\nFear section statement. Night magazine bed.',262,'https://picsum.photos/346/416,https://dummyimage.com/825x554,https://dummyimage.com/38x434,https://placekitten.com/465/758'),(320,'pyoder',30,814.75,'Score when stop beyond. Teach enter whole term six future.\nView section parent wife natural adult watch within. Value throughout like however join relate reveal.',150,'https://placekitten.com/433/433,https://dummyimage.com/841x783,https://placekitten.com/514/970'),(321,'glawson',44,164.70,'Partner remember sound several score sport north road. Last middle far perform current anything man.',236,'https://placekitten.com/589/328,https://dummyimage.com/533x912,https://placekitten.com/820/821,https://dummyimage.com/1003x997'),(322,'angela88',35,922.40,'Partner goal dream understand end among. American indeed set he left newspaper particularly.\nContain campaign ground. Understand past year her child decade. Huge yet official price office final hold.',19,'https://dummyimage.com/83x369,https://placekitten.com/95/610,https://picsum.photos/183/344,https://placekitten.com/203/901'),(323,'ustewart',47,369.62,'Perform past son include. City important investment crime number site.\nEver last per southern up. Important in part word. Five listen individual year most according.',87,'https://picsum.photos/177/237,https://dummyimage.com/192x843,https://dummyimage.com/493x966,https://picsum.photos/746/114,https://placekitten.com/808/370'),(324,'josephmatthew',26,296.24,'Structure teach sense field draw true. Case few Congress career fund. Wall think shoulder compare which yeah listen player. Experience end yeah up charge.',238,'https://placekitten.com/126/461,https://dummyimage.com/598x699,https://picsum.photos/692/333,https://picsum.photos/936/608,https://dummyimage.com/88x103'),(325,'wendymills',48,219.27,'Able itself look everything no. Consumer act least often friend.\nRich size involve interesting. Sing exactly assume born without.',197,'https://picsum.photos/927/598'),(326,'mary84',39,80.25,'Note paper treat according system drug shake. Decide significant put stop themselves organization none. Husband standard Mrs sit prove. Easy modern southern.',120,'https://dummyimage.com/582x710'),(327,'schultzjennifer',36,229.21,'Under west which tonight way. Raise hit see father health war know. Until skin hold cut pressure.',202,'https://dummyimage.com/403x200'),(328,'jennifer05',20,437.30,'Girl act society behind.\nUnit send cover cut fast situation base. Central clearly management picture. Believe join cultural offer attorney.',208,'https://dummyimage.com/172x345'),(329,'reevesjoseph',32,558.46,'Land game five join suggest magazine reflect. Question response page clear Democrat throughout. Tree pretty itself election everyone.',167,'https://picsum.photos/65/583'),(330,'westandrea',30,622.35,'Us upon company. Among stage husband some college. Difficult cultural anyone later art.\nLeg animal example live country plant just. Stuff treat despite alone and.',169,'https://dummyimage.com/887x286,https://picsum.photos/570/62,https://dummyimage.com/754x569,https://dummyimage.com/705x275'),(331,'xweaver',37,736.38,'Our group perform ready send treatment. Performance dark foreign edge arm. None save race shake road pattern.\nDrop recognize carry whom since.',246,'https://picsum.photos/372/117,https://dummyimage.com/440x644,https://picsum.photos/1016/249,https://placekitten.com/992/646'),(332,'hwilson',23,497.97,'Young require interview network movement. Congress sense house authority turn religious leg. Answer ball you car read actually.\nYoung left here pressure onto.',192,'https://placekitten.com/524/768'),(333,'ywest',10,660.01,'Movie letter television sort anything. Hold live others movement situation against find.\nTravel action radio future analysis majority.',95,'https://dummyimage.com/285x139,https://placekitten.com/655/648,https://picsum.photos/768/114,https://picsum.photos/144/650,https://placekitten.com/12/1023'),(334,'baileysims',18,748.25,'Choice agreement wonder product fast.\nFeeling focus open represent you. Identify live forget there available section. Language bed design forget suddenly former.',31,'https://dummyimage.com/306x62'),(335,'castilloclaudia',35,942.63,'Push near few myself Congress least general. News remember tonight agency cause energy say.\nWide leave analysis painting kind service. Force clearly clearly beyond course. Themselves myself wind by.',141,'https://picsum.photos/444/122,https://placekitten.com/553/473,https://dummyimage.com/165x865,https://picsum.photos/541/208'),(336,'tanyanguyen',30,621.74,'Full paper create how need. Like court case age. Soldier prevent long home investment civil right heavy.\nShare beat attack sort join range. Enter among get share.',282,'https://dummyimage.com/601x570,https://picsum.photos/986/267,https://picsum.photos/156/918,https://picsum.photos/458/254'),(337,'djackson',18,691.74,'Fill smile then shoulder rise more.\nPopular manager tough leader step. Character country pressure into arm. Its dark firm agree unit nearly western.\nBuild police two stage government.',237,'https://picsum.photos/953/420,https://dummyimage.com/90x275,https://picsum.photos/368/149,https://placekitten.com/386/893'),(338,'dcummings',7,280.84,'Service prepare network work purpose growth. Bar animal however worry base carry left. Apply try dog find central cup power.',26,'https://picsum.photos/596/275,https://dummyimage.com/348x749,https://dummyimage.com/620x338,https://picsum.photos/391/290'),(339,'djackson',2,827.37,'Plan can institution trip perhaps single together. Tax political past kid difficult tough.',201,'https://placekitten.com/397/414,https://picsum.photos/875/545,https://dummyimage.com/566x329,https://picsum.photos/295/325,https://placekitten.com/722/901'),(340,'fbrown',3,119.84,'Idea six small human service. Mrs break laugh level.\nVarious peace sing agent wide wind. Floor after thing time magazine sign enough. Open build report.',24,'https://dummyimage.com/712x471'),(341,'smithlaura',22,95.59,'Box these along human movement through. Real place responsibility Congress phone wife production half.\nPartner character up message. Other police she field. War model pass.',89,'https://dummyimage.com/231x937,https://dummyimage.com/91x675'),(342,'cassandralee',34,687.34,'Defense feel occur personal she buy century. Bar finish base blue. Fire skill white industry who more process.\nMy each special room wear air. Sometimes century them stuff finally year improve artist.',248,'https://picsum.photos/320/522,https://picsum.photos/198/552,https://dummyimage.com/122x296,https://placekitten.com/333/308'),(343,'keith68',36,576.11,'Service order free human.\nFill some them rather strategy miss beat yet. Drop fear wait point truth. For choose care become science Republican.',215,'https://dummyimage.com/535x383'),(344,'diazmelissa',44,406.84,'Ability now less million market so. Even style fly writer world off card site.\nWhile hundred put consider. Manager loss alone national. Energy suggest station company model current job.',95,'https://placekitten.com/135/628,https://dummyimage.com/810x763,https://placekitten.com/474/861,https://placekitten.com/459/826'),(345,'dcummings',34,615.01,'Share including against fund shake very imagine. Million blood I speech general clear. Be subject learn throw kitchen buy.',215,'https://dummyimage.com/954x99'),(346,'vross',5,858.21,'Free single should beat president inside. Public series present court.\nAir that blue later recognize long. History gun mother prevent drop. Environmental soon nearly son cup around before.',218,'https://picsum.photos/864/512'),(347,'veronicamartin',4,819.36,'Sign begin conference shoulder hotel newspaper new these. Watch interest yard dream kitchen adult real would. Popular field issue impact represent purpose.',184,'https://dummyimage.com/403x5'),(348,'fhoward',2,963.55,'Concern let firm page side college recognize. Something any director station remain fire drug. Maintain hospital look present a.',62,'https://picsum.photos/37/29,https://dummyimage.com/594x342,https://picsum.photos/894/994,https://picsum.photos/52/100,https://placekitten.com/364/106'),(349,'cathywatts',1,743.27,'Should return trouble imagine small word around.\nDinner trade buy forward economy.',246,'https://picsum.photos/122/1015,https://dummyimage.com/515x502'),(350,'cjohnston',46,461.22,'Teach just reveal executive still common. Dream thing off boy describe perform well keep.\nOpportunity teacher best. Similar part fund forward air enough.',239,'https://picsum.photos/554/1017,https://dummyimage.com/757x89,https://dummyimage.com/1000x37'),(351,'baileysims',38,429.45,'Other focus card wrong. Certain deep establish enter wish answer draw up. Military it type west agreement.\nQuickly gun industry pick perform assume citizen.',283,'https://picsum.photos/604/993,https://dummyimage.com/28x982,https://placekitten.com/347/542'),(352,'sallymartin',16,833.44,'Plant write interesting speak seem show most. Young voice society long some.',225,'https://dummyimage.com/381x938,https://dummyimage.com/229x714'),(353,'ohaynes',17,743.25,'Hospital adult himself song possible political into. Current admit style and. Team lose a those.',89,'https://dummyimage.com/789x345,https://picsum.photos/965/388,https://dummyimage.com/854x465,https://dummyimage.com/351x668,https://picsum.photos/963/476'),(354,'christinejohnson',38,201.21,'Among language cut stuff. Continue reason save land bank young color no. Other necessary really finally card difference.',193,'https://picsum.photos/761/790,https://picsum.photos/822/802,https://dummyimage.com/205x683,https://placekitten.com/1004/174,https://dummyimage.com/411x787'),(355,'cmurphy',1,128.93,'Spend employee state through field brother fine. Money security answer charge laugh hold certain change. Woman say ok back computer indicate beautiful.',269,'https://picsum.photos/330/854,https://dummyimage.com/20x232,https://placekitten.com/698/579,https://picsum.photos/291/302,https://placekitten.com/268/126'),(356,'melissa35',17,347.96,'Picture our public someone hard enter onto foot. Culture note effect card baby.\nJob bit lot hot face medical level. Third whom prevent her. Always you something white example drive this.',212,'https://placekitten.com/221/540,https://picsum.photos/567/631,https://placekitten.com/583/1004,https://placekitten.com/887/533'),(357,'martinezyvette',34,219.77,'Politics difficult well expect series religious agreement. Manage cost score.\nLive three military guess. Evidence nothing per. Before officer stop true.',243,'https://dummyimage.com/771x167,https://dummyimage.com/917x473'),(358,'pyoder',40,987.32,'Realize eye back value national lay.\nSite the rest hair exist. Story final several school realize partner film.\nSo tend bank. Page defense understand. Range green growth see she provide likely.',145,'https://dummyimage.com/842x840'),(359,'ustewart',14,317.08,'Find tough eye name first different upon. Cause significant professional reach daughter bank.',169,'https://placekitten.com/1005/257,https://placekitten.com/117/769,https://placekitten.com/825/444'),(360,'kari34',34,214.85,'Street effect agree pretty. Second available cost political sell. Sport occur simple street way use production those.\nUnder person raise music many sport. Thank appear black unit anything computer.',242,'https://picsum.photos/602/517,https://dummyimage.com/958x63,https://placekitten.com/172/390,https://picsum.photos/37/616'),(361,'josephzachary',8,207.37,'Bring compare hard imagine rock top significant. Fish data involve service citizen discuss although.\nLater mouth various security. Month help rise far. Mean hot above scene term either.',141,'https://placekitten.com/411/46,https://picsum.photos/746/479'),(362,'valenciatodd',5,845.23,'Several career coach throw history. Ok mind military program church but free. From picture particular until.',232,'https://placekitten.com/782/500,https://picsum.photos/707/806,https://dummyimage.com/623x254,https://dummyimage.com/943x774'),(363,'melissaphillips',40,762.94,'Race study coach tell political seem. Away something fall if chair mind put.\nRange reason white nothing necessary.\nUntil TV analysis air light. Party camera well. Hundred sea about head top.',284,'https://picsum.photos/350/1021,https://placekitten.com/572/773,https://dummyimage.com/991x633'),(364,'vasquezsheena',26,372.67,'Lead third discussion a. Serve experience represent product.\nImage direction about worry success positive next. Oil my young interest machine cover.',139,'https://dummyimage.com/336x975,https://picsum.photos/433/659,https://dummyimage.com/667x528,https://dummyimage.com/140x886'),(365,'crystal01',48,715.06,'Cause all task line opportunity itself. Guess door concern hear thus sign consumer. Improve him instead speech big. Instead standard protect act capital reduce.',157,'https://picsum.photos/155/778,https://placekitten.com/193/648,https://dummyimage.com/164x373,https://dummyimage.com/600x195,https://dummyimage.com/198x558'),(366,'madelinehenderson',11,783.50,'Money to agreement table anything. Control glass far information perhaps. Throw official single late represent.',257,'https://dummyimage.com/513x935'),(367,'raymond30',7,849.20,'Second break worker decision hear as. Gas no capital especially person artist treatment. What nature investment computer condition picture back.',116,'https://dummyimage.com/555x853,https://placekitten.com/801/341'),(368,'nhoover',34,682.52,'Quite whom return outside career indeed method. Lose yourself ever size.\nFire identify hard south college win however.\nMe sometimes technology enough throw thus method able.',123,'https://dummyimage.com/49x999,https://placekitten.com/918/519,https://dummyimage.com/393x661'),(369,'colleen98',35,641.37,'So campaign end senior agree ok guy. Office word kind both television include share send.',67,'https://dummyimage.com/191x590,https://dummyimage.com/896x741,https://picsum.photos/372/970,https://dummyimage.com/937x416,https://placekitten.com/595/675'),(370,'nbradford',12,495.71,'Information attack teacher three sell. Republican true dark debate measure improve off. Create onto kid into before.\nNature pull and instead business education specific. Perhaps treatment onto among.',20,'https://picsum.photos/368/424,https://picsum.photos/253/184,https://dummyimage.com/616x610,https://picsum.photos/499/724'),(371,'angelaperry',24,557.23,'Certainly garden cut key allow claim garden throughout. Song police call both. Great physical owner reflect attack dark.\nSummer them phone.',188,'https://dummyimage.com/937x241,https://dummyimage.com/561x463,https://placekitten.com/359/41'),(372,'eric60',35,932.57,'Peace number may marriage visit major. Simply century major hope station set everything large.\nDraw the total piece long. Police tend minute suddenly.\nCentral trouble six offer here.',143,'https://dummyimage.com/729x649,https://picsum.photos/928/357,https://placekitten.com/179/837,https://picsum.photos/923/30'),(373,'gatesjeremy',23,151.55,'Teacher condition cultural leader. World well degree well include enough. Event this side operation school.\nCourt rate how choose think else get. Stop couple system coach though human.',261,'https://dummyimage.com/199x342'),(374,'jake04',9,612.55,'Sell dark yourself beat. Eye little important. Nor range social through style on.\nMay notice he building and among all. Allow choose of most. Bank clearly seven may into call.',292,'https://picsum.photos/699/265,https://placekitten.com/865/1019,https://placekitten.com/485/362'),(375,'spearskaitlyn',14,698.47,'Seek natural Mr dog account.\nHold might new white. Leave decade rock difference.\nSong right after bed crime unit economic. Pick allow young east. Claim industry across opportunity.',87,'https://dummyimage.com/193x713,https://placekitten.com/915/226,https://placekitten.com/866/792'),(376,'mdean',18,274.46,'Service main national pick provide me. Fly add admit while high think company. Western government value part magazine design exactly.',205,'https://placekitten.com/837/565,https://placekitten.com/291/454,https://picsum.photos/901/643'),(377,'glawson',50,911.94,'Concern almost decision major drug call government. Design that stop claim describe.',198,'https://dummyimage.com/753x541,https://dummyimage.com/669x877'),(378,'iweaver',25,939.06,'Cultural political how peace. Into happen their treatment. Per may value wonder evidence today mention child.',24,'https://placekitten.com/801/806,https://dummyimage.com/192x964,https://picsum.photos/615/15,https://picsum.photos/471/857'),(379,'xweaver',2,873.67,'Soon behavior model save hair company enter. Unit rule race start dinner. Term interesting part worry spring prevent like.\nFuture performance factor. Crime style agreement generation I word.',198,'https://picsum.photos/1/426,https://dummyimage.com/596x578'),(380,'jessicavargas',49,764.70,'Impact suddenly picture lay blue pass develop. Institution piece stop election fight pull.\nHelp chair cover success over cold. Game care me but.',299,'https://picsum.photos/240/796,https://dummyimage.com/735x668'),(381,'bryanmorales',26,255.52,'Speech air bar hair.\nTurn expect six election. Agreement stock ago character fine lawyer. Hotel career four small.\nInstead firm without question remain. Should state relationship market.',207,'https://placekitten.com/526/272,https://placekitten.com/703/447'),(382,'lking',45,926.42,'Pay fear it live a among return. War example artist hot white prevent. Outside movie raise by fund.\nAgent rest him sound less hard PM continue.',241,'https://placekitten.com/21/368,https://picsum.photos/343/531,https://dummyimage.com/926x523'),(383,'angela88',39,977.60,'Either pass officer oil very ball. Piece operation similar able upon teach.',215,'https://picsum.photos/853/591,https://placekitten.com/825/365,https://picsum.photos/558/355,https://picsum.photos/557/605'),(384,'christopherhunt',16,75.39,'Natural listen situation population candidate single fall. Apply might phone shake like. Put against prevent learn cause.',29,'https://dummyimage.com/967x477,https://picsum.photos/46/719,https://picsum.photos/728/958,https://picsum.photos/595/758,https://picsum.photos/414/16'),(385,'davistracy',45,316.27,'Lead national serve art others someone spring. Ready hot by leave. Without huge author son loss serve religious.',213,'https://dummyimage.com/585x514,https://placekitten.com/988/545,https://placekitten.com/783/641'),(386,'meghan05',28,920.93,'Girl type ever remember authority. Somebody still word will finish.',46,'https://placekitten.com/237/745'),(387,'sgray',39,870.63,'Store security main by. Fund treat focus theory during us. Employee decide garden bag say staff.\nWide ability may sound. Our I behind every floor music fire affect. Their ten only face peace.',236,'https://picsum.photos/99/354,https://placekitten.com/840/752,https://dummyimage.com/967x548,https://dummyimage.com/857x574'),(388,'angela72',43,664.41,'Threat simply way chair for recently life west. Again consider agreement white interview wrong.\nAccording performance up do deal entire short. Important production day sing free interview key bill.',298,'https://picsum.photos/880/440,https://dummyimage.com/835x219,https://picsum.photos/1022/925'),(389,'qmendez',7,305.73,'Ten clear even its. Everyone serve speak apply the enter ok forward.\nCharge whatever two clearly why. Toward consumer might account direction.',201,'https://dummyimage.com/881x979,https://picsum.photos/841/405'),(390,'raymond30',34,857.84,'Much upon most. Game understand too concern say beyond.\nUnderstand task other defense would now. Rule usually hit especially body ten TV. Part we phone power admit.',87,'https://placekitten.com/267/375,https://picsum.photos/228/449,https://placekitten.com/511/653,https://dummyimage.com/979x587,https://dummyimage.com/459x809'),(391,'blee',7,835.20,'He each control. Campaign wear order inside data stay.\nWell attention dream game ability something. Pattern adult wind where company. Lot fly sing certainly movie should.',53,'https://picsum.photos/434/733,https://dummyimage.com/526x971,https://placekitten.com/890/577'),(392,'stanleywilliam',32,672.62,'Billion spring adult hold similar. Cell participant wide myself push house growth. Alone if site its.',160,'https://placekitten.com/552/384,https://picsum.photos/516/1002,https://placekitten.com/400/680,https://dummyimage.com/620x264,https://placekitten.com/489/245'),(393,'cowen',14,432.93,'Yard her public else poor. Someone hard strategy lay physical play first city. Behind glass style.\nNight herself position early wonder stop production. Guess call subject hand watch toward material.',277,'https://picsum.photos/192/932,https://dummyimage.com/823x816,https://placekitten.com/999/179'),(394,'jennifer05',26,496.43,'Eat compare happy bill land. Operation watch that serve idea.\nOrganization billion color build impact event as. Firm mission present teach collection should early nice.',103,'https://dummyimage.com/551x344'),(395,'nicole22',20,465.42,'Fact design cell. Chance office remain face realize girl hold. Partner card environmental trip.',225,'https://placekitten.com/224/819'),(396,'duranlisa',24,394.07,'Rock gun pressure why else risk. Environment determine charge benefit idea. Skill give development until.',46,'https://picsum.photos/93/273,https://dummyimage.com/54x381'),(397,'michaelwilliams',27,638.36,'Recently process behavior election. Read determine here add free. Six describe first price.\nCertain long major rich apply talk how money. Society energy at. Improve deal article apply college pull.',78,'https://placekitten.com/982/520,https://picsum.photos/967/91,https://picsum.photos/117/552,https://dummyimage.com/455x672,https://dummyimage.com/337x379'),(398,'weberlauren',14,441.95,'Remember rate picture choice than. Skin group few recently.\nSave agree tend yet always. Technology prove close artist. Certainly picture property would six effect decide.',159,'https://picsum.photos/949/477'),(399,'dunnapril',21,562.87,'Little sing score say every address rise. Fact people lot image ever yes.\nDirector base authority authority go half. Citizen senior sing policy.',223,'https://picsum.photos/606/830,https://placekitten.com/335/589'),(400,'clineheather',37,497.93,'Remain house relate effect. Month piece financial film.\nThree condition account what particularly. Positive no order one kid official.',71,'https://picsum.photos/304/323'),(401,'ksanchez',43,599.25,'Color sure represent social. Party property season somebody.\nMemory natural why single tend lot must nothing. Doctor avoid down pass.',133,'https://picsum.photos/945/1012,https://placekitten.com/886/354,https://picsum.photos/407/687,https://picsum.photos/380/738,https://dummyimage.com/432x935'),(402,'carrollhannah',47,301.85,'More ever know no professor. Respond generation land trouble purpose area as. Meeting group blue should.',132,'https://dummyimage.com/486x92'),(403,'ecalhoun',14,580.17,'Indeed consumer improve toward over. Hear sell chance well talk since.',269,'https://picsum.photos/666/475,https://dummyimage.com/346x343'),(404,'elizabethjohnson',7,834.03,'Class available rather space despite international increase. Green power sort idea. Home fall message bit exist somebody.',154,'https://dummyimage.com/651x552,https://dummyimage.com/172x582,https://picsum.photos/685/300,https://placekitten.com/212/924'),(405,'mooreruben',23,789.66,'Identify trip manage simple entire method. Rate try history have few according.\nEnvironment clear cover thus win science wish. Now argue knowledge true thousand day. Through day record.',10,'https://picsum.photos/132/534,https://picsum.photos/951/111,https://placekitten.com/819/547,https://picsum.photos/487/1011,https://dummyimage.com/663x447'),(406,'brewerjanice',41,396.22,'Mother young respond president about ten. Moment industry pretty news prove product. Tough phone kind born indicate rest. Watch group debate.',231,'https://picsum.photos/29/128,https://dummyimage.com/187x222,https://placekitten.com/550/411,https://dummyimage.com/203x953'),(407,'riosdavid',34,879.99,'Fly treatment into. Wrong maybe might bill piece line future.',282,'https://placekitten.com/242/939,https://placekitten.com/124/66,https://picsum.photos/939/439,https://dummyimage.com/248x211,https://picsum.photos/424/977'),(408,'xhill',33,246.31,'Least tough college measure. Kitchen best past hold.',247,'https://dummyimage.com/301x144'),(409,'jamie52',48,659.09,'Whole pass over capital different benefit. Save development talk bit stuff paper.\nSame simple short off much. Hospital property when purpose point citizen trial bar.',51,'https://dummyimage.com/814x152,https://picsum.photos/491/441,https://picsum.photos/701/962,https://dummyimage.com/602x995'),(410,'josephzachary',35,454.66,'Together behind so record level smile. Paper produce floor part apply later.\nSchool food while these. Fire middle they that better.',291,'https://picsum.photos/608/241,https://dummyimage.com/141x309'),(411,'kenneth96',15,786.18,'Vote nearly against I open. Hotel PM whatever. Early rest I.\nHowever full individual try. Yes someone me someone.',276,'https://picsum.photos/271/4'),(412,'amberlawson',24,535.03,'Reason fine various catch. Hotel science design court minute suffer. Huge remember no idea deal camera.\nTest and onto finally. Beyond first for provide population score. Scene pattern level.',32,'https://picsum.photos/249/92,https://placekitten.com/173/986'),(413,'colleen98',6,697.02,'Late drop break current cost.\nThose everything test century force. Prepare show top painting drop.',46,'https://dummyimage.com/1012x230,https://dummyimage.com/1001x1021'),(414,'cadams',21,798.17,'Fast offer color. Century soldier on cause argue rate create produce.\nHit machine open impact.',217,'https://picsum.photos/290/71,https://placekitten.com/568/182,https://placekitten.com/316/500,https://placekitten.com/418/860'),(415,'timothy11',43,205.92,'Summer pass manage herself decide get. Deal letter billion science camera.\nRelationship life service when there. Section leg occur although.',252,'https://picsum.photos/706/148,https://placekitten.com/658/1014,https://dummyimage.com/132x903,https://picsum.photos/305/970,https://placekitten.com/244/830'),(416,'wandaroberts',13,624.99,'Car school common year. Between see Mr better sign take improve quality. Wall however college election. Only oil under protect school.',84,'https://picsum.photos/642/542,https://dummyimage.com/966x510,https://placekitten.com/648/196,https://placekitten.com/353/1018,https://picsum.photos/135/738'),(417,'donna83',8,629.07,'Right suddenly what Congress might significant. Including heavy population sound perform. Single reason side ready major.',39,'https://picsum.photos/110/584,https://picsum.photos/601/729'),(418,'michaellandry',8,915.20,'Address shake station hear happen activity personal feeling. Design gas wish again program example art yard. Personal rate break color billion institution at.',61,'https://picsum.photos/249/202'),(419,'ricksmith',41,175.08,'High example movie perform. By statement official indicate expect.\nHuge same carry media central. Although prove begin peace woman.',171,'https://dummyimage.com/789x600,https://placekitten.com/928/998'),(420,'wallacemargaret',41,785.37,'Together the guess such. Act amount final several.\nInclude wish me either whole card drive. Agreement environment again push someone begin.',13,'https://picsum.photos/408/815,https://dummyimage.com/160x476,https://dummyimage.com/149x827,https://dummyimage.com/942x259'),(421,'rkim',7,423.47,'Rather live growth across able almost. Believe generation find look.\nOther face sell play or choose put. Hundred none partner decade improve small before.',31,'https://picsum.photos/318/241,https://picsum.photos/534/296,https://dummyimage.com/394x513,https://picsum.photos/744/938'),(422,'nhughes',27,131.71,'Week quality candidate. Shake ground focus point cultural them.\nBoy exactly even edge whether.',14,'https://picsum.photos/854/436,https://picsum.photos/394/584,https://dummyimage.com/435x607,https://dummyimage.com/536x662'),(423,'fkeith',5,514.14,'New identify long apply until would city quality. Class wonder card by day admit.',147,'https://dummyimage.com/194x866,https://picsum.photos/133/342,https://picsum.photos/486/458'),(424,'carrollhannah',32,406.02,'Remember catch support floor loss its mean. Dog top across question environmental. Both behind southern concern government media. Week the of hour continue next identify.',94,'https://placekitten.com/216/426,https://dummyimage.com/942x798,https://dummyimage.com/333x301,https://dummyimage.com/471x381,https://placekitten.com/24/31'),(425,'meagan40',26,24.16,'Start fall interesting improve. Light step measure themselves result dark popular decide. Heavy might manager key real yard.',211,'https://picsum.photos/710/34,https://picsum.photos/134/542,https://placekitten.com/345/668'),(426,'stanleywilliam',25,135.96,'Meeting next owner family spend morning drug. Play arrive others pay field throw. Industry Mrs goal image maybe join.\nAdd leg dog say. Reality bank minute avoid smile they.',9,'https://placekitten.com/438/755,https://dummyimage.com/833x616,https://dummyimage.com/204x127,https://dummyimage.com/528x531,https://dummyimage.com/431x123'),(427,'nhernandez',9,113.44,'Project behind really officer kind table. Not set whatever if million. Southern those occur simple.',209,'https://placekitten.com/41/521,https://dummyimage.com/98x692,https://dummyimage.com/479x147,https://dummyimage.com/461x440'),(428,'jennifer05',27,632.97,'Action deep let world challenge fall right. Eye church talk specific case even size.\nFly author know. Manage pick various school beat bad.',58,'https://picsum.photos/994/864,https://placekitten.com/349/479,https://dummyimage.com/271x463,https://picsum.photos/677/406,https://placekitten.com/936/626'),(429,'timothyfrazier',3,827.32,'All reason wide color know area. Science baby television race film exactly.\nRole truth model ten ago. Worry produce finish off into. Play travel specific live however next item.',106,'https://dummyimage.com/826x728,https://placekitten.com/150/662,https://picsum.photos/44/592,https://placekitten.com/667/443'),(430,'martinezyvette',11,849.71,'Each factor professional notice. Where house treat almost specific series. Process general point at recently I personal.\nRepresent main subject drug full. Score clearly former stuff today peace.',21,'https://dummyimage.com/1003x441'),(431,'andrea99',2,892.09,'Society knowledge star officer.\nInside movie develop research audience compare education. Institution remember its become.',247,'https://dummyimage.com/274x678,https://placekitten.com/755/351,https://picsum.photos/152/271,https://picsum.photos/104/406'),(432,'estesdonna',37,56.38,'Face brother care activity appear spend. Away name government. Mother way poor among five family.',135,'https://placekitten.com/778/436,https://picsum.photos/519/701,https://picsum.photos/714/792'),(433,'garrisongary',1,733.06,'Author stay street rise share design. Personal rock but when study right. Of listen treat occur. Blood campaign feel art in.\nReally send police require. Congress reflect grow good.',19,'https://dummyimage.com/359x471'),(434,'virginiakelley',40,873.14,'President same forward world happy. From treatment behavior responsibility. Often job onto always again five customer.',75,'https://dummyimage.com/32x272,https://placekitten.com/67/364,https://picsum.photos/403/434'),(435,'wallacemargaret',27,331.18,'Design how film international language shoulder money. Specific budget region tax key win. Expert pattern either seven.\nTreatment write street them news.',102,'https://dummyimage.com/672x765,https://placekitten.com/836/622'),(436,'dunnapril',30,629.24,'For so along. Party enter final share foot leg free herself.\nApproach require record yes stage. View military effect. Good stage growth agency fall later. Score program approach stay debate.',170,'https://placekitten.com/791/471'),(437,'tyler05',17,721.68,'Example speak medical government fall management. Throughout teach then above. Ahead though issue blood economic.\nDrive provide smile together rich give. Reason behind carry so we visit nice.',181,'https://placekitten.com/536/360'),(438,'garrisongary',16,670.12,'Foreign sort camera window their. Everyone community quality officer relationship.',237,'https://dummyimage.com/17x576,https://dummyimage.com/88x554,https://placekitten.com/399/441'),(439,'sgarcia',10,533.82,'Member religious reduce very. Discussion fear program and. Dream science drive door voice us. Kid Mrs court meet.',140,'https://picsum.photos/318/309,https://picsum.photos/133/957,https://placekitten.com/226/49,https://dummyimage.com/505x600'),(440,'vickie56',49,431.07,'Clear news best eye news.\nSon bag theory environmental great ok. Business data check. Civil may within learn shake.',190,'https://placekitten.com/705/0,https://placekitten.com/930/907'),(441,'robertsemily',16,973.45,'On tree my now material. Admit hour type song.\nHerself try exist project. Police explain race other nearly total. Contain themselves despite tax they a stage itself.',137,'https://dummyimage.com/501x706,https://picsum.photos/848/591,https://placekitten.com/513/283,https://placekitten.com/212/414'),(442,'ksanchez',23,867.08,'Than which unit eight stock education. Bill born effect key reflect not data. Quality some visit range follow she. Education take letter ever begin member.',175,'https://dummyimage.com/483x978,https://placekitten.com/283/157,https://picsum.photos/376/49,https://dummyimage.com/708x213'),(443,'brewerjanice',21,436.24,'Model possible improve any system. Fill military later modern. Nearly safe reason.\nInclude oil increase they small author only Mrs. Trial science artist.',113,'https://placekitten.com/634/136,https://picsum.photos/915/476,https://picsum.photos/158/948,https://picsum.photos/257/744'),(444,'linda40',50,572.50,'Organization cut likely. Recognize meet have anyone color whatever.',99,'https://placekitten.com/400/322,https://placekitten.com/344/469,https://picsum.photos/803/1007,https://placekitten.com/250/1018'),(445,'veronicamartin',15,404.02,'Third miss simply film half case. Bit tough including than public.\nRise low energy go risk exist. Would girl common do.\nRecord view since standard.',271,'https://picsum.photos/297/163,https://picsum.photos/142/406,https://dummyimage.com/322x229,https://picsum.photos/95/862'),(446,'jennifer05',12,593.44,'Six almost smile traditional role follow.\nWife out without camera machine build. Reach budget cultural young reach. Use poor necessary simply vote maybe.',249,'https://dummyimage.com/530x752,https://dummyimage.com/208x134,https://dummyimage.com/642x953'),(447,'christinejohnson',13,375.42,'Major a people. Most doctor ahead moment law cut believe or. Focus listen sit he.\nI hour customer on. Firm data cut kid newspaper develop four.',195,'https://picsum.photos/107/638'),(448,'sgarcia',33,324.90,'Ten tend whether never training make put her. Less yes store official. Simply study race TV class.\nDemocratic they with town stop specific go. Second card there anyone possible between.',287,'https://dummyimage.com/611x286,https://dummyimage.com/40x350,https://picsum.photos/538/987,https://dummyimage.com/137x115'),(449,'melissaphillips',32,144.08,'True card that. Single enough chair nothing prepare itself there social. Pass pretty vote water success.\nLikely challenge thank drug. Power trip ground rather.',223,'https://dummyimage.com/929x139,https://picsum.photos/844/630,https://dummyimage.com/914x141,https://picsum.photos/428/706'),(450,'john16',35,143.43,'Discussion rock need it item help. Fire bit show anything anyone.\nAnalysis challenge always one wrong step true seek. Too of miss fish call.',130,'https://placekitten.com/263/802,https://picsum.photos/791/402,https://placekitten.com/531/928,https://placekitten.com/63/725'),(451,'amanda72',16,333.12,'South point industry prove wall feel. Education offer middle such. Amount music under. Cell camera political great.\nCar agree doctor rock real. Physical west value.',200,'https://dummyimage.com/925x542,https://placekitten.com/582/520,https://picsum.photos/849/827'),(452,'melissa35',14,224.62,'Plan never grow. Garden physical administration sport cell. Glass east reduce.\nTraining me decide already husband international. Line key prove according.',177,'https://picsum.photos/893/755,https://placekitten.com/23/907,https://dummyimage.com/356x357,https://picsum.photos/547/959,https://picsum.photos/1014/551'),(453,'kfuller',41,176.69,'Theory politics some marriage animal. Drop fish rate identify know hotel evidence. Consider significant science third sure.',22,'https://placekitten.com/303/840'),(454,'elizabeth38',40,712.24,'Keep among least bank. Note can difference table weight huge material great. Religious turn safe might statement your newspaper week.',220,'https://picsum.photos/613/910,https://placekitten.com/770/777,https://placekitten.com/735/815'),(455,'ryan50',46,966.35,'Future bag senior white guy. Amount lead available physical.\nDifference nearly whose as. Reduce live citizen win learn.\nBeat spend opportunity about dog machine push. Believe interview sing.',134,'https://picsum.photos/1000/207'),(456,'ywilkerson',18,68.12,'Return ready down beat program yes until. Early so draw table within. Machine guess marriage.',257,'https://dummyimage.com/553x723,https://placekitten.com/227/402,https://dummyimage.com/78x169,https://picsum.photos/146/365,https://picsum.photos/722/865'),(457,'qcooper',17,575.95,'Age sometimes officer scene recent international. Build if keep.\nSo bank require. Our law white husband. Off young garden to.',196,'https://picsum.photos/990/282,https://dummyimage.com/1010x908,https://dummyimage.com/926x247,https://dummyimage.com/887x664'),(458,'wilkinsonelizabeth',35,119.57,'Edge how anyone oil. Provide fire box. Impact brother hold should for fish. Rich try less business usually hope beautiful.',162,'https://dummyimage.com/965x188,https://dummyimage.com/967x869,https://placekitten.com/832/253,https://picsum.photos/837/675,https://dummyimage.com/82x759'),(459,'averymarcia',42,851.67,'Receive card decide continue sport popular. Small family lawyer buy state. Direction produce over seven north. Push democratic someone court write.',86,'https://dummyimage.com/384x176,https://dummyimage.com/489x1015,https://placekitten.com/556/686,https://dummyimage.com/267x241,https://picsum.photos/669/468'),(460,'zcopeland',45,934.18,'Heavy sense bring wall religious few those. Life rate fast once front professor.\nPrice go arrive whatever mention kitchen away relate.',142,'https://placekitten.com/906/372,https://picsum.photos/866/571,https://picsum.photos/833/806,https://picsum.photos/30/961,https://dummyimage.com/595x482'),(461,'rkim',4,647.79,'Wear data respond. Response surface drop.\nAnything collection industry politics. Base deep office best stuff.\nAnother white city. Name now design job without decide sometimes.',213,'https://picsum.photos/386/402,https://dummyimage.com/74x356,https://placekitten.com/307/915,https://dummyimage.com/242x631'),(462,'breannaross',46,847.25,'How business relate trade. Memory top recent water impact miss save people. Consumer policy tell piece hold change leader.\nEconomic threat may down room after. Doctor sell drop above address morning.',246,'https://dummyimage.com/32x499,https://placekitten.com/329/484'),(463,'wendymills',4,780.32,'Money decide officer wife red on walk. Call avoid check admit more choice.\nStaff role tough common.\nNice dream show trouble itself goal. Example need card role defense.',58,'https://placekitten.com/927/604,https://picsum.photos/409/124,https://picsum.photos/880/927,https://dummyimage.com/755x538'),(464,'ywest',15,358.75,'Free question song want line again half. Agree actually or according thought bed reflect. Radio police husband subject decide score.',146,'https://picsum.photos/605/17,https://placekitten.com/191/821,https://dummyimage.com/416x54,https://dummyimage.com/480x203'),(465,'collinjacobson',47,300.99,'These culture appear. Everyone civil clear rule south. Moment relationship road others long after.\nMedical their thank feel benefit president discussion. Sister character study.',103,'https://dummyimage.com/849x611,https://placekitten.com/411/608,https://picsum.photos/935/627,https://dummyimage.com/953x243'),(466,'salinasbrandon',10,667.84,'Person front watch western discussion marriage wall. Career president first there improve throughout. Military down room center shoulder difference art.',60,'https://dummyimage.com/733x1,https://picsum.photos/814/786'),(467,'castilloclaudia',25,884.71,'Last note someone bar nor near. Record knowledge throughout.\nBill draw night agree professor trip get. Phone assume performance.\nAccording two improve mouth. Community develop age eye every strong.',19,'https://dummyimage.com/263x1019,https://picsum.photos/548/57,https://dummyimage.com/227x367'),(468,'owood',44,491.61,'Boy control save spend open design western experience. Wife look win first there suddenly expert. Resource hot national need family.',158,'https://dummyimage.com/707x24,https://picsum.photos/905/51'),(469,'tanyanguyen',33,934.03,'Natural approach response president center issue. Chair history simple local machine. Usually throughout door foot doctor cultural.\nPosition past machine particular.',61,'https://dummyimage.com/879x784,https://picsum.photos/333/770,https://picsum.photos/307/791,https://placekitten.com/976/791,https://picsum.photos/138/1007'),(470,'ryan50',49,424.53,'Ready professor official after community yet there. Possible night while ask law.\nNeed require fact light same dark week. Issue money same action choose. Offer share by card concern.',193,'https://placekitten.com/255/688'),(471,'sanchezdonald',2,620.90,'Drive stop onto wide. Political now address behavior.\nDesign deep partner series young administration mention require. Full structure power recognize again professional.',235,'https://picsum.photos/244/851,https://placekitten.com/695/630,https://placekitten.com/367/754,https://picsum.photos/649/433'),(472,'jamesgillespie',35,528.97,'Firm once agent recognize near bed part they.\nDetail sing week process. Wait technology fast.',32,'https://picsum.photos/369/394,https://picsum.photos/76/552,https://dummyimage.com/429x352'),(473,'valenciatodd',36,702.66,'Face image know according. Turn save common dinner. Still first store.',154,'https://dummyimage.com/234x1012,https://placekitten.com/290/199,https://placekitten.com/817/774,https://placekitten.com/811/246,https://dummyimage.com/532x137'),(474,'kfuller',38,713.94,'Animal wish full treatment identify base. Professional old force space Mrs whole effect director. Probably official president stuff culture per plan white.',272,'https://dummyimage.com/127x461,https://picsum.photos/754/53,https://dummyimage.com/815x556,https://placekitten.com/413/199'),(475,'dcervantes',41,553.53,'Trial respond stand series now class. Stuff event five wonder recently.',191,'https://dummyimage.com/433x812,https://dummyimage.com/885x830,https://dummyimage.com/211x389,https://picsum.photos/977/479'),(476,'gomezcharles',18,998.31,'Imagine name leader see. Investment occur body teach similar point. Seat blue pay land.',293,'https://picsum.photos/740/952,https://picsum.photos/657/499,https://placekitten.com/191/293,https://placekitten.com/661/930,https://picsum.photos/763/539'),(477,'fbishop',4,122.95,'Different building enjoy hope. Option arm already newspaper hundred eye.\nGroup product home case possible research want. Continue civil four necessary action up state.',223,'https://dummyimage.com/602x527,https://placekitten.com/387/561,https://picsum.photos/848/944'),(478,'qmendez',1,526.29,'Response standard develop five relate. Beautiful across who game same person. Interesting become once institution century. Theory cultural market new stage wear common.',133,'https://dummyimage.com/437x386,https://placekitten.com/560/351'),(479,'kfuller',42,577.48,'Nearly environmental television end knowledge tend artist. Imagine party own especially century little. Model institution commercial sea. None near suggest artist their person test place.',8,'https://placekitten.com/56/675,https://picsum.photos/657/151,https://placekitten.com/515/188,https://placekitten.com/155/22'),(480,'john16',13,139.01,'Benefit charge use image lead senior career. Themselves rest throughout week moment glass. Realize usually foreign forward response.',81,'https://picsum.photos/117/614,https://placekitten.com/526/505,https://placekitten.com/90/289'),(481,'kenneth96',25,296.81,'Oil itself business process partner. Side meet debate can free parent.\nBuy direction edge reach suggest. Reduce television effort also around contain.',103,'https://placekitten.com/988/965'),(482,'cassandralee',44,194.68,'Will cause this. No lead space piece maintain. Benefit red certainly with home.\nProfessional prepare because evening idea simply. Early enough one turn.',34,'https://dummyimage.com/463x259'),(483,'hwilson',18,780.97,'Down know moment stock that against. Occur religious avoid difficult buy.\nOne current whose news project eight. Art majority figure campaign.',73,'https://dummyimage.com/427x222,https://dummyimage.com/511x30'),(484,'vross',27,511.22,'Half lead fast fast choose product professional.\nDemocratic over yet car. Approach not appear. Industry interesting turn today item quickly thank.',35,'https://dummyimage.com/543x141'),(485,'jacksonheather',44,916.89,'Expect sometimes heart. Health manage tend pull similar. Throw friend they good if reflect note.',250,'https://placekitten.com/271/99'),(486,'john99',19,145.90,'Home support your heart report some star. Employee no far rest commercial involve. Case address Democrat include politics animal analysis inside. Power commercial real evidence then control physical.',30,'https://picsum.photos/962/928'),(487,'grahamdebra',33,843.23,'Situation majority Mrs road quite you.\nLaw exactly responsibility evidence. Measure west move leg open according. About lawyer middle this.\nSay truth ok add. About energy create skin station serious.',105,'https://placekitten.com/176/598,https://picsum.photos/941/249,https://dummyimage.com/82x477'),(488,'john16',1,257.84,'Behavior picture big manage pick near low. Plant how third require.\nToo throughout own. Detail under clearly land.',179,'https://placekitten.com/499/446,https://dummyimage.com/995x465,https://picsum.photos/179/882,https://dummyimage.com/467x524'),(489,'richardevans',11,285.56,'Once by necessary price than his. Purpose though expert attorney soon threat pay bit. Point do candidate some usually election professor.',25,'https://placekitten.com/713/608,https://picsum.photos/522/775,https://picsum.photos/304/838,https://picsum.photos/870/74,https://placekitten.com/223/898'),(490,'michaellandry',36,627.11,'Stop after wrong ground maybe. Yes discover be share science. Mother industry shoulder national themselves.\nCommercial contain although quickly not. Partner stock leave sense again.',283,'https://placekitten.com/221/966,https://dummyimage.com/459x762,https://placekitten.com/471/414,https://picsum.photos/786/1006'),(491,'schmidtdesiree',42,335.20,'Door employee end personal within piece. Bit always sometimes life.\nBudget day summer cup point. Magazine administration line. Itself red help probably.',47,'https://placekitten.com/728/739,https://dummyimage.com/292x829'),(492,'harrisonjessica',23,742.20,'College sense better loss. Message hot alone different early example magazine.\nProgram exist scene class star perhaps according. Continue our air production accept upon whole.',201,'https://dummyimage.com/461x322'),(493,'lhall',8,954.85,'Policy despite art agree. Shake want who close information long. Different hope technology eat word type quite.\nNext station bit could.\nLight we under forget specific. Rise eye successful recognize.',65,'https://picsum.photos/805/726,https://picsum.photos/375/491,https://placekitten.com/44/199'),(494,'barry26',10,262.77,'Foot give order benefit western sense him challenge. Election action claim house ahead hundred.\nPresent attorney three market actually tell. May serve if. Foot lot rule woman.',134,'https://dummyimage.com/552x559,https://placekitten.com/906/294,https://picsum.photos/653/923'),(495,'amandawyatt',30,645.85,'Price recent south join matter seat. Any public subject outside move get.\nGame sister machine wall. Against hundred subject board your television.\nArm kind more site. Break year rise computer floor.',32,'https://dummyimage.com/498x869,https://dummyimage.com/15x345'),(496,'samantha76',2,358.74,'Tend line what movement art prepare. Impact chair class former seek.\nNext administration idea stock sense staff. Citizen woman once military scientist.',196,'https://placekitten.com/300/199,https://placekitten.com/520/661,https://placekitten.com/459/874,https://picsum.photos/661/457'),(497,'smithlaura',39,288.62,'Learn employee four various history thank be nothing. Itself hotel ahead fall business argue hard.',263,'https://dummyimage.com/906x62'),(498,'kpitts',14,504.93,'Return suddenly world adult hotel. Fear role nature.\nLeave she purpose. Wait free win president hair man article.',85,'https://dummyimage.com/384x198'),(499,'johnwise',6,63.93,'Decade develop focus class. Fill even cost community according.\nOutside experience bill news human race not foreign. Doctor other which never. Develop course expert pull down political bed.',291,'https://picsum.photos/474/238,https://placekitten.com/244/474,https://placekitten.com/741/670'),(500,'bgarcia',45,417.13,'Finally mission impact oil her head. Kid go subject technology yet.\nDifference pick fish sound Democrat continue knowledge. Night compare maybe operation true.',27,'https://picsum.photos/127/29,https://placekitten.com/812/90,https://dummyimage.com/91x86,https://picsum.photos/988/423,https://picsum.photos/928/899');
/*!40000 ALTER TABLE `listing` ENABLE KEYS */;
UNLOCK TABLES;

--
-- Table structure for table `orderlisting`
--

DROP TABLE IF EXISTS `orderlisting`;
/*!40101 SET @saved_cs_client     = @@character_set_client */;
/*!50503 SET character_set_client = utf8mb4 */;
CREATE TABLE `orderlisting` (
  `orderID` int NOT NULL,
  `listingID` int NOT NULL,
  `quantity` int DEFAULT '1',
  PRIMARY KEY (`orderID`,`listingID`),
  KEY `listingID` (`listingID`),
  CONSTRAINT `orderlisting_ibfk_1` FOREIGN KEY (`orderID`) REFERENCES `orders` (`orderID`) ON DELETE CASCADE,
  CONSTRAINT `orderlisting_ibfk_2` FOREIGN KEY (`listingID`) REFERENCES `listing` (`listingID`) ON DELETE CASCADE
) ENGINE=InnoDB DEFAULT CHARSET=utf8mb4 COLLATE=utf8mb4_0900_ai_ci;
/*!40101 SET character_set_client = @saved_cs_client */;

--
-- Dumping data for table `orderlisting`
--

LOCK TABLES `orderlisting` WRITE;
/*!40000 ALTER TABLE `orderlisting` DISABLE KEYS */;
INSERT INTO `orderlisting` VALUES (1,214,6),(1,233,6),(1,256,1),(1,272,10),(1,309,1),(2,203,5),(2,319,7),(2,350,5),(2,389,9),(2,478,9),(3,165,6),(3,185,6),(3,310,1),(4,416,7),(5,184,3),(5,233,4),(5,314,2),(6,299,5),(6,380,5),(6,467,3),(7,56,1),(7,89,7),(7,171,10),(7,388,8),(7,394,2),(8,245,5),(9,65,1),(9,197,8),(9,256,9),(9,306,2),(9,393,10),(10,72,3),(10,194,8),(10,253,2),(10,280,4),(11,90,6),(11,97,3),(11,198,7),(11,346,5),(11,398,1),(11,460,8),(12,410,2),(13,39,7),(13,54,6),(13,144,3),(13,186,8),(13,367,3),(13,448,6),(13,456,7),(15,143,5),(15,323,3),(15,356,10),(16,227,9),(17,230,10),(17,311,9),(17,328,9),(18,390,8),(18,425,7),(20,62,10),(20,194,4),(20,236,5),(21,40,10),(21,57,6),(21,107,10),(21,208,4),(21,437,1),(21,451,8),(22,414,3),(24,109,6),(24,118,2),(24,163,4),(25,496,2),(26,27,6),(26,61,7),(26,435,7),(27,230,9),(28,176,9),(28,335,1),(28,399,7),(29,2,2),(29,54,9),(29,159,7),(29,261,9),(29,299,6),(31,103,8),(31,123,1),(31,194,5),(32,75,6),(32,145,10),(32,255,3),(33,72,9),(33,127,7),(33,361,4),(34,239,5),(34,430,10),(34,489,8),(35,71,6),(35,459,9),(36,72,9),(36,439,7),(36,440,3),(37,268,7),(38,3,8),(38,381,5),(39,210,5),(39,356,4),(39,379,9),(39,484,6),(40,89,6),(40,103,9),(40,431,2),(41,208,7),(41,421,5),(42,195,7),(42,213,6),(42,222,9),(42,302,1),(43,10,8),(43,52,6),(43,374,9),(43,478,7),(44,60,8),(44,340,4),(45,2,9),(45,253,3),(45,331,10),(45,333,9),(45,419,1),(46,68,9),(46,81,6),(46,420,4),(47,42,7),(47,126,10),(47,316,5),(47,337,1),(47,423,6),(48,191,10),(48,297,9),(48,357,1),(49,128,10),(49,340,3),(49,445,8),(51,30,7),(52,48,6),(52,128,8),(52,182,9),(53,4,5),(53,171,7),(54,63,8),(55,84,5),(55,301,2),(55,334,10),(55,452,8),(55,478,4),(56,24,3),(56,209,2),(56,255,9),(57,18,2),(57,104,5),(57,188,9),(57,242,1),(57,279,10),(57,328,3),(57,340,4),(57,377,4),(58,14,10),(58,16,2),(58,73,1),(58,195,1),(58,238,8),(58,327,2),(58,432,1),(59,135,4),(59,306,4),(59,339,6),(60,162,8),(60,367,9),(60,444,5),(61,72,9),(61,203,9),(61,230,1),(61,278,6),(61,437,4),(62,131,7),(62,343,2),(62,438,5),(62,480,4),(63,28,7),(63,111,8),(63,184,10),(63,460,4),(64,16,2),(64,278,7),(64,354,3),(65,60,4),(65,70,9),(65,319,5),(65,426,5),(66,304,1),(66,311,10),(67,59,5),(67,274,1),(68,252,3),(68,259,2),(68,351,6),(68,441,3),(69,61,8),(69,80,7),(69,93,9),(69,204,5),(69,382,9),(70,210,5),(70,232,1),(70,246,5),(70,307,2),(71,53,6),(71,81,9),(71,103,9),(71,194,3),(71,242,9),(71,464,9),(72,1,4),(72,49,8),(72,234,5),(72,332,5),(73,119,8),(73,322,5),(73,397,8),(74,118,2),(74,400,2),(74,420,1),(74,441,10),(75,406,4),(75,464,8),(75,479,4),(76,2,3),(76,82,6),(77,442,6),(77,496,10),(78,255,6),(78,414,6),(79,75,2),(79,345,8),(81,26,2),(81,44,8),(81,459,10),(82,291,5),(83,179,2),(83,247,3),(83,258,4),(84,238,8),(84,322,8),(85,23,1),(85,336,6),(86,126,5),(86,136,10),(86,493,9),(87,130,4),(87,327,6),(88,77,1),(88,82,10),(88,102,7),(88,132,7),(88,157,1),(88,246,9),(89,253,5),(89,400,7),(90,206,9),(90,308,4),(90,496,4),(91,62,6),(91,115,7),(91,201,3),(91,346,8),(91,360,3),(92,122,9),(93,235,4),(93,272,7),(94,332,6),(94,403,6),(94,415,4),(95,479,1),(96,385,5),(96,481,7),(97,140,2),(97,168,1),(97,272,2),(97,414,6),(97,431,9),(98,327,8),(98,498,3),(99,77,6),(99,203,5),(99,301,10),(99,333,1),(99,423,3),(99,481,6),(100,206,7),(100,408,8),(100,417,10),(101,98,10),(101,337,9),(101,454,5),(101,476,9),(102,137,3),(102,289,6),(102,291,10),(102,439,9),(102,481,9),(103,434,3),(103,494,8),(105,156,1),(105,193,8),(105,357,5),(106,416,3),(106,432,6),(107,343,10),(107,350,8),(108,457,5),(109,109,6),(109,465,5),(110,277,4),(111,138,10),(111,223,7),(111,303,8),(111,331,4),(111,354,8),(112,29,3),(112,62,5),(112,88,4),(112,201,9),(112,449,3),(112,491,8),(113,144,2),(113,283,3),(114,358,10),(115,17,5),(115,111,3),(115,134,9),(115,282,5),(116,153,3),(116,169,8),(116,201,2),(117,29,10),(117,104,1),(117,171,8),(117,182,2),(117,496,3),(118,114,10),(118,437,3),(118,483,6),(119,46,10),(119,129,4),(119,157,9),(119,193,10),(119,416,10),(119,492,7),(121,3,10),(121,72,4),(121,118,2),(121,160,4),(121,235,6),(121,308,7),(122,51,8),(122,105,3),(122,165,10),(122,378,4),(122,446,2),(122,486,2),(123,34,2),(123,65,2),(123,126,6),(123,257,9),(123,286,9),(124,189,6),(124,430,10),(124,455,9),(125,301,7),(125,359,1),(125,431,10),(125,495,2),(126,153,10),(126,452,3),(127,173,6),(127,403,8),(127,431,9),(127,492,8),(128,248,1),(129,74,9),(129,90,9),(129,92,4),(129,261,9),(130,283,1),(130,469,2),(132,248,10),(132,474,4),(133,182,3),(133,309,6),(133,321,9),(133,333,8),(133,488,9),(136,396,4),(138,148,2),(138,183,5),(138,200,3),(138,224,1),(138,406,6),(139,255,1),(140,97,2),(140,114,10),(141,461,4),(142,14,3),(142,300,1),(142,320,2),(142,427,6),(142,440,5),(143,184,5),(143,399,8),(143,462,9),(143,466,9),(144,19,9),(144,229,2),(144,248,1),(145,123,3),(145,160,3),(145,184,8),(146,297,2),(146,396,4),(147,95,1),(147,138,1),(147,188,2),(147,325,6),(147,364,2),(148,69,9),(148,173,6),(148,321,6),(148,417,1),(148,473,2),(148,483,4),(149,92,9),(150,27,4),(150,287,1),(150,326,10),(150,368,8),(151,280,8),(151,286,7),(151,409,9),(152,19,4),(152,242,6),(153,119,5),(153,154,10),(153,425,10),(153,462,2),(154,126,3),(154,193,6),(154,234,7),(155,377,8),(155,445,4),(155,480,6),(156,102,10),(156,450,2),(157,13,6),(157,351,1),(157,381,1),(158,107,4),(158,137,3),(158,459,10),(159,70,6),(159,241,8),(159,358,3),(159,482,6),(160,51,2),(160,260,10),(160,386,1),(161,169,9),(161,486,2),(162,14,9),(162,128,5),(162,131,8),(162,329,3),(162,400,6),(162,474,2),(163,127,9),(163,267,8),(163,428,5),(164,422,5),(164,438,8),(165,8,8),(165,237,3),(165,387,10),(166,443,3),(166,457,8),(166,467,10),(167,30,9),(167,115,7),(167,120,5),(167,178,6),(168,53,7),(168,55,3),(168,110,8),(168,392,10),(169,8,7),(169,246,9),(169,282,5),(169,338,9),(170,40,2),(170,160,10),(170,299,1),(171,29,9),(171,30,8),(171,42,4),(171,99,6),(171,327,2),(172,8,8),(172,353,1),(173,144,1),(173,351,1),(173,355,10),(173,493,7),(174,111,2),(174,125,6),(174,206,9),(174,472,5),(174,482,1),(175,164,10),(175,181,10),(175,282,8),(176,364,9),(177,90,3),(177,354,7),(179,111,6),(179,211,5),(179,217,9),(179,396,2),(179,447,3),(180,391,5),(180,440,2),(180,478,4),(181,221,9),(181,241,2),(181,331,5),(182,43,2),(182,273,8),(182,467,2),(182,470,6),(183,90,7),(183,158,2),(183,197,1),(183,230,8),(183,297,7),(184,131,8),(184,215,1),(184,434,8),(185,211,2),(185,217,3),(185,317,4),(186,225,8),(186,342,8),(186,392,8),(188,355,10),(189,220,10),(189,398,4),(189,429,8),(189,490,7),(190,357,10),(191,62,10),(191,75,7),(191,226,8),(191,304,4),(193,169,8),(193,372,9),(193,389,5),(195,158,1),(195,165,3),(195,258,6),(196,94,8),(196,217,8),(196,250,1),(196,468,7),(198,78,8),(198,496,8),(199,256,5),(200,28,1),(200,209,4),(201,125,4),(201,250,2),(201,438,1),(202,66,1),(202,295,2),(202,348,3),(203,421,10),(203,445,3),(204,8,6),(204,81,3),(204,276,5),(204,466,1),(206,200,2),(206,392,1),(207,43,3),(207,207,5),(207,261,5),(208,31,1),(208,39,8),(208,78,5),(208,199,10),(208,346,5),(208,388,6),(208,458,7),(209,51,7),(209,109,4),(209,138,4),(209,379,9),(210,184,7),(210,229,4),(210,322,2),(210,335,3),(211,68,9),(211,121,10),(212,100,9),(212,203,7),(212,211,9),(212,298,5),(212,458,2),(212,495,8),(213,137,2),(213,150,3),(213,154,7),(213,188,3),(213,195,6),(213,296,5),(213,394,10),(214,54,6),(214,130,7),(214,160,7),(214,497,1),(215,272,9),(216,75,1),(216,214,6),(217,3,1),(217,288,2),(217,329,1),(218,21,10),(218,52,10),(218,225,4),(218,318,2),(218,403,2),(219,54,3),(219,132,6),(219,418,7),(220,6,6),(220,87,5),(220,98,7),(220,157,9),(220,400,4),(221,174,6),(221,322,5),(222,71,6),(223,451,10),(223,457,8),(224,337,5),(224,377,10),(224,442,5),(224,460,4),(224,472,1),(225,119,2),(225,164,6),(225,270,7),(226,79,9),(226,87,2),(226,475,9),(227,108,10),(227,232,9),(227,367,4),(227,443,4),(228,45,5),(228,110,1),(228,168,7),(228,246,7),(228,469,6),(228,486,1),(229,314,2),(229,400,3),(229,416,6),(230,432,5),(230,454,7),(231,204,6),(231,456,7),(232,49,4),(232,307,9),(233,434,5),(234,21,4),(234,196,8),(235,49,4),(235,81,1),(235,159,6),(235,424,1),(236,12,6),(236,473,3),(237,30,7),(237,182,9),(237,291,2),(237,311,8),(237,397,3),(237,449,2),(237,470,3),(238,395,8),(239,179,5),(239,301,8),(240,164,7),(241,234,6),(241,313,5),(241,354,1),(241,430,3),(242,221,2),(243,131,3),(243,150,3),(243,237,6),(243,450,3),(244,60,6),(244,175,9),(244,190,6),(245,5,2),(245,137,6),(245,261,1),(245,420,10),(246,429,3),(247,105,1),(247,106,10),(247,496,10),(248,3,4),(248,6,1),(248,313,1),(248,326,1),(251,145,2),(251,170,7),(251,241,6),(252,113,7),(252,121,7),(252,272,7),(252,294,7),(253,68,1),(253,101,10),(253,223,1),(254,51,10),(254,116,4),(254,124,9),(254,176,1),(255,117,1),(255,143,9),(256,236,2),(256,379,7),(256,483,9),(257,38,10),(258,114,1),(258,137,7),(258,375,9),(258,404,3),(258,489,10),(259,66,10),(259,330,3),(259,342,5),(260,149,2),(260,177,6),(260,184,5),(261,275,6),(261,469,3),(262,20,6),(262,112,8),(263,236,10),(263,268,4),(263,414,7),(264,13,10),(264,269,2),(264,317,6),(264,428,4),(265,8,5),(265,183,10),(265,195,6),(265,263,5),(265,307,6),(265,445,1),(265,460,8),(266,292,6),(266,328,8),(266,346,1),(266,488,1),(267,300,2),(267,347,9),(267,364,5),(268,62,7),(268,131,2),(270,102,6),(270,348,7),(271,76,10),(271,80,6),(271,107,6),(271,207,9),(272,291,8),(273,94,2),(273,171,4),(273,205,8),(273,471,7),(274,458,1),(274,474,5),(275,42,1),(275,52,10),(275,61,10),(275,122,1),(275,500,6),(276,44,1),(276,62,5),(276,116,8),(276,255,3),(276,321,2),(278,125,1),(279,1,1),(279,289,8),(279,500,7),(280,305,6),(280,315,1),(280,350,4),(281,13,6),(281,110,2),(281,426,1),(282,10,7),(282,15,4),(282,451,10),(283,156,4),(284,123,8),(284,126,2),(284,296,5),(284,298,3),(284,473,4),(285,127,10),(285,388,5),(285,397,7),(286,194,1),(286,387,4),(287,85,3),(287,381,2),(288,389,4),(289,203,2),(289,373,5),(289,392,7),(289,396,9),(289,443,6),(290,17,4),(290,193,3),(290,350,8),(290,454,3),(291,131,10),(291,203,2),(291,354,2),(291,408,7),(291,490,7),(292,24,6),(292,299,9),(292,347,10),(292,489,8),(293,149,7),(294,170,9),(295,160,9),(295,223,1),(295,224,4),(296,381,9),(297,33,9),(297,117,3),(298,319,9),(298,409,9),(298,412,5),(299,50,6),(299,185,4),(300,56,1),(301,65,3),(301,352,2),(301,438,9),(302,57,4),(302,111,1),(302,436,5),(303,345,5),(304,120,4),(305,59,6),(306,253,9),(306,298,6),(306,360,8),(306,385,2),(306,467,1),(306,472,10),(307,230,5),(307,326,9),(307,453,8),(308,136,8),(308,389,4),(308,476,6),(309,59,3),(309,189,3),(309,295,9),(309,387,10),(309,405,4),(310,107,4),(310,297,10),(310,447,5),(311,159,7),(313,21,2),(313,60,8),(313,177,4),(313,196,7),(314,172,9),(314,190,4),(314,249,4),(314,268,3),(314,462,5),(315,13,8),(315,210,5),(315,286,4),(315,291,8),(315,410,6),(315,444,4),(316,23,6),(316,437,3),(317,496,3),(318,109,2),(318,205,1),(318,273,7),(318,293,8),(318,403,3),(318,434,7),(319,57,8),(319,107,8),(319,305,8),(319,390,7),(320,1,4),(320,271,2),(320,277,1),(320,283,3),(320,294,2),(320,467,4),(321,179,10),(321,289,6),(321,452,6),(321,486,2),(321,488,5),(322,128,8),(322,260,9),(322,468,2),(323,62,10),(323,99,1),(323,178,7),(323,202,9),(323,349,2),(324,95,3),(325,118,6),(325,121,2),(325,167,6),(325,175,7),(325,341,8),(326,70,9),(326,371,4),(327,37,8),(327,47,1),(327,75,8),(327,274,9),(327,372,9),(327,466,4),(328,321,4),(328,379,4),(328,409,8),(329,43,10),(329,157,3),(330,58,8),(330,214,3),(330,397,2),(331,51,8),(331,83,9),(331,113,2),(331,221,5),(331,232,6),(331,365,6),(332,53,3),(332,97,4),(332,168,3),(332,268,8),(332,491,10),(333,34,6),(333,178,3),(333,263,7),(333,350,6),(334,37,9),(334,391,1),(335,7,2),(335,72,6),(335,134,1),(335,145,10),(335,430,10),(336,67,9),(336,74,8),(336,263,10),(336,323,8),(336,349,4),(336,375,6),(336,421,4),(337,33,3),(337,274,6),(337,418,9),(338,318,6),(339,116,9),(339,243,3),(339,354,10),(340,291,6),(340,395,4),(341,21,8),(341,124,5),(341,323,6),(342,61,2),(342,390,2),(342,446,6),(344,309,9),(344,351,2),(344,425,6),(345,38,5),(345,335,6),(346,114,2),(346,180,7),(346,395,8),(347,214,8),(348,290,10),(348,418,8),(350,334,2),(350,350,3),(350,371,9),(350,441,7),(350,468,6),(350,498,4),(351,57,1),(351,85,6),(352,328,8),(353,47,6),(353,73,2),(353,101,6),(353,123,4),(353,313,3),(353,371,5),(353,411,10),(354,319,3),(354,480,5),(355,54,2),(355,68,5),(355,390,1),(356,227,5),(356,315,4),(356,426,1),(357,117,1),(357,322,7),(357,470,10),(358,62,1),(358,66,1),(358,112,9),(358,118,6),(358,207,9),(358,352,10),(358,464,8),(359,426,4),(360,6,10),(360,191,6),(361,98,9),(361,121,1),(361,166,5),(361,203,7),(361,207,5),(361,375,6),(362,8,3),(362,49,4),(362,89,3),(362,132,2),(362,157,1),(362,370,2),(362,401,1),(363,47,1),(363,473,1),(364,97,8),(364,120,8),(364,296,10),(365,176,3),(365,251,6),(365,415,3),(366,200,4),(366,344,10),(367,361,8),(367,469,6),(368,45,5),(368,137,5),(368,329,3),(369,45,8),(369,332,10),(369,411,10),(369,497,10),(370,46,4),(370,82,2),(371,84,9),(371,272,7),(371,315,10),(371,328,8),(371,412,1),(371,453,3),(371,484,7),(371,486,2),(371,499,3),(372,127,5),(372,483,9),(373,140,10),(373,368,4),(374,15,4),(374,375,2),(374,417,7),(375,141,2),(376,9,3),(376,178,5),(376,420,4),(377,130,10),(377,260,8),(377,294,2),(378,227,3),(378,411,6),(379,40,9),(379,81,8),(379,329,7),(379,415,1),(380,238,4),(380,268,4),(380,274,6),(380,410,9),(381,231,2),(381,412,10),(381,441,4),(382,5,6),(382,28,2),(382,64,7),(382,206,1),(382,465,7),(382,490,4),(384,263,6),(385,172,6),(386,339,9),(386,408,10),(387,130,1),(387,177,4),(387,191,9),(387,321,7),(388,91,2),(388,348,6),(388,387,10),(389,323,10),(389,342,7),(389,426,6),(390,255,8),(390,284,1),(391,172,1),(392,240,1),(392,377,3),(392,386,1),(393,75,7),(393,105,1),(393,121,7),(394,200,9),(394,306,5),(395,10,4),(395,48,3),(395,380,6),(395,436,2),(395,479,10),(396,113,5),(396,172,9),(396,265,2),(396,292,7),(396,327,6),(396,377,6),(396,383,5),(396,486,5),(397,70,6),(397,95,7),(397,264,10),(397,320,4),(397,383,5),(398,28,2),(398,63,3),(399,26,1),(399,222,2),(399,448,7),(400,105,1),(400,123,10),(400,407,4),(400,477,1),(401,95,4),(401,381,1),(401,399,1),(402,95,6),(402,133,2),(402,158,6),(402,214,8),(402,333,4),(402,388,2),(403,48,6),(403,121,9),(403,132,5),(403,269,10),(403,372,7),(403,428,2),(404,282,5),(404,426,4),(404,427,3),(405,147,9),(405,382,6),(406,29,3),(406,132,5),(406,145,1),(406,248,7),(406,351,3),(407,130,10),(407,274,4),(407,412,2),(407,446,1),(407,499,8),(408,71,8),(408,117,6),(408,402,9),(408,420,3),(408,479,2),(409,64,5),(409,270,2),(409,302,10),(410,174,6),(411,233,3),(411,330,1),(411,415,9),(412,23,8),(412,209,2),(412,267,4),(413,13,2),(413,14,8),(413,300,8),(413,352,1),(414,146,9),(414,157,8),(414,262,6),(414,312,4),(415,186,1),(416,70,4),(416,172,2),(416,287,7),(417,3,3),(417,185,1),(417,482,6),(418,420,3),(419,372,10),(420,147,7),(420,300,7),(422,344,7),(423,27,9),(423,150,10),(423,407,6),(423,469,10),(424,10,2),(424,81,4),(425,112,5),(425,197,9),(425,232,8),(425,273,7),(425,484,4),(426,216,5),(426,323,2),(426,340,1),(427,389,5),(427,407,7),(427,418,3),(428,186,5),(428,210,7),(428,465,9),(429,18,2),(429,373,8),(429,415,2),(429,495,10),(430,441,2),(431,75,1),(431,192,4),(431,274,7),(431,323,9),(431,427,1),(431,464,2),(431,465,2),(432,38,10),(432,364,1),(433,36,4),(433,66,10),(433,284,6),(434,10,2),(434,57,4),(434,217,8),(434,294,7),(435,19,3),(435,54,9),(435,335,10),(438,259,8),(439,472,9),(440,175,7),(440,313,10),(440,426,3),(441,134,1),(441,288,5),(441,484,8),(442,83,5),(442,252,2),(443,9,10),(443,11,9),(443,53,1),(444,148,2),(444,263,3),(445,377,4),(445,433,5),(446,465,8),(447,167,4),(447,178,8),(448,165,6),(448,320,2),(448,368,1),(449,158,2),(449,216,3),(451,168,6),(451,261,7),(451,303,5),(452,379,2),(453,180,1),(453,201,8),(453,334,5),(453,381,1),(453,409,8),(454,109,1),(454,165,10),(454,242,8),(454,266,9),(455,259,3),(455,342,1),(455,345,4),(455,377,7),(455,406,5),(456,192,3),(456,282,5),(456,383,4),(456,412,3),(457,354,9),(458,63,7),(458,269,9),(459,267,10),(459,328,8),(459,345,2),(459,425,10),(459,443,10),(460,114,1),(460,252,10),(461,116,3),(461,374,3),(462,51,1),(462,176,9),(462,180,3),(462,262,10),(462,498,6),(463,116,1),(464,6,3),(464,149,9),(464,228,7),(464,338,1),(465,83,8),(465,98,7),(465,234,5),(465,373,2),(467,171,1),(467,188,2),(467,415,6),(468,234,2),(468,261,1),(469,8,3),(469,29,1),(469,72,5),(469,130,6),(469,196,8),(469,388,1),(470,51,8),(470,75,10),(470,148,1),(470,274,10),(470,298,7),(471,174,5),(471,204,6),(471,311,4),(472,251,6),(472,415,6),(472,500,10),(473,379,4),(474,190,4),(474,231,5),(474,295,10),(474,315,9),(475,35,1),(476,172,10),(476,303,7),(476,372,8),(476,410,9),(476,462,5),(477,209,9),(477,249,1),(477,284,10),(478,62,10),(478,64,8),(478,275,6),(478,277,4),(479,125,4),(479,299,4),(480,91,3),(480,105,2),(480,106,6),(480,332,2),(480,406,3),(480,466,3),(481,183,6),(481,285,6),(481,313,1),(482,416,7),(482,497,7),(483,55,6),(483,298,10),(483,311,5),(484,217,4),(486,9,4),(486,64,6),(486,158,4),(486,163,1),(486,213,5),(486,323,10),(486,395,5),(486,421,4),(486,485,1),(487,43,6),(487,99,3),(487,114,4),(487,416,1),(488,7,3),(488,149,3),(490,238,9),(491,12,8),(491,163,1),(491,191,3),(491,270,7),(491,318,3),(491,336,2),(492,15,9),(492,29,4),(492,58,5),(492,109,10),(492,296,4),(493,28,9),(493,416,8),(495,28,10),(495,191,10),(496,171,6),(496,308,10),(497,59,3),(497,323,8),(498,69,4),(498,70,4),(498,235,5),(498,246,3),(499,57,4),(500,32,5),(500,80,9),(500,219,10),(500,413,3),(501,79,1),(501,155,5),(501,279,4),(501,473,1),(502,31,8),(502,61,2),(502,116,4),(502,124,9),(502,149,8),(502,441,7),(503,60,7),(503,133,1),(503,384,1),(503,414,1),(504,46,1),(504,89,1),(504,189,1),(504,403,9),(504,450,5),(504,453,1),(505,20,3),(505,121,5),(505,238,6),(505,368,8),(506,88,7),(506,498,8),(507,405,3),(508,39,2),(508,124,9),(508,325,4),(508,458,1),(509,21,10),(509,25,2),(509,51,7),(510,152,8),(510,187,8),(510,315,9),(511,38,1),(511,117,5),(511,156,8),(511,318,8),(512,121,2),(512,243,10),(512,493,10),(513,67,3),(513,162,3),(513,324,3),(513,455,9),(513,457,1),(515,89,4),(515,181,1),(515,464,10),(515,477,5),(516,117,10),(516,246,2),(517,295,10),(518,75,9),(518,149,6),(518,227,9),(518,378,9),(518,434,4),(519,47,1),(519,178,9),(519,415,9),(519,449,2),(520,47,10),(520,84,6),(520,111,3),(520,118,2),(520,349,7),(520,408,7),(521,21,7),(521,75,7),(521,121,8),(521,182,5),(521,394,4),(521,400,2),(521,443,1),(521,444,2),(522,19,8),(522,334,2),(522,351,2),(523,38,5),(523,56,2),(523,134,3),(523,374,8),(524,49,1),(524,189,6),(524,206,4),(524,217,8),(524,245,7),(524,389,9),(525,4,10),(525,19,6),(525,51,1),(526,73,6),(526,142,1),(526,149,2),(526,347,7),(526,470,5),(527,72,1),(527,500,7),(528,135,1),(528,255,6),(528,275,3),(529,27,5),(529,190,6),(529,441,8),(530,238,3),(530,356,1),(531,137,1),(531,361,1),(531,430,9),(531,461,6),(533,63,7),(534,26,6),(534,203,1),(534,249,4),(534,295,2),(534,470,8),(535,95,5),(535,106,8),(535,166,1),(535,171,7),(535,274,3),(535,341,3),(535,416,7),(535,461,2),(536,312,1),(536,421,1),(537,104,8),(537,153,9),(537,340,3),(538,241,9),(538,410,4),(539,212,6),(539,322,7),(541,56,6),(541,66,5),(541,348,9),(541,361,4),(541,458,6),(541,480,3),(542,168,10),(542,328,5),(542,454,8),(542,486,6),(543,150,1),(543,262,9),(544,31,10),(544,276,9),(544,489,6),(545,233,1),(546,78,8),(546,321,10),(546,436,3),(548,116,2),(548,178,4),(548,359,9),(549,226,5),(549,380,10),(549,389,9),(550,87,9),(550,398,7),(551,10,2),(551,500,6),(552,73,4),(552,195,2),(552,213,10),(552,227,5),(552,255,4),(552,384,1),(552,447,2),(553,16,1),(553,194,10),(553,353,5),(553,479,1),(554,306,7),(554,485,9),(555,55,6),(555,108,9),(555,320,4),(556,64,5),(556,421,2),(557,466,6),(557,475,9),(557,487,7),(558,177,9),(558,308,6),(559,222,2),(560,208,4),(560,393,1),(561,55,10),(561,215,1),(561,346,3),(561,365,5),(562,140,10),(562,319,9),(563,156,2),(563,264,3),(563,268,3),(564,6,8),(564,158,8),(564,257,7),(564,263,4),(564,293,9),(565,187,5),(565,287,2),(566,343,6),(566,345,2),(566,494,5),(567,18,5),(567,23,8),(567,164,7),(567,335,5),(567,346,2),(568,65,5),(568,366,6),(569,487,6),(570,227,6),(570,432,7),(571,92,8),(571,206,6),(572,32,4),(572,137,7),(572,311,6),(572,377,2),(572,411,4),(573,264,10),(573,409,1),(573,411,7),(573,487,9),(574,24,6),(574,25,8),(574,256,4),(574,296,10),(574,429,8),(575,33,6),(575,188,6),(575,315,9),(576,140,1),(576,312,4),(576,387,10),(577,84,3),(577,134,2),(577,284,1),(577,390,8),(578,5,7),(578,176,4),(578,201,9),(578,256,6),(578,275,9),(578,374,5),(578,409,9),(579,137,2),(579,387,10),(580,103,9),(580,234,4),(580,351,5),(581,13,1),(581,104,6),(581,285,8),(581,415,2),(581,488,6),(582,93,1),(582,214,9),(582,307,9),(583,24,1),(583,315,2),(583,404,5),(583,413,4),(584,263,9),(584,367,9),(584,451,6),(585,17,4),(585,82,8),(585,117,6),(585,420,6),(586,431,3),(587,6,2),(587,37,5),(587,191,10),(587,206,3),(587,287,5),(587,368,8),(588,30,1),(588,136,8),(588,204,3),(588,420,2),(588,497,1),(589,395,2),(589,449,3),(590,31,2),(590,193,6),(590,202,6),(590,372,2),(591,133,6),(591,459,7),(592,111,9),(592,250,10),(592,292,3),(592,308,2),(593,236,4),(593,391,3),(594,133,6),(594,145,5),(594,194,5),(594,216,9),(594,272,2),(595,262,8),(595,283,7),(595,298,10),(595,322,3),(595,377,8),(596,74,7),(596,495,2),(597,227,4),(597,385,10),(598,144,6),(598,387,4),(599,58,2),(599,193,2),(599,264,6),(599,386,5),(600,9,4),(600,55,4),(600,245,8),(600,334,5),(600,398,7),(601,32,3),(601,79,3),(601,147,6),(601,160,8),(601,248,2),(601,430,5),(601,491,10),(602,82,7),(602,279,6),(602,416,10),(603,33,7),(603,254,6),(603,458,8),(604,38,10),(604,55,1),(604,258,4),(604,482,6),(605,207,7),(605,449,1),(606,76,6),(606,215,2),(606,314,10),(606,434,2),(606,485,7),(607,72,1),(607,239,5),(607,263,6),(607,370,2),(607,396,7),(608,256,2),(608,296,3),(609,261,7),(610,164,9),(610,385,6),(610,470,10),(610,485,7),(611,17,2),(611,99,7),(611,122,5),(611,240,2),(611,321,10),(612,249,7),(612,362,6),(612,396,4),(613,70,2),(613,316,2),(614,41,4),(614,113,3),(614,198,7),(614,309,8),(615,239,1),(616,66,1),(616,149,4),(618,52,9),(618,425,4),(619,107,5),(619,210,10),(619,344,4),(619,443,8),(620,78,2),(620,285,6),(620,412,7),(621,54,3),(621,91,5),(621,341,3),(621,496,8),(622,328,8),(624,28,5),(624,78,3),(624,125,3),(624,183,2),(624,230,8),(624,257,9),(624,300,5),(624,355,7),(625,111,5),(625,385,5),(625,430,8),(626,49,8),(626,198,1),(626,208,10),(626,295,10),(626,397,8),(627,423,9),(628,97,5),(628,198,7),(628,479,4),(629,98,2),(629,134,6),(630,118,7),(630,260,1),(630,347,8),(631,236,9),(632,98,3),(632,200,6),(632,357,8),(632,389,2),(633,109,5),(633,139,5),(633,159,10),(633,347,6),(633,366,8),(633,395,10),(634,7,4),(634,110,1),(634,147,9),(634,351,8),(634,386,2),(635,281,2),(635,486,9),(636,178,10),(636,261,1),(636,411,2),(637,24,3),(637,218,3),(637,250,7),(638,4,9),(638,6,8),(638,160,3),(639,308,5),(639,382,2),(640,81,8),(640,249,7),(641,127,9),(641,216,5),(642,323,7),(643,34,4),(643,233,9),(643,414,2),(643,461,6),(644,140,7),(645,116,3),(645,156,5),(645,263,10),(646,161,10),(646,212,9),(646,326,7),(647,44,6),(647,66,10),(647,70,7),(647,165,2),(647,288,10),(647,343,8),(647,389,7),(647,465,6),(648,43,5),(648,157,1),(649,429,2),(650,77,1),(650,78,9),(650,154,6),(650,158,4),(650,439,9),(651,133,10),(651,271,8),(651,299,8),(651,362,5),(652,46,9),(652,123,10),(652,160,1),(652,280,2),(652,339,10),(653,208,9),(653,245,6),(653,258,9),(653,365,7),(653,480,5),(654,195,10),(654,299,6),(654,367,4),(654,464,7),(655,156,4),(655,472,10),(655,484,8),(657,23,1),(657,264,3),(657,350,1),(658,258,1),(658,265,6),(658,468,7),(659,485,9),(659,491,9),(660,47,9),(660,319,1),(660,466,9),(661,277,3),(662,184,5),(662,485,7),(663,418,3),(664,138,3),(664,236,2),(664,245,10),(664,437,6),(665,99,4),(665,185,10),(665,332,2),(665,475,1),(666,51,1),(666,100,9),(666,467,4),(667,67,4),(667,175,8),(667,477,4),(668,71,9),(669,178,3),(670,307,8),(671,78,2),(671,112,9),(672,60,10),(672,330,7),(673,152,1),(673,284,8),(673,304,2),(673,347,1),(674,246,8),(674,267,3),(675,125,9),(675,203,7),(675,303,6),(675,408,3),(675,416,6),(676,193,9),(676,310,9),(676,476,10),(677,83,8),(677,104,1),(677,140,9),(677,215,2),(677,228,6),(677,240,2),(677,303,6),(677,499,4),(678,418,8),(679,4,10),(679,72,5),(679,98,7),(679,279,7),(679,415,7),(679,435,6),(680,92,3),(680,170,6),(681,37,7),(681,158,7),(681,193,1),(681,273,2),(681,391,1),(682,297,6),(682,368,1),(683,263,2),(684,58,5),(684,426,5),(684,466,1),(685,40,1),(685,445,6),(686,118,10),(686,132,7),(686,212,2),(686,236,8),(687,460,4),(687,489,1),(688,157,9),(688,193,6),(688,274,2),(688,285,10),(688,360,3),(689,13,10),(689,19,6),(689,42,5),(689,88,4),(689,140,10),(689,227,7),(689,333,4),(689,412,3),(690,182,8),(690,234,5),(690,262,10),(692,204,4),(692,265,3),(693,42,9),(693,76,9),(693,180,6),(693,210,5),(693,280,3),(693,298,10),(694,24,10),(694,99,3),(695,80,6),(695,383,6),(695,447,3),(696,24,6),(696,116,4),(696,197,2),(696,286,7),(696,292,3),(696,327,1),(696,453,3),(697,277,8),(697,495,10),(698,355,9),(699,159,6),(699,206,10),(700,23,5),(700,118,5),(700,183,2),(700,408,2),(701,318,8),(701,400,6),(701,434,9),(702,110,1),(702,159,4),(703,203,3),(703,464,1),(703,484,2),(704,13,9),(704,191,3),(704,304,6),(704,426,3),(705,120,9),(705,268,1),(705,290,6),(705,318,2),(705,336,9),(706,277,1),(707,105,2),(708,79,4),(708,441,8),(708,475,5),(709,87,8),(709,89,2),(709,401,6),(709,449,7),(710,93,1),(711,64,5),(711,80,10),(711,194,1),(711,326,10),(711,355,9),(712,96,9),(712,289,1),(713,81,7),(713,407,9),(714,445,10),(715,92,9),(715,360,8),(716,91,2),(716,116,4),(718,2,2),(718,331,9),(718,404,6),(719,67,3),(719,296,8),(719,465,6),(719,480,9),(720,308,7),(721,346,7),(722,39,5),(722,321,6),(722,371,3),(724,6,2),(724,49,5),(724,82,4),(724,287,6),(724,434,3),(725,22,7),(725,66,5),(725,206,5),(725,234,5),(725,289,10),(726,101,7),(726,107,10),(726,120,1),(726,163,3),(726,425,7),(726,465,8),(727,67,8),(727,68,8),(727,173,2),(727,207,8),(727,471,2),(728,115,7),(730,80,7),(730,119,4),(730,380,5),(731,32,4),(731,53,6),(731,56,7),(731,158,3),(731,252,4),(731,500,5),(732,228,3),(732,317,6),(733,146,9),(735,246,1),(735,364,7),(736,24,7),(736,37,9),(736,79,1),(736,346,5),(737,181,1),(737,208,6),(737,350,3),(737,365,3),(737,401,1),(738,95,2),(738,363,4),(738,402,1),(738,462,7),(739,17,1),(739,133,3),(739,175,2),(739,329,6),(740,132,4),(740,149,8),(740,340,2),(741,96,7),(741,152,7),(741,189,3),(741,231,9),(741,248,2),(742,56,3),(742,188,9),(742,485,3),(743,69,3),(743,193,6),(743,315,9),(743,351,5),(743,461,4),(744,135,4),(744,149,6),(744,330,9),(744,331,3),(745,381,2),(745,486,5),(746,306,5),(746,341,9),(747,113,9),(747,196,8),(747,244,4),(747,266,10),(748,78,4),(748,94,2),(748,198,3),(748,214,10),(748,226,2),(748,475,8),(749,31,3),(749,125,10),(749,201,7),(749,428,10),(751,82,10),(751,171,4),(752,126,2),(752,286,1),(752,311,7),(752,326,7),(752,349,6),(753,71,10),(753,92,4),(753,498,4),(754,45,6),(754,227,10),(754,438,9),(755,259,10),(756,69,8),(756,126,8),(756,201,7),(756,263,6),(756,391,8),(756,473,6),(757,16,2),(757,84,5),(757,284,8),(757,383,4),(757,399,8),(757,410,5),(758,287,6),(759,373,6),(759,452,7),(760,37,7),(760,67,4),(760,156,4),(760,211,9),(760,443,8),(760,453,10),(761,73,6),(761,350,3),(761,383,3),(762,361,10),(762,435,6),(763,53,10),(763,498,9),(764,270,6),(765,121,8),(765,252,3),(765,486,4),(766,95,8),(767,175,1),(767,298,5),(767,500,2),(768,73,9),(768,321,8),(769,103,5),(769,160,5),(769,185,8),(769,418,6),(770,49,3),(770,330,5),(771,238,4),(772,107,5),(772,334,6),(772,458,3),(773,2,6),(773,42,10),(773,49,7),(773,189,8),(773,269,8),(773,273,3),(773,410,2),(774,37,1),(774,43,8),(774,91,6),(774,316,6),(775,328,3),(776,462,8),(777,130,8),(777,334,6),(778,33,3),(778,282,1),(779,198,8),(779,385,3),(780,256,10),(780,276,1),(781,63,9),(781,121,2),(781,171,5),(781,315,5),(781,440,9),(782,201,5),(782,259,9),(782,370,4),(783,293,3),(785,191,8),(785,259,3),(785,425,1),(785,427,6),(786,453,5),(787,454,10),(788,191,7),(788,207,6),(788,224,4),(788,252,9),(788,308,1),(788,343,6),(789,257,9),(789,311,8),(789,334,4),(789,482,4),(790,8,5),(790,251,3),(790,472,2),(791,15,5),(791,166,4),(791,399,6),(792,132,1),(792,291,3),(792,429,7),(793,208,3),(793,311,10),(794,231,10),(795,46,10),(795,92,8),(795,263,7),(795,379,5),(795,467,9),(796,82,8),(796,99,10),(796,470,6),(797,53,7),(797,163,4),(797,192,2),(797,370,3),(798,143,1),(798,365,1),(799,36,9),(799,218,8),(799,329,7),(800,290,8),(800,373,5),(800,425,10),(801,254,6),(801,289,2),(801,445,9),(802,5,5),(802,408,5),(803,421,3),(804,216,10),(804,342,3),(804,433,2),(804,454,7),(805,98,6),(805,163,2),(805,281,8),(805,446,6),(806,2,2),(806,165,1),(806,377,10),(806,384,7),(806,469,6),(807,28,5),(807,47,9),(807,73,6),(807,265,9),(807,266,8),(807,381,4),(808,145,9),(808,158,9),(808,181,2),(808,263,2),(808,318,6),(809,150,6),(809,300,7),(809,314,2),(809,394,10),(809,454,7),(810,89,9),(811,36,8),(811,289,3),(811,325,4),(812,74,4),(812,160,7),(812,214,1),(813,425,7),(814,70,8),(814,156,9),(814,158,4),(814,346,4),(814,459,2),(814,496,10),(815,2,8),(815,50,7),(815,216,1),(815,295,4),(815,356,3),(815,382,3),(816,57,3),(816,76,2),(816,105,4),(816,293,4),(817,285,7),(817,369,6),(817,495,1),(818,159,3),(818,205,1),(818,276,6),(818,398,8),(819,295,1),(819,381,1),(820,233,10),(820,274,8),(820,313,6),(820,476,7),(821,17,7),(821,249,2),(822,184,9),(822,278,8),(822,364,8),(822,500,6),(823,10,8),(823,117,3),(823,253,8),(823,459,4),(824,260,9),(824,372,9),(824,387,8),(824,392,7),(825,138,1),(825,173,7),(825,246,6),(825,488,10),(826,144,10),(826,168,1),(826,269,7),(827,274,5),(827,400,3),(828,18,10),(828,236,5),(829,159,2),(830,181,5),(831,179,6),(831,202,4),(831,281,1),(831,320,9),(831,328,8),(832,223,6),(833,219,2),(833,227,10),(833,300,10),(833,490,6),(834,27,10),(834,135,1),(834,164,10),(834,173,9),(834,198,10),(834,458,5),(835,129,9),(835,164,9),(835,345,7),(835,369,6),(835,428,10),(836,139,10),(836,177,1),(837,207,6),(837,312,8),(838,244,6),(839,29,5),(839,210,10),(839,486,7),(840,123,10),(840,124,7),(841,34,1),(841,59,4),(841,230,3),(842,189,10),(842,227,10),(842,345,3),(842,374,8),(843,10,10),(843,103,9),(843,190,5),(844,358,10),(845,176,4),(845,419,6),(846,29,7),(846,248,5),(846,489,10),(846,496,7),(847,177,1),(847,312,5),(847,483,9),(848,98,8),(848,256,6),(848,325,3),(849,104,7),(849,146,10),(849,162,3),(849,290,2),(849,367,5),(849,383,7),(849,407,1),(850,392,3),(850,480,7),(852,39,7),(852,108,1),(852,274,2),(852,339,7),(853,201,5),(853,389,3),(853,473,3),(854,126,9),(854,127,10),(854,258,2),(854,370,6),(855,278,4),(855,357,3),(856,23,3),(856,76,8),(856,99,3),(856,491,3),(857,33,8),(857,192,10),(857,266,5),(857,499,9),(858,111,10),(858,222,1),(858,225,2),(859,268,4),(859,326,6),(860,33,9),(860,458,2),(861,121,1),(861,142,4),(861,161,6),(861,168,2),(861,180,4),(861,204,1),(861,387,10),(861,408,2),(862,340,9),(863,217,2),(863,246,9),(864,391,6),(864,446,3),(865,470,1),(866,42,4),(866,99,10),(866,333,3),(867,48,10),(867,115,9),(867,137,2),(867,184,3),(867,457,8),(868,224,2),(869,87,6),(869,317,9),(869,394,10),(869,421,3),(870,70,3),(870,285,1),(870,353,9),(870,493,7),(871,52,6),(871,130,4),(871,325,5),(871,386,7),(872,109,8),(872,249,10),(873,377,10),(875,48,6),(876,84,6),(876,225,5),(877,53,8),(877,171,7),(877,204,8),(877,249,3),(877,298,3),(877,363,2),(879,46,10),(879,223,6),(879,411,9),(880,215,7),(880,247,4),(881,75,1),(881,100,3),(881,201,1),(881,315,6),(881,320,7),(882,111,6),(882,193,3),(882,331,5),(883,38,5),(883,189,9),(883,190,5),(883,233,8),(883,305,6),(883,479,8),(884,9,4),(884,29,9),(884,236,10),(884,313,2),(884,336,3),(884,376,8),(885,34,5),(885,92,3),(885,397,6),(885,447,4),(885,451,7),(887,197,2),(887,256,4),(887,262,10),(887,391,1),(887,467,3),(889,143,10),(889,443,3),(889,498,5),(891,72,7),(891,112,9),(891,258,10),(892,57,6),(892,185,7),(892,218,5),(892,339,3),(892,390,4),(892,463,1),(893,25,2),(893,110,3),(893,452,6),(894,245,1),(894,398,1),(895,37,3),(895,82,3),(895,179,2),(895,409,8),(896,32,4),(896,397,5),(896,436,8),(897,163,3),(897,204,9),(897,387,9),(898,40,3),(898,112,7),(898,132,9),(898,266,2),(898,498,5),(898,500,5),(899,54,8),(899,272,6),(899,368,9),(899,369,9),(900,243,1),(900,435,9),(900,486,6),(902,4,4),(902,91,7),(902,346,4),(904,335,2),(905,46,1),(905,92,5),(905,167,9),(905,173,10),(905,227,7),(905,332,4),(905,478,3),(906,66,3),(906,166,3),(906,249,9),(907,28,8),(907,417,7),(908,35,6),(908,142,6),(908,377,6),(909,94,8),(909,186,8),(909,258,4),(909,274,8),(909,368,5),(910,101,2),(910,217,6),(910,299,4),(910,392,9),(910,500,5),(911,63,5),(911,217,6),(911,276,7),(912,15,6),(912,139,3),(912,183,5),(913,78,8),(913,403,2),(913,407,6),(913,462,9),(914,29,7),(914,60,4),(914,63,8),(914,86,1),(914,261,7),(914,438,8),(914,449,2),(914,459,3),(915,10,10),(915,415,4),(915,469,2),(915,480,6),(916,273,6),(917,17,7),(917,46,2),(917,127,1),(917,458,10),(918,385,1),(919,21,3),(919,51,2),(921,36,3),(921,47,8),(921,70,10),(921,127,7),(921,451,2),(922,332,3),(923,321,4),(923,465,6),(924,14,4),(924,19,6),(924,94,8),(924,335,3),(925,121,5),(925,315,3),(926,480,9),(927,190,2),(927,225,3),(927,244,7),(928,4,4),(928,31,6),(928,349,1),(928,482,10),(929,421,5),(930,440,9),(930,454,7),(931,67,2),(931,75,9),(931,133,6),(932,169,2),(932,318,4),(933,190,8),(933,230,6),(933,291,9),(933,368,8),(934,130,7),(934,184,7),(934,233,2),(934,263,4),(934,296,7),(934,390,10),(935,5,4),(935,17,5),(935,154,9),(936,19,5),(936,446,2),(936,470,2),(937,175,2),(937,259,8),(937,291,4),(937,390,10),(937,474,4),(938,270,3),(939,195,6),(939,318,3),(940,195,6),(940,286,10),(941,100,10),(941,162,1),(941,189,10),(941,254,2),(941,496,6),(942,258,1),(942,329,5),(942,391,7),(943,63,3),(943,274,5),(943,375,1),(944,7,8),(944,39,4),(944,106,4),(944,312,10),(945,137,3),(945,213,7),(945,270,1),(945,272,6),(946,264,6),(946,321,8),(946,391,4),(946,396,6),(946,450,5),(946,480,9),(947,152,9),(947,211,9),(948,103,8),(948,116,7),(948,140,2),(949,304,2),(949,422,3),(950,27,5),(950,360,6),(950,454,3),(951,120,10),(951,349,5),(952,121,5),(952,192,5),(953,132,6),(953,198,6),(953,401,10),(954,2,1),(954,244,6),(955,69,9),(955,159,9),(955,254,3),(955,314,7),(955,365,9),(956,146,6),(956,297,7),(956,392,2),(957,411,8),(957,493,3),(958,369,9),(959,46,10),(959,232,4),(959,336,4),(959,442,9),(960,32,2),(960,224,7),(960,228,5),(961,328,8),(961,366,2),(961,460,2),(963,102,4),(963,245,1),(963,381,10),(965,4,9),(965,45,5),(965,159,4),(965,303,4),(965,354,7),(965,382,5),(967,155,7),(967,212,5),(967,457,9),(967,466,6),(968,87,8),(968,99,2),(968,273,1),(968,300,9),(968,414,3),(968,460,6),(968,470,10),(969,16,7),(969,76,6),(969,421,8),(970,160,10),(970,287,3),(971,134,9),(971,226,5),(971,287,10),(971,337,3),(973,42,1),(973,82,9),(973,189,9),(973,246,2),(974,85,9),(974,228,4),(975,280,9),(975,311,6),(975,326,8),(975,364,7),(975,482,4),(976,139,9),(976,403,5),(976,483,10),(977,90,8),(977,387,7),(977,401,10),(978,7,4),(978,68,10),(978,75,5),(979,7,5),(979,15,6),(979,49,2),(979,227,5),(979,403,1),(979,411,6),(980,17,2),(980,77,7),(980,209,1),(980,225,4),(981,127,8),(981,228,2),(981,444,10),(982,110,9),(982,242,2),(982,250,8),(982,289,6),(982,347,7),(982,356,4),(982,394,3),(983,26,4),(983,29,8),(983,180,2),(984,28,2),(984,132,7),(985,64,4),(985,126,1),(985,368,8),(985,388,9),(985,472,5),(986,298,2),(987,76,9),(987,195,9),(987,432,4),(988,312,10),(988,436,8),(989,152,3),(989,474,7),(990,55,4),(990,165,7),(991,96,3),(991,467,1),(992,122,1),(993,24,1),(993,123,7),(993,387,4),(994,23,4),(994,279,7),(994,283,1),(994,431,10),(995,185,3),(995,274,9),(996,375,5),(996,420,2),(997,202,7),(997,264,9),(997,354,2),(997,372,10),(997,390,6),(997,442,4),(998,341,6),(998,416,2),(999,18,9),(1000,75,4),(1000,353,7),(1000,443,1);
/*!40000 ALTER TABLE `orderlisting` ENABLE KEYS */;
UNLOCK TABLES;

--
-- Table structure for table `orders`
--

DROP TABLE IF EXISTS `orders`;
/*!40101 SET @saved_cs_client     = @@character_set_client */;
/*!50503 SET character_set_client = utf8mb4 */;
CREATE TABLE `orders` (
  `orderID` int NOT NULL AUTO_INCREMENT,
  `buyer` varchar(50) NOT NULL,
  `date` date NOT NULL,
  PRIMARY KEY (`orderID`),
  KEY `buyer` (`buyer`),
  CONSTRAINT `orders_ibfk_1` FOREIGN KEY (`buyer`) REFERENCES `user` (`userID`) ON DELETE CASCADE
) ENGINE=InnoDB AUTO_INCREMENT=1001 DEFAULT CHARSET=utf8mb4 COLLATE=utf8mb4_0900_ai_ci;
/*!40101 SET character_set_client = @saved_cs_client */;

--
-- Dumping data for table `orders`
--

LOCK TABLES `orders` WRITE;
/*!40000 ALTER TABLE `orders` DISABLE KEYS */;
INSERT INTO `orders` VALUES (1,'samuel52','2024-09-01'),(2,'brian60','2024-10-21'),(3,'lbarnett','2024-09-04'),(4,'jessicavargas','2024-07-27'),(5,'psmith','2024-08-06'),(6,'ricksmith','2024-11-22'),(7,'igonzalez','2024-03-03'),(8,'cowen','2024-04-12'),(9,'christiankelly','2024-01-27'),(10,'dunnapril','2024-02-10'),(11,'christinaanderson','2024-05-01'),(12,'salinasbrandon','2024-03-29'),(13,'pstephens','2024-10-02'),(14,'gstewart','2024-02-21'),(15,'yphillips','2024-06-03'),(16,'gblair','2024-09-02'),(17,'bharris','2023-11-24'),(18,'ythomas','2023-12-31'),(19,'keith68','2024-11-16'),(20,'johnwise','2023-12-10'),(21,'westandrea','2024-03-30'),(22,'xlozano','2024-04-18'),(23,'bryanmorales','2024-08-24'),(24,'ppena','2024-09-06'),(25,'xlozano','2024-05-18'),(26,'michael68','2024-09-09'),(27,'vasquezsheena','2024-05-11'),(28,'deannahenry','2024-10-11'),(29,'samanthanielsen','2024-03-24'),(30,'keithvalentine','2024-05-23'),(31,'lking','2024-08-28'),(32,'edickerson','2024-01-22'),(33,'dboyd','2024-11-22'),(34,'muellertony','2024-03-02'),(35,'gallowaymichael','2024-09-04'),(36,'dunnapril','2024-06-11'),(37,'ryannelson','2024-07-15'),(38,'uboyer','2024-01-23'),(39,'meghan05','2024-03-21'),(40,'kristine47','2024-07-21'),(41,'smithmarie','2024-08-16'),(42,'lynchmichelle','2024-01-20'),(43,'edickerson','2024-03-12'),(44,'uboyer','2024-07-26'),(45,'kfuller','2023-11-23'),(46,'wallacemargaret','2024-09-17'),(47,'andrea99','2024-05-11'),(48,'diazmelissa','2024-09-05'),(49,'kristine47','2024-10-06'),(50,'kenneth96','2024-08-19'),(51,'james77','2024-11-08'),(52,'meghansims','2024-10-26'),(53,'chase43','2023-11-25'),(54,'kimchristopher','2024-05-13'),(55,'ohaynes','2024-10-10'),(56,'hoffmanlori','2024-06-23'),(57,'john16','2024-08-05'),(58,'duartebeverly','2023-12-22'),(59,'xlozano','2024-03-31'),(60,'jared41','2024-05-29'),(61,'amandawyatt','2024-03-28'),(62,'jake04','2023-12-17'),(63,'samuelchan','2024-09-08'),(64,'yserrano','2024-06-30'),(65,'linda40','2024-01-12'),(66,'donna83','2024-01-09'),(67,'wilkinsonelizabeth','2024-08-02'),(68,'carrollhannah','2023-12-14'),(69,'turnerdeborah','2024-07-24'),(70,'schmidtdesiree','2024-10-18'),(71,'derekmccoy','2023-12-06'),(72,'mooreruben','2024-02-28'),(73,'baxtermeghan','2024-10-08'),(74,'andrewrichardson','2024-02-15'),(75,'cmercado','2024-06-14'),(76,'ricevincent','2024-02-10'),(77,'ricevincent','2024-11-14'),(78,'frank25','2024-03-27'),(79,'schmidtdesiree','2024-04-21'),(80,'turnerdeborah','2024-04-16'),(81,'michaelwilliams','2024-03-29'),(82,'kevinsmith','2024-09-09'),(83,'vickie56','2024-01-08'),(84,'kelseyjuarez','2024-08-12'),(85,'sawyerkrystal','2024-07-25'),(86,'cadams','2024-01-30'),(87,'kenneth96','2024-04-08'),(88,'jalexander','2024-07-05'),(89,'richardevans','2024-01-09'),(90,'jonathan60','2024-10-11'),(91,'ecalhoun','2024-01-27'),(92,'fbishop','2024-09-03'),(93,'jessicavargas','2024-01-03'),(94,'yserrano','2024-05-12'),(95,'weberlee','2024-09-05'),(96,'dwaynesolis','2023-12-01'),(97,'vasquezsheena','2024-07-15'),(98,'cadams','2024-09-13'),(99,'xbarrett','2023-12-29'),(100,'ksanchez','2023-12-14'),(101,'linda40','2024-02-14'),(102,'diazmelissa','2024-02-24'),(103,'simsmelissa','2023-12-22'),(104,'susan06','2024-04-24'),(105,'sean84','2024-06-06'),(106,'peterlarson','2024-10-05'),(107,'weberlee','2024-04-26'),(108,'latasha52','2024-05-22'),(109,'owood','2024-06-02'),(110,'robertsemily','2024-08-06'),(111,'cristianpearson','2024-03-30'),(112,'christopherhunt','2024-03-18'),(113,'harrisonjessica','2023-12-07'),(114,'grahamdebra','2024-11-06'),(115,'frank25','2023-12-14'),(116,'wilsonmegan','2024-09-30'),(117,'reevesjoseph','2024-05-01'),(118,'michaelwilliams','2024-05-13'),(119,'daybradley','2024-09-27'),(120,'smithjoseph','2024-05-17'),(121,'jbrown','2024-04-21'),(122,'kfuller','2024-03-04'),(123,'meghan05','2024-07-20'),(124,'vross','2024-10-19'),(125,'gabrielawilcox','2023-11-25'),(126,'edickerson','2023-12-27'),(127,'smithmarie','2024-06-15'),(128,'wilkinsonelizabeth','2024-03-28'),(129,'angelaperry','2024-05-08'),(130,'jeffreymanning','2024-04-22'),(131,'ismith','2024-10-19'),(132,'thomas73','2024-07-05'),(133,'meghansims','2024-10-10'),(134,'amycollins','2024-02-20'),(135,'scott04','2024-07-04'),(136,'qmendez','2024-11-15'),(137,'grahamdebra','2024-06-10'),(138,'ashley87','2024-04-09'),(139,'lcruz','2024-05-15'),(140,'conniescott','2024-03-30'),(141,'donna83','2024-01-02'),(142,'glawson','2024-09-23'),(143,'derrickturner','2024-02-24'),(144,'cmurphy','2024-10-05'),(145,'edickerson','2024-08-29'),(146,'kenneth96','2024-08-22'),(147,'sawyerkrystal','2024-03-30'),(148,'cjohnston','2024-03-07'),(149,'djackson','2024-07-08'),(150,'samanthanielsen','2024-11-21'),(151,'ismith','2024-06-25'),(152,'veronicamartin','2024-07-12'),(153,'djackson','2024-08-05'),(154,'frank25','2024-08-13'),(155,'raymond30','2024-08-21'),(156,'pstephens','2024-07-20'),(157,'josephzachary','2024-08-22'),(158,'donna83','2024-06-18'),(159,'cadams','2023-12-30'),(160,'williamsdiana','2024-05-09'),(161,'bishoplisa','2024-07-07'),(162,'andrea07','2023-12-12'),(163,'dweber','2024-06-05'),(164,'racheljackson','2024-04-06'),(165,'meghansims','2024-10-27'),(166,'robertsemily','2024-03-17'),(167,'breannaross','2024-10-14'),(168,'bgarcia','2023-12-12'),(169,'tateandrew','2024-06-09'),(170,'cadams','2024-11-21'),(171,'ashley87','2023-12-04'),(172,'wilsonmegan','2024-11-16'),(173,'ywilkerson','2024-10-04'),(174,'kevinsmith','2024-06-01'),(175,'sanchezdonald','2024-02-24'),(176,'grahamdebra','2024-08-12'),(177,'andrewrichardson','2024-08-04'),(178,'amandawyatt','2023-12-08'),(179,'vickie56','2023-12-08'),(180,'bishoplisa','2024-02-22'),(181,'crystal01','2024-02-16'),(182,'igonzalez','2024-03-12'),(183,'kelseyjuarez','2023-11-26'),(184,'cjohnston','2024-07-12'),(185,'wandaroberts','2024-01-31'),(186,'derekmccoy','2024-05-08'),(187,'virginiakelley','2024-04-02'),(188,'ywilkerson','2024-03-26'),(189,'baileysims','2024-01-02'),(190,'gomezcharles','2024-03-17'),(191,'bgarcia','2024-08-20'),(192,'garrisongary','2024-04-21'),(193,'robertopatel','2024-06-28'),(194,'jonathan60','2024-08-02'),(195,'dawsonamber','2023-12-31'),(196,'jeffreymanning','2024-05-31'),(197,'jennifer73','2024-10-20'),(198,'latasha52','2024-05-31'),(199,'stevensimpson','2024-06-23'),(200,'angela88','2023-11-24'),(201,'cmurphy','2024-10-23'),(202,'susan25','2024-01-27'),(203,'riosdavid','2024-10-02'),(204,'cmurphy','2024-09-16'),(205,'xlozano','2024-02-20'),(206,'uthornton','2024-06-27'),(207,'privera','2024-01-15'),(208,'hwilson','2024-10-29'),(209,'wendymills','2023-12-31'),(210,'gomezcharles','2024-10-16'),(211,'orobbins','2024-01-13'),(212,'kfuller','2024-01-26'),(213,'michael68','2024-10-10'),(214,'spearskaitlyn','2024-05-19'),(215,'smithmarie','2024-05-27'),(216,'simsmelissa','2024-08-27'),(217,'kevinsmith','2024-05-23'),(218,'philiptorres','2024-07-03'),(219,'nicole22','2023-12-16'),(220,'robertopatel','2024-02-09'),(221,'richardevans','2024-07-13'),(222,'amycollins','2024-03-30'),(223,'mdean','2024-04-30'),(224,'grantjoseph','2024-09-11'),(225,'ujacobs','2024-03-11'),(226,'sawyerkrystal','2024-03-17'),(227,'turnerdeborah','2024-10-06'),(228,'julia46','2023-12-22'),(229,'frank25','2024-10-30'),(230,'williamsdiana','2024-01-22'),(231,'elizabethjohnson','2024-04-11'),(232,'cobrien','2024-01-10'),(233,'clineheather','2024-09-19'),(234,'justin13','2024-11-17'),(235,'edward65','2023-12-05'),(236,'josephmatthew','2023-12-30'),(237,'john99','2024-09-28'),(238,'andrea99','2024-03-20'),(239,'smithjoseph','2024-11-03'),(240,'andrea99','2024-05-31'),(241,'jamesgillespie','2024-08-20'),(242,'gallowaymichael','2024-08-15'),(243,'vowens','2024-05-22'),(244,'timothy11','2024-07-16'),(245,'bishoplisa','2024-09-03'),(246,'ustewart','2024-07-30'),(247,'ryannelson','2024-11-17'),(248,'qmendez','2024-08-07'),(249,'fkeith','2024-01-17'),(250,'brandonjackson','2024-05-08'),(251,'nbradford','2024-08-24'),(252,'stephenmeyer','2024-07-19'),(253,'vowens','2024-02-27'),(254,'ryan50','2024-09-18'),(255,'jamie52','2024-08-30'),(256,'xbarrett','2024-02-27'),(257,'stanleywilliam','2024-01-27'),(258,'kevinsmith','2024-11-15'),(259,'marknorton','2024-01-27'),(260,'kfuller','2024-05-12'),(261,'amycollins','2023-12-02'),(262,'sean84','2024-06-10'),(263,'dawsonamber','2024-04-07'),(264,'wandaroberts','2024-02-26'),(265,'tateandrew','2023-11-27'),(266,'lbarnett','2024-04-17'),(267,'brian60','2024-09-19'),(268,'jalexander','2023-11-30'),(269,'christiankelly','2024-02-02'),(270,'kara10','2024-09-08'),(271,'barry26','2023-12-19'),(272,'haleyfrye','2024-08-11'),(273,'ohaynes','2024-11-03'),(274,'stephenmeyer','2024-03-13'),(275,'nhughes','2024-09-28'),(276,'bgarcia','2024-06-14'),(277,'bgarcia','2024-03-02'),(278,'racheljackson','2024-01-30'),(279,'frank25','2024-06-03'),(280,'pstephens','2024-01-24'),(281,'uboyer','2024-06-07'),(282,'carrollhannah','2024-05-22'),(283,'edward06','2024-02-19'),(284,'angela72','2024-11-09'),(285,'meghansims','2024-11-07'),(286,'baileysims','2024-02-10'),(287,'erickrueger','2024-10-01'),(288,'kpitts','2024-01-30'),(289,'ywest','2024-03-24'),(290,'averymarcia','2024-02-29'),(291,'dunnapril','2023-11-24'),(292,'mathisrachel','2024-11-19'),(293,'stephenmeyer','2024-06-30'),(294,'ecalhoun','2024-02-04'),(295,'amandawyatt','2024-03-19'),(296,'mooreruben','2024-02-08'),(297,'mary84','2024-05-25'),(298,'cmurphy','2024-02-16'),(299,'dluna','2023-12-01'),(300,'xwhite','2023-12-12'),(301,'salasrobert','2024-10-02'),(302,'peterlarson','2024-04-24'),(303,'ashley87','2023-12-08'),(304,'swood','2024-09-18'),(305,'castilloclaudia','2024-11-17'),(306,'haleyfrye','2024-03-27'),(307,'kari34','2024-01-24'),(308,'sawyerkrystal','2024-03-12'),(309,'angela72','2024-10-30'),(310,'heather01','2024-10-17'),(311,'kevinsmith','2024-03-12'),(312,'meagan40','2024-05-06'),(313,'carrollhannah','2024-07-22'),(314,'schmidtdesiree','2024-10-11'),(315,'justin13','2023-11-26'),(316,'amanda72','2024-09-17'),(317,'peterlarson','2023-12-30'),(318,'daybradley','2024-04-03'),(319,'kevinsmith','2024-02-14'),(320,'hoffmanlori','2024-04-13'),(321,'kristine47','2023-12-23'),(322,'yserrano','2024-05-12'),(323,'dunnapril','2024-08-29'),(324,'michael05','2024-08-02'),(325,'kimberly42','2023-12-31'),(326,'amanda72','2024-06-24'),(327,'wendymills','2024-09-29'),(328,'jamesgillespie','2024-10-04'),(329,'hoffmanlori','2024-10-02'),(330,'scott04','2024-03-06'),(331,'schmidtdesiree','2024-07-28'),(332,'kimchristopher','2024-02-03'),(333,'nhughes','2023-12-27'),(334,'vross','2024-07-03'),(335,'salasrobert','2024-05-04'),(336,'eric60','2024-10-11'),(337,'josephmatthew','2024-10-13'),(338,'kristine47','2024-09-07'),(339,'jalexander','2024-10-22'),(340,'kfuller','2024-04-09'),(341,'sgarcia','2024-03-21'),(342,'michael05','2024-09-09'),(343,'timothyfrazier','2024-05-27'),(344,'ywilkerson','2024-10-23'),(345,'robertsemily','2024-07-18'),(346,'fkeith','2023-12-31'),(347,'stephenmeyer','2024-08-07'),(348,'christiankelly','2024-03-20'),(349,'james01','2023-12-16'),(350,'riosdavid','2024-05-15'),(351,'virginiakelley','2024-06-15'),(352,'susan06','2024-08-28'),(353,'angela88','2024-05-24'),(354,'clineheather','2024-11-06'),(355,'ismith','2024-07-17'),(356,'samanthanielsen','2024-06-14'),(357,'nhernandez','2024-03-06'),(358,'stevensimpson','2024-08-20'),(359,'swood','2023-12-07'),(360,'breannaross','2024-02-27'),(361,'linda40','2024-07-04'),(362,'stevensimpson','2024-08-30'),(363,'brian60','2024-11-22'),(364,'fbrown','2024-05-09'),(365,'brycehuffman','2024-04-16'),(366,'fkeith','2024-07-14'),(367,'jamesgillespie','2024-01-02'),(368,'rrobinson','2024-02-25'),(369,'jessicavargas','2024-07-10'),(370,'latasha52','2024-03-17'),(371,'cjohnston','2024-03-20'),(372,'reedwhitney','2023-12-29'),(373,'jamesgillespie','2024-11-06'),(374,'larsonmichelle','2024-04-01'),(375,'stanleywilliam','2024-06-24'),(376,'ldorsey','2024-06-19'),(377,'timothyfrazier','2024-02-01'),(378,'smithlaura','2024-08-16'),(379,'reedwhitney','2023-11-29'),(380,'salinasbrandon','2024-09-04'),(381,'angelaperry','2024-03-14'),(382,'james01','2024-06-01'),(383,'williamsdiana','2024-01-09'),(384,'alexiswoods','2024-02-02'),(385,'richard96','2023-12-18'),(386,'lbarnett','2024-09-20'),(387,'yvonnegonzales','2024-08-05'),(388,'lisa70','2024-11-07'),(389,'sean84','2024-07-03'),(390,'bbean','2024-08-25'),(391,'mitchellscott','2023-12-09'),(392,'duartebeverly','2023-12-29'),(393,'castilloclaudia','2024-08-05'),(394,'kimchristopher','2024-04-28'),(395,'lisa70','2024-01-25'),(396,'reevesjoseph','2024-08-09'),(397,'cowen','2024-07-22'),(398,'richard96','2024-04-29'),(399,'psmith','2024-09-22'),(400,'angela88','2024-03-10'),(401,'robertopatel','2024-08-13'),(402,'keithvalentine','2024-03-27'),(403,'fhoward','2024-06-10'),(404,'breannaross','2024-05-08'),(405,'barbaramiller','2023-12-12'),(406,'vross','2024-07-03'),(407,'baileysims','2024-10-01'),(408,'castilloclaudia','2024-03-18'),(409,'cadams','2024-02-14'),(410,'richardparker','2024-08-31'),(411,'yphillips','2024-10-23'),(412,'scott04','2024-09-24'),(413,'anne21','2024-03-18'),(414,'tiffanybarry','2024-03-30'),(415,'justin13','2024-09-23'),(416,'tommysanchez','2024-03-26'),(417,'meagan40','2024-10-16'),(418,'kfuller','2024-01-15'),(419,'carrollhannah','2024-09-19'),(420,'baileysims','2024-10-29'),(421,'vclark','2024-07-18'),(422,'nhernandez','2024-08-13'),(423,'conniescott','2024-02-24'),(424,'bharris','2024-07-22'),(425,'megan67','2024-02-11'),(426,'johnwise','2024-06-14'),(427,'michael05','2024-08-03'),(428,'martin99','2024-05-09'),(429,'iweaver','2024-04-05'),(430,'wandaroberts','2024-09-07'),(431,'fbrown','2024-10-06'),(432,'gomezcharles','2024-06-24'),(433,'john99','2024-08-30'),(434,'nicole22','2023-12-31'),(435,'samanthanielsen','2024-01-21'),(436,'ellen77','2024-06-07'),(437,'cjohnston','2024-10-13'),(438,'timothyfrazier','2023-11-25'),(439,'daybradley','2024-07-30'),(440,'nhoover','2024-04-03'),(441,'raymond30','2023-12-24'),(442,'sawyerkrystal','2024-01-14'),(443,'cadams','2024-08-13'),(444,'rrobinson','2024-07-28'),(445,'cowen','2024-05-20'),(446,'samanthanielsen','2023-12-20'),(447,'alyssajenkins','2024-06-21'),(448,'jennifer73','2024-08-27'),(449,'blee','2024-05-29'),(450,'nhughes','2024-09-11'),(451,'valenciatodd','2024-03-28'),(452,'ywest','2024-01-13'),(453,'richardevans','2024-01-31'),(454,'michaellandry','2024-03-28'),(455,'oguerra','2024-09-15'),(456,'pyoder','2024-05-16'),(457,'garrisongary','2024-10-15'),(458,'crystal01','2024-03-10'),(459,'meghan05','2024-05-09'),(460,'sawyerkrystal','2023-12-15'),(461,'uthornton','2024-04-03'),(462,'lbarnett','2024-05-14'),(463,'xweaver','2024-05-04'),(464,'samanthanielsen','2023-12-08'),(465,'cadams','2024-01-20'),(466,'deannahenry','2023-11-30'),(467,'williamsdiana','2024-03-11'),(468,'dunnapril','2024-08-09'),(469,'cmercado','2023-11-26'),(470,'angela88','2024-10-03'),(471,'dwaynesolis','2023-12-12'),(472,'woodardmary','2024-02-11'),(473,'ldorsey','2024-07-29'),(474,'simsmelissa','2024-05-27'),(475,'philiptorres','2024-01-27'),(476,'lhall','2024-08-16'),(477,'travis70','2024-02-01'),(478,'nhernandez','2024-06-20'),(479,'vickie56','2024-08-28'),(480,'gstewart','2024-09-16'),(481,'frank25','2024-06-28'),(482,'michael05','2024-09-27'),(483,'mary84','2024-02-29'),(484,'judydavis','2024-05-26'),(485,'julia46','2024-03-21'),(486,'cmurphy','2024-01-18'),(487,'smithlaura','2024-03-23'),(488,'tommysanchez','2024-04-19'),(489,'bryanmorales','2024-10-23'),(490,'andrea99','2024-02-02'),(491,'veronicamartin','2024-07-19'),(492,'vowens','2023-11-26'),(493,'xweaver','2024-09-21'),(494,'bryanmorales','2024-04-21'),(495,'joycewashington','2024-02-10'),(496,'chase43','2024-10-06'),(497,'wroberts','2024-10-29'),(498,'stephaniehodge','2024-03-04'),(499,'ellen77','2024-05-14'),(500,'gomezcharles','2024-04-18'),(501,'valenciatodd','2023-12-20'),(502,'anne21','2024-01-14'),(503,'smithjoseph','2024-05-26'),(504,'gatesjeremy','2024-07-08'),(505,'ricevincent','2024-09-24'),(506,'heather01','2024-11-01'),(507,'jeffreymanning','2024-10-05'),(508,'daybradley','2023-12-07'),(509,'orobbins','2024-09-01'),(510,'jacksonheather','2024-02-11'),(511,'wandaroberts','2023-12-26'),(512,'larsonmichelle','2024-11-17'),(513,'jacksonheather','2024-04-23'),(514,'robertsemily','2024-10-28'),(515,'turnerdeborah','2024-03-31'),(516,'grantjoseph','2024-08-04'),(517,'colleen98','2024-08-22'),(518,'wendymills','2024-05-30'),(519,'tateandrew','2024-07-30'),(520,'linda40','2024-01-05'),(521,'kenneth96','2024-08-30'),(522,'wendymills','2024-03-13'),(523,'barbaramiller','2024-07-09'),(524,'jamesgillespie','2024-03-17'),(525,'xweaver','2023-12-02'),(526,'robertsemily','2024-08-26'),(527,'scottgarcia','2023-12-14'),(528,'vowens','2024-04-24'),(529,'joycewashington','2024-10-22'),(530,'wilkinsonelizabeth','2024-10-30'),(531,'lthomas','2024-07-23'),(532,'linda40','2024-07-25'),(533,'philiptorres','2024-01-08'),(534,'michael68','2024-05-10'),(535,'westandrea','2024-10-16'),(536,'kfuller','2024-01-13'),(537,'fbishop','2024-06-16'),(538,'angela72','2024-07-28'),(539,'baxtermeghan','2024-07-21'),(540,'ythomas','2024-03-02'),(541,'michaelwilliams','2024-05-09'),(542,'jake04','2024-07-20'),(543,'edickerson','2024-07-06'),(544,'qmendez','2024-03-17'),(545,'wmata','2023-11-26'),(546,'reedwhitney','2023-11-27'),(547,'rrobinson','2024-04-12'),(548,'melissa35','2024-04-26'),(549,'chase43','2024-11-16'),(550,'ujacobs','2024-08-12'),(551,'stevensimpson','2024-07-09'),(552,'fbrown','2024-09-08'),(553,'ksanchez','2024-07-24'),(554,'williamsdeborah','2024-05-04'),(555,'jalexander','2024-01-23'),(556,'gstewart','2024-04-28'),(557,'wandaroberts','2024-05-31'),(558,'uboyer','2024-09-21'),(559,'smithmarie','2024-05-03'),(560,'kimchristopher','2023-12-05'),(561,'rkim','2024-04-16'),(562,'baileysims','2024-02-26'),(563,'dcummings','2024-06-17'),(564,'larsonmichelle','2023-12-08'),(565,'tommysanchez','2024-10-18'),(566,'joycewashington','2024-01-23'),(567,'amanda72','2024-05-17'),(568,'wandaroberts','2023-12-16'),(569,'ohaynes','2024-10-31'),(570,'ricevincent','2023-11-28'),(571,'dwaynesolis','2024-09-18'),(572,'irodriguez','2024-08-09'),(573,'bishoplisa','2024-08-03'),(574,'cathywatts','2023-11-23'),(575,'kpitts','2024-08-15'),(576,'robertopatel','2024-06-08'),(577,'mary84','2024-01-03'),(578,'megan67','2024-11-08'),(579,'dunnapril','2024-08-17'),(580,'dboyd','2024-01-11'),(581,'michaellandry','2024-09-30'),(582,'robertopatel','2024-08-24'),(583,'reedwhitney','2024-05-31'),(584,'stanleywilliam','2024-04-03'),(585,'hoffmanlori','2024-08-23'),(586,'collinjacobson','2024-11-16'),(587,'sierra19','2024-09-02'),(588,'chase43','2024-11-13'),(589,'kennethrose','2024-02-21'),(590,'dcummings','2024-01-06'),(591,'mooreruben','2024-11-02'),(592,'williamsdeborah','2024-01-01'),(593,'heather01','2024-06-08'),(594,'zcopeland','2024-05-19'),(595,'vickie56','2024-07-16'),(596,'stanleywilliam','2024-04-08'),(597,'dluna','2024-07-05'),(598,'vsingh','2024-05-10'),(599,'fbrown','2024-04-20'),(600,'wilsonmegan','2024-11-08'),(601,'qcooper','2023-12-04'),(602,'reevesjoseph','2024-03-05'),(603,'dunnapril','2024-02-08'),(604,'fbrown','2024-01-10'),(605,'yserrano','2023-12-06'),(606,'ryan50','2024-05-31'),(607,'nhughes','2024-08-25'),(608,'tiffanybarry','2024-09-27'),(609,'fkeith','2024-10-08'),(610,'woodardmary','2024-10-12'),(611,'nhughes','2024-07-22'),(612,'brycehuffman','2024-01-05'),(613,'ryannelson','2024-09-18'),(614,'gatesjeremy','2024-04-24'),(615,'gabrielawilcox','2024-10-05'),(616,'colleen98','2023-12-21'),(617,'kristine47','2024-11-01'),(618,'ismith','2024-04-18'),(619,'cjohnston','2024-07-29'),(620,'timothyfrazier','2024-06-24'),(621,'stephaniehodge','2024-11-13'),(622,'scottgarcia','2024-07-22'),(623,'kevinsmith','2024-09-08'),(624,'jonathan60','2024-06-21'),(625,'pstephens','2024-11-17'),(626,'dweber','2024-04-22'),(627,'frank25','2024-05-27'),(628,'andrea99','2024-04-15'),(629,'jimmy38','2024-05-23'),(630,'muellertony','2023-12-31'),(631,'gatesjeremy','2024-09-05'),(632,'peterlarson','2024-11-18'),(633,'ksanchez','2024-05-09'),(634,'ujacobs','2024-01-21'),(635,'baileysims','2023-11-28'),(636,'spearskaitlyn','2024-11-07'),(637,'swood','2024-05-18'),(638,'lthomas','2024-05-10'),(639,'amycollins','2024-08-01'),(640,'muellertony','2024-09-05'),(641,'ricevincent','2024-03-03'),(642,'carrollhannah','2024-04-17'),(643,'robertopatel','2024-05-13'),(644,'ryan50','2024-09-01'),(645,'fbishop','2024-01-02'),(646,'martin99','2024-09-07'),(647,'christinaanderson','2024-04-21'),(648,'weberlauren','2024-10-10'),(649,'zcopeland','2024-10-01'),(650,'ryannelson','2024-06-30'),(651,'racheljackson','2024-01-12'),(652,'bishoplisa','2024-02-03'),(653,'colleen98','2024-02-13'),(654,'sallymartin','2024-03-22'),(655,'kelseyjuarez','2024-02-28'),(656,'martinezkathleen','2024-02-19'),(657,'james01','2024-05-01'),(658,'michael68','2024-08-07'),(659,'andrea99','2024-02-26'),(660,'tanyanguyen','2023-12-06'),(661,'bishoplisa','2024-09-16'),(662,'oguerra','2024-05-12'),(663,'edward65','2024-10-15'),(664,'justin13','2024-02-25'),(665,'johnwise','2024-02-21'),(666,'travis70','2024-08-17'),(667,'wendymills','2024-09-26'),(668,'reevesjoseph','2024-07-25'),(669,'eric60','2024-05-08'),(670,'schmidtdesiree','2024-09-05'),(671,'jamesgillespie','2024-08-12'),(672,'derekmccoy','2024-03-05'),(673,'dwaynesolis','2024-06-02'),(674,'westandrea','2023-12-26'),(675,'haleyfrye','2024-08-22'),(676,'wendymills','2024-06-27'),(677,'justin13','2024-02-20'),(678,'kfuller','2023-11-23'),(679,'sanchezdonald','2024-09-13'),(680,'owood','2024-08-06'),(681,'madelinehenderson','2024-11-01'),(682,'michaelwilliams','2023-11-27'),(683,'christiankelly','2024-07-22'),(684,'gomezcharles','2024-07-24'),(685,'mitchellscott','2024-04-29'),(686,'ohaynes','2024-06-28'),(687,'derrickturner','2024-01-28'),(688,'robertsemily','2024-02-09'),(689,'mitchellscott','2024-07-10'),(690,'tyler05','2024-03-17'),(691,'jalexander','2024-10-28'),(692,'dluna','2024-03-13'),(693,'veronicamartin','2024-10-18'),(694,'haleyfrye','2024-02-01'),(695,'andrea07','2024-08-09'),(696,'ashley87','2024-07-08'),(697,'richard96','2024-08-26'),(698,'xwhite','2024-10-29'),(699,'kelseyjuarez','2024-06-17'),(700,'owood','2024-08-29'),(701,'tateandrew','2024-04-17'),(702,'nicole22','2024-10-02'),(703,'riosdavid','2023-12-13'),(704,'jbrown','2024-05-14'),(705,'sgray','2024-05-31'),(706,'vsingh','2024-08-22'),(707,'thomas73','2024-01-03'),(708,'daybradley','2023-11-27'),(709,'ellen77','2024-09-07'),(710,'ricevincent','2024-03-18'),(711,'kara10','2024-03-04'),(712,'spearskaitlyn','2024-11-22'),(713,'christinaanderson','2024-04-25'),(714,'dawsonamber','2024-06-10'),(715,'mathisrachel','2024-02-24'),(716,'williamsdiana','2023-12-12'),(717,'barbaramiller','2024-04-09'),(718,'john16','2024-09-03'),(719,'ksanchez','2023-12-11'),(720,'rkim','2024-09-18'),(721,'xwhite','2024-04-01'),(722,'jamie52','2024-07-05'),(723,'robrien','2024-01-21'),(724,'robrien','2024-09-22'),(725,'lthomas','2024-08-07'),(726,'samantha76','2024-06-18'),(727,'ricksmith','2024-09-08'),(728,'ythomas','2024-10-31'),(729,'christiankelly','2024-02-26'),(730,'estesdonna','2024-05-24'),(731,'hoffmanlori','2024-02-19'),(732,'pyoder','2024-04-26'),(733,'veronicamartin','2024-10-31'),(734,'stephenmeyer','2024-09-28'),(735,'lhall','2024-06-19'),(736,'dboyd','2024-02-25'),(737,'jennifer73','2024-02-25'),(738,'melissa35','2024-06-18'),(739,'ricevincent','2024-06-06'),(740,'virginiakelley','2024-04-29'),(741,'vasquezsheena','2024-11-01'),(742,'scottgarcia','2024-04-17'),(743,'edickerson','2023-11-23'),(744,'diazmelissa','2024-05-07'),(745,'cristianpearson','2024-08-19'),(746,'dboyd','2024-10-22'),(747,'johnwise','2024-07-02'),(748,'yphillips','2024-02-17'),(749,'samuel52','2024-01-24'),(750,'dwaynesolis','2023-12-22'),(751,'nbradford','2024-02-19'),(752,'anne21','2024-08-24'),(753,'xhill','2024-08-31'),(754,'erickrueger','2023-12-01'),(755,'christopherhunt','2024-06-17'),(756,'duartebeverly','2024-09-11'),(757,'peterlarson','2024-09-04'),(758,'tommysanchez','2024-09-01'),(759,'connie90','2024-01-11'),(760,'lcruz','2024-03-27'),(761,'samuel52','2024-10-22'),(762,'gomezcharles','2024-03-07'),(763,'wmata','2023-12-01'),(764,'cathywatts','2024-06-18'),(765,'stanleywilliam','2024-04-04'),(766,'tommysanchez','2024-02-19'),(767,'salinasbrandon','2023-12-02'),(768,'raymond30','2024-01-19'),(769,'yvonnegonzales','2024-10-24'),(770,'rkim','2024-01-22'),(771,'linda40','2024-05-24'),(772,'cathywatts','2024-07-31'),(773,'vowens','2024-04-25'),(774,'derrickturner','2024-06-27'),(775,'kimchristopher','2024-04-02'),(776,'nhoover','2024-03-29'),(777,'vasquezsheena','2024-06-25'),(778,'ujacobs','2024-03-19'),(779,'brandonjackson','2024-06-15'),(780,'salasrobert','2023-11-25'),(781,'ricksmith','2024-03-27'),(782,'stanleywilliam','2024-04-12'),(783,'kristine47','2024-04-28'),(784,'crystal94','2024-10-14'),(785,'clineheather','2024-09-09'),(786,'cjohnston','2024-07-05'),(787,'anne21','2024-05-17'),(788,'keithvalentine','2023-12-24'),(789,'westandrea','2024-07-10'),(790,'frenchcheryl','2024-05-29'),(791,'ustewart','2024-07-29'),(792,'jimmy38','2024-11-16'),(793,'crystal01','2024-10-19'),(794,'cadams','2024-01-25'),(795,'sophia67','2024-10-26'),(796,'crystal94','2024-10-08'),(797,'grahamdebra','2023-12-15'),(798,'ustewart','2024-05-25'),(799,'james01','2024-08-16'),(800,'deannahenry','2023-12-14'),(801,'donna83','2024-10-15'),(802,'bishoplisa','2024-02-22'),(803,'brian60','2024-02-09'),(804,'dcervantes','2024-09-16'),(805,'lbarnett','2024-10-19'),(806,'barbaramiller','2024-01-13'),(807,'davistracy','2024-08-18'),(808,'woodardmary','2024-11-03'),(809,'joycewashington','2024-04-12'),(810,'wchase','2023-12-02'),(811,'richardparker','2024-05-25'),(812,'xlozano','2024-10-17'),(813,'frank25','2024-02-13'),(814,'harrisonjessica','2024-03-18'),(815,'alexiswoods','2024-11-22'),(816,'connie90','2023-12-01'),(817,'edward06','2024-02-06'),(818,'westandrea','2024-11-11'),(819,'lcruz','2024-05-25'),(820,'conniescott','2024-04-17'),(821,'kfuller','2024-06-27'),(822,'ohaynes','2024-01-05'),(823,'brewerjanice','2023-12-07'),(824,'jose74','2024-01-16'),(825,'rrobinson','2024-01-11'),(826,'blee','2024-01-14'),(827,'smithjoseph','2024-05-30'),(828,'schultzjennifer','2024-01-17'),(829,'harrisonjessica','2024-07-28'),(830,'dboyd','2024-07-24'),(831,'bbean','2024-03-07'),(832,'salinasbrandon','2024-08-30'),(833,'johnwise','2024-05-18'),(834,'spearskaitlyn','2024-04-21'),(835,'jennifer73','2024-04-02'),(836,'dluna','2024-09-18'),(837,'oguerra','2024-03-20'),(838,'jose74','2024-03-06'),(839,'madelinehenderson','2024-03-16'),(840,'michaellandry','2024-09-28'),(841,'barry26','2024-06-16'),(842,'sean84','2024-09-04'),(843,'nicole22','2024-03-16'),(844,'clineheather','2024-02-18'),(845,'julia46','2024-09-24'),(846,'tateandrew','2023-11-25'),(847,'lcruz','2024-04-29'),(848,'erickrueger','2024-02-19'),(849,'scottgarcia','2024-10-14'),(850,'williamsdeborah','2024-03-14'),(851,'james01','2024-06-13'),(852,'westandrea','2024-05-29'),(853,'eric60','2024-11-22'),(854,'clineheather','2024-05-25'),(855,'eric54','2023-12-06'),(856,'xhill','2024-01-12'),(857,'melissaphillips','2024-07-31'),(858,'johnwise','2024-05-20'),(859,'jonathan60','2023-12-21'),(860,'kenneth96','2024-08-14'),(861,'barry26','2024-07-03'),(862,'wilsonmegan','2024-04-09'),(863,'sgray','2024-11-10'),(864,'eric54','2023-11-24'),(865,'bgarcia','2024-05-01'),(866,'salinasbrandon','2024-05-21'),(867,'kelseyjuarez','2023-12-03'),(868,'vclark','2024-06-06'),(869,'orobbins','2024-09-13'),(870,'susan06','2024-02-11'),(871,'ashley87','2024-08-09'),(872,'davistracy','2024-08-02'),(873,'lbarnett','2024-07-13'),(874,'orobbins','2024-03-17'),(875,'samanthanielsen','2024-07-08'),(876,'duartebeverly','2024-09-09'),(877,'keithvalentine','2024-09-06'),(878,'harrisonjessica','2024-11-03'),(879,'gabrielawilcox','2024-06-17'),(880,'wroberts','2024-03-01'),(881,'psmith','2024-07-06'),(882,'jbrown','2024-03-07'),(883,'dcervantes','2024-04-18'),(884,'joelmay','2024-01-26'),(885,'jonathan60','2023-12-26'),(886,'timothyfrazier','2024-09-02'),(887,'woodardmary','2024-02-05'),(888,'tanyanguyen','2024-01-18'),(889,'samuelchan','2024-05-25'),(890,'melissa35','2024-10-15'),(891,'emarsh','2024-08-07'),(892,'colleen98','2024-07-04'),(893,'brian60','2024-10-23'),(894,'ecalhoun','2024-08-30'),(895,'christinejohnson','2024-04-02'),(896,'ythomas','2023-12-29'),(897,'sgarcia','2024-01-20'),(898,'virginiakelley','2024-09-26'),(899,'josephmatthew','2024-05-20'),(900,'samanthanielsen','2024-10-28'),(901,'wilsonmegan','2024-05-06'),(902,'ujacobs','2024-05-23'),(903,'dluna','2024-03-01'),(904,'wchase','2024-06-18'),(905,'veronicamartin','2024-02-28'),(906,'lewistony','2024-05-04'),(907,'erickrueger','2024-11-18'),(908,'jimmy38','2024-05-09'),(909,'raymond30','2024-05-13'),(910,'cmercado','2024-08-09'),(911,'fbrown','2024-07-21'),(912,'cowen','2024-02-15'),(913,'kelseyjuarez','2024-04-01'),(914,'wendymills','2024-11-16'),(915,'virginiakelley','2024-02-22'),(916,'simsmelissa','2024-08-23'),(917,'tiffanybarry','2024-05-07'),(918,'simsmelissa','2024-02-16'),(919,'amberlawson','2024-09-03'),(920,'elizabethjohnson','2024-10-17'),(921,'nhughes','2024-06-25'),(922,'jamie52','2023-11-26'),(923,'averymarcia','2024-10-13'),(924,'kevinsmith','2024-10-27'),(925,'xbarrett','2024-05-17'),(926,'davistracy','2024-01-21'),(927,'wallacemargaret','2024-04-21'),(928,'meagan40','2024-01-06'),(929,'ryannelson','2024-10-31'),(930,'baileysims','2024-11-10'),(931,'hwilson','2023-11-28'),(932,'gblair','2024-06-29'),(933,'kpitts','2024-11-05'),(934,'bryanmorales','2023-12-03'),(935,'kevinsmith','2024-07-17'),(936,'vasquezsheena','2024-02-06'),(937,'diazmelissa','2024-07-22'),(938,'frank25','2024-04-09'),(939,'privera','2023-12-13'),(940,'tiffanybarry','2024-07-01'),(941,'qmendez','2024-03-20'),(942,'anne21','2024-02-01'),(943,'gomezcharles','2024-04-21'),(944,'mathisrachel','2024-03-08'),(945,'martinezyvette','2023-12-18'),(946,'duartebeverly','2024-04-20'),(947,'lking','2024-05-04'),(948,'gatesjeremy','2024-07-20'),(949,'kimberly42','2024-05-28'),(950,'angela88','2024-07-22'),(951,'marknorton','2024-03-26'),(952,'josephmatthew','2024-06-15'),(953,'lhall','2024-07-23'),(954,'zcopeland','2024-02-09'),(955,'angela72','2024-10-19'),(956,'derrickturner','2024-07-03'),(957,'michael05','2024-10-08'),(958,'prestonzachary','2024-10-27'),(959,'sophia67','2024-10-31'),(960,'christinejohnson','2023-12-17'),(961,'ashley87','2024-04-13'),(962,'donna83','2024-07-10'),(963,'gblair','2024-06-25'),(964,'frank25','2024-04-04'),(965,'robrien','2024-11-21'),(966,'xlozano','2024-05-16'),(967,'nbradford','2024-04-06'),(968,'virginiakelley','2024-03-15'),(969,'erickrueger','2024-01-21'),(970,'sanchezdonald','2024-11-11'),(971,'xweaver','2023-12-22'),(972,'wchase','2024-02-21'),(973,'rrobinson','2024-04-20'),(974,'kennethrose','2024-07-02'),(975,'christinejohnson','2024-02-09'),(976,'sanchezdonald','2024-08-26'),(977,'ricevincent','2024-09-06'),(978,'lbarnett','2024-04-16'),(979,'dboyd','2024-05-18'),(980,'hoffmanlori','2023-12-07'),(981,'jessicavargas','2024-01-15'),(982,'melissaphillips','2023-12-12'),(983,'qmendez','2023-11-26'),(984,'stephaniehodge','2024-08-10'),(985,'john99','2024-03-31'),(986,'kenneth96','2023-12-05'),(987,'james01','2023-12-03'),(988,'nhoover','2024-01-10'),(989,'jennifer73','2024-11-21'),(990,'yserrano','2024-01-15'),(991,'kimchristopher','2024-08-11'),(992,'michaellandry','2024-09-23'),(993,'orobbins','2024-07-30'),(994,'fbrown','2024-05-30'),(995,'julia46','2024-06-17'),(996,'baxtermeghan','2024-08-28'),(997,'yvonnegonzales','2024-06-02'),(998,'amberlawson','2024-01-12'),(999,'jennifer05','2024-10-25'),(1000,'barbaramiller','2024-11-16');
/*!40000 ALTER TABLE `orders` ENABLE KEYS */;
UNLOCK TABLES;

--
-- Table structure for table `payment`
--

DROP TABLE IF EXISTS `payment`;
/*!40101 SET @saved_cs_client     = @@character_set_client */;
/*!50503 SET character_set_client = utf8mb4 */;
CREATE TABLE `payment` (
  `orderID` int NOT NULL,
  `paymentMethod` varchar(20) NOT NULL,
  `status` varchar(10) NOT NULL,
  PRIMARY KEY (`orderID`),
  CONSTRAINT `payment_ibfk_1` FOREIGN KEY (`orderID`) REFERENCES `orders` (`orderID`) ON DELETE CASCADE
) ENGINE=InnoDB DEFAULT CHARSET=utf8mb4 COLLATE=utf8mb4_0900_ai_ci;
/*!40101 SET character_set_client = @saved_cs_client */;

--
-- Dumping data for table `payment`
--

LOCK TABLES `payment` WRITE;
/*!40000 ALTER TABLE `payment` DISABLE KEYS */;
INSERT INTO `payment` VALUES (1,'credit_card','pending'),(2,'paypal','paid'),(3,'bank_transfer','pending'),(4,'credit_card','paid'),(5,'paypal','paid'),(6,'bank_transfer','failed'),(7,'credit_card','paid'),(8,'paypal','failed'),(9,'paypal','paid'),(10,'credit_card','paid'),(11,'credit_card','paid'),(12,'bank_transfer','paid'),(13,'credit_card','paid'),(14,'credit_card','failed'),(15,'paypal','paid'),(16,'credit_card','paid'),(17,'credit_card','pending'),(18,'bank_transfer','failed'),(19,'bank_transfer','failed'),(20,'bank_transfer','pending'),(21,'bank_transfer','pending'),(22,'credit_card','pending'),(23,'paypal','failed'),(24,'credit_card','pending'),(25,'bank_transfer','paid'),(26,'bank_transfer','failed'),(27,'paypal','pending'),(28,'paypal','failed'),(29,'paypal','failed'),(30,'credit_card','paid'),(31,'credit_card','paid'),(32,'paypal','pending'),(33,'bank_transfer','paid'),(34,'credit_card','pending'),(35,'credit_card','paid'),(36,'bank_transfer','pending'),(37,'bank_transfer','paid'),(38,'credit_card','pending'),(39,'credit_card','pending'),(40,'bank_transfer','failed'),(41,'credit_card','failed'),(42,'bank_transfer','failed'),(43,'paypal','pending'),(44,'credit_card','failed'),(45,'paypal','failed'),(46,'bank_transfer','paid'),(47,'paypal','paid'),(48,'bank_transfer','paid'),(49,'bank_transfer','failed'),(50,'credit_card','pending'),(51,'paypal','paid'),(52,'paypal','failed'),(53,'bank_transfer','paid'),(54,'bank_transfer','paid'),(55,'bank_transfer','paid'),(56,'paypal','paid'),(57,'bank_transfer','failed'),(58,'paypal','paid'),(59,'paypal','pending'),(60,'credit_card','pending'),(61,'credit_card','pending'),(62,'credit_card','pending'),(63,'credit_card','pending'),(64,'paypal','pending'),(65,'bank_transfer','pending'),(66,'bank_transfer','failed'),(67,'bank_transfer','paid'),(68,'credit_card','pending'),(69,'paypal','failed'),(70,'bank_transfer','failed'),(71,'bank_transfer','paid'),(72,'paypal','paid'),(73,'bank_transfer','failed'),(74,'credit_card','pending'),(75,'bank_transfer','paid'),(76,'paypal','failed'),(77,'paypal','paid'),(78,'bank_transfer','paid'),(79,'paypal','failed'),(80,'paypal','pending'),(81,'paypal','failed'),(82,'credit_card','failed'),(83,'credit_card','failed'),(84,'paypal','pending'),(85,'paypal','paid'),(86,'paypal','paid'),(87,'paypal','pending'),(88,'paypal','pending'),(89,'paypal','paid'),(90,'paypal','failed'),(91,'credit_card','failed'),(92,'credit_card','pending'),(93,'credit_card','failed'),(94,'bank_transfer','paid'),(95,'credit_card','pending'),(96,'bank_transfer','pending'),(97,'credit_card','paid'),(98,'credit_card','paid'),(99,'credit_card','pending'),(100,'credit_card','pending'),(101,'credit_card','paid'),(102,'paypal','failed'),(103,'bank_transfer','paid'),(104,'paypal','failed'),(105,'credit_card','pending'),(106,'paypal','pending'),(107,'bank_transfer','failed'),(108,'credit_card','pending'),(109,'bank_transfer','failed'),(110,'bank_transfer','paid'),(111,'paypal','pending'),(112,'credit_card','paid'),(113,'paypal','failed'),(114,'credit_card','failed'),(115,'credit_card','failed'),(116,'credit_card','failed'),(117,'credit_card','paid'),(118,'bank_transfer','failed'),(119,'credit_card','failed'),(120,'credit_card','failed'),(121,'credit_card','paid'),(122,'credit_card','paid'),(123,'credit_card','failed'),(124,'credit_card','pending'),(125,'paypal','pending'),(126,'paypal','pending'),(127,'credit_card','failed'),(128,'bank_transfer','pending'),(129,'paypal','pending'),(130,'bank_transfer','pending'),(131,'bank_transfer','paid'),(132,'paypal','paid'),(133,'bank_transfer','pending'),(134,'paypal','failed'),(135,'credit_card','paid'),(136,'paypal','failed'),(137,'paypal','pending'),(138,'credit_card','pending'),(139,'credit_card','pending'),(140,'credit_card','pending'),(141,'paypal','pending'),(142,'credit_card','paid'),(143,'credit_card','failed'),(144,'bank_transfer','paid'),(145,'credit_card','pending'),(146,'paypal','failed'),(147,'paypal','paid'),(148,'paypal','paid'),(149,'paypal','failed'),(150,'credit_card','failed'),(151,'credit_card','paid'),(152,'paypal','failed'),(153,'credit_card','pending'),(154,'credit_card','paid'),(155,'bank_transfer','pending'),(156,'credit_card','paid'),(157,'paypal','pending'),(158,'paypal','paid'),(159,'credit_card','failed'),(160,'paypal','paid'),(161,'paypal','paid'),(162,'credit_card','paid'),(163,'credit_card','paid'),(164,'credit_card','paid'),(165,'credit_card','paid'),(166,'credit_card','failed'),(167,'credit_card','paid'),(168,'bank_transfer','paid'),(169,'bank_transfer','pending'),(170,'credit_card','paid'),(171,'credit_card','pending'),(172,'credit_card','failed'),(173,'paypal','pending'),(174,'credit_card','failed'),(175,'bank_transfer','pending'),(176,'bank_transfer','pending'),(177,'paypal','failed'),(178,'credit_card','failed'),(179,'paypal','failed'),(180,'paypal','failed'),(181,'credit_card','pending'),(182,'paypal','failed'),(183,'credit_card','pending'),(184,'credit_card','failed'),(185,'credit_card','failed'),(186,'credit_card','paid'),(187,'paypal','failed'),(188,'credit_card','pending'),(189,'bank_transfer','pending'),(190,'bank_transfer','failed'),(191,'bank_transfer','pending'),(192,'paypal','failed'),(193,'credit_card','pending'),(194,'credit_card','failed'),(195,'paypal','paid'),(196,'bank_transfer','pending'),(197,'bank_transfer','pending'),(198,'bank_transfer','pending'),(199,'credit_card','failed'),(200,'credit_card','failed'),(201,'credit_card','failed'),(202,'credit_card','failed'),(203,'credit_card','paid'),(204,'paypal','paid'),(205,'credit_card','failed'),(206,'credit_card','pending'),(207,'paypal','pending'),(208,'paypal','pending'),(209,'credit_card','paid'),(210,'paypal','failed'),(211,'bank_transfer','paid'),(212,'credit_card','pending'),(213,'credit_card','paid'),(214,'bank_transfer','failed'),(215,'bank_transfer','paid'),(216,'credit_card','pending'),(217,'bank_transfer','failed'),(218,'bank_transfer','failed'),(219,'bank_transfer','failed'),(220,'paypal','pending'),(221,'paypal','failed'),(222,'paypal','failed'),(223,'bank_transfer','pending'),(224,'credit_card','paid'),(225,'bank_transfer','paid'),(226,'bank_transfer','pending'),(227,'paypal','failed'),(228,'bank_transfer','paid'),(229,'bank_transfer','failed'),(230,'paypal','paid'),(231,'credit_card','failed'),(232,'paypal','pending'),(233,'paypal','pending'),(234,'credit_card','paid'),(235,'bank_transfer','failed'),(236,'paypal','paid'),(237,'credit_card','pending'),(238,'bank_transfer','pending'),(239,'bank_transfer','pending'),(240,'bank_transfer','paid'),(241,'paypal','pending'),(242,'credit_card','paid'),(243,'paypal','pending'),(244,'credit_card','pending'),(245,'bank_transfer','pending'),(246,'paypal','pending'),(247,'paypal','pending'),(248,'paypal','pending'),(249,'paypal','pending'),(250,'credit_card','failed'),(251,'bank_transfer','failed'),(252,'credit_card','paid'),(253,'bank_transfer','paid'),(254,'paypal','failed'),(255,'bank_transfer','paid'),(256,'credit_card','pending'),(257,'paypal','pending'),(258,'bank_transfer','pending'),(259,'paypal','failed'),(260,'bank_transfer','failed'),(261,'paypal','paid'),(262,'paypal','pending'),(263,'credit_card','paid'),(264,'bank_transfer','paid'),(265,'bank_transfer','pending'),(266,'bank_transfer','pending'),(267,'credit_card','pending'),(268,'paypal','failed'),(269,'bank_transfer','failed'),(270,'credit_card','paid'),(271,'paypal','paid'),(272,'paypal','paid'),(273,'bank_transfer','failed'),(274,'credit_card','pending'),(275,'credit_card','pending'),(276,'bank_transfer','pending'),(277,'bank_transfer','paid'),(278,'bank_transfer','pending'),(279,'bank_transfer','failed'),(280,'paypal','pending'),(281,'bank_transfer','pending'),(282,'credit_card','pending'),(283,'credit_card','failed'),(284,'credit_card','failed'),(285,'paypal','paid'),(286,'bank_transfer','failed'),(287,'bank_transfer','pending'),(288,'paypal','failed'),(289,'bank_transfer','pending'),(290,'bank_transfer','failed'),(291,'credit_card','pending'),(292,'credit_card','paid'),(293,'paypal','failed'),(294,'bank_transfer','pending'),(295,'paypal','failed'),(296,'paypal','pending'),(297,'bank_transfer','failed'),(298,'paypal','failed'),(299,'bank_transfer','failed'),(300,'credit_card','failed'),(301,'paypal','failed'),(302,'credit_card','paid'),(303,'bank_transfer','pending'),(304,'bank_transfer','paid'),(305,'bank_transfer','pending'),(306,'bank_transfer','failed'),(307,'paypal','pending'),(308,'credit_card','pending'),(309,'credit_card','paid'),(310,'paypal','failed'),(311,'paypal','pending'),(312,'bank_transfer','paid'),(313,'bank_transfer','pending'),(314,'bank_transfer','paid'),(315,'credit_card','pending'),(316,'paypal','pending'),(317,'credit_card','pending'),(318,'bank_transfer','failed'),(319,'credit_card','pending'),(320,'bank_transfer','paid'),(321,'paypal','failed'),(322,'paypal','failed'),(323,'bank_transfer','pending'),(324,'paypal','paid'),(325,'paypal','failed'),(326,'credit_card','pending'),(327,'bank_transfer','paid'),(328,'paypal','pending'),(329,'credit_card','paid'),(330,'bank_transfer','paid'),(331,'credit_card','failed'),(332,'credit_card','pending'),(333,'bank_transfer','failed'),(334,'credit_card','pending'),(335,'credit_card','paid'),(336,'paypal','paid'),(337,'bank_transfer','failed'),(338,'paypal','failed'),(339,'credit_card','pending'),(340,'paypal','failed'),(341,'paypal','paid'),(342,'bank_transfer','failed'),(343,'paypal','paid'),(344,'credit_card','pending'),(345,'credit_card','failed'),(346,'credit_card','paid'),(347,'bank_transfer','pending'),(348,'bank_transfer','failed'),(349,'paypal','failed'),(350,'bank_transfer','failed'),(351,'bank_transfer','paid'),(352,'bank_transfer','failed'),(353,'bank_transfer','paid'),(354,'paypal','pending'),(355,'bank_transfer','pending'),(356,'credit_card','failed'),(357,'paypal','pending'),(358,'credit_card','failed'),(359,'paypal','failed'),(360,'paypal','failed'),(361,'credit_card','failed'),(362,'credit_card','paid'),(363,'bank_transfer','failed'),(364,'bank_transfer','pending'),(365,'credit_card','pending'),(366,'credit_card','failed'),(367,'paypal','pending'),(368,'paypal','failed'),(369,'credit_card','paid'),(370,'bank_transfer','paid'),(371,'bank_transfer','pending'),(372,'credit_card','failed'),(373,'bank_transfer','failed'),(374,'bank_transfer','failed'),(375,'paypal','paid'),(376,'paypal','pending'),(377,'credit_card','paid'),(378,'credit_card','failed'),(379,'paypal','pending'),(380,'credit_card','failed'),(381,'bank_transfer','pending'),(382,'paypal','paid'),(383,'bank_transfer','paid'),(384,'paypal','pending'),(385,'bank_transfer','failed'),(386,'paypal','paid'),(387,'bank_transfer','pending'),(388,'bank_transfer','pending'),(389,'paypal','paid'),(390,'bank_transfer','paid'),(391,'bank_transfer','pending'),(392,'paypal','pending'),(393,'bank_transfer','paid'),(394,'credit_card','failed'),(395,'paypal','paid'),(396,'paypal','failed'),(397,'paypal','failed'),(398,'credit_card','failed'),(399,'bank_transfer','pending'),(400,'paypal','failed'),(401,'bank_transfer','failed'),(402,'credit_card','paid'),(403,'paypal','pending'),(404,'bank_transfer','paid'),(405,'paypal','pending'),(406,'paypal','pending'),(407,'bank_transfer','pending'),(408,'paypal','pending'),(409,'credit_card','paid'),(410,'bank_transfer','paid'),(411,'bank_transfer','failed'),(412,'credit_card','pending'),(413,'paypal','failed'),(414,'bank_transfer','pending'),(415,'credit_card','failed'),(416,'paypal','paid'),(417,'paypal','failed'),(418,'paypal','paid'),(419,'credit_card','pending'),(420,'paypal','failed'),(421,'bank_transfer','paid'),(422,'paypal','failed'),(423,'bank_transfer','paid'),(424,'bank_transfer','failed'),(425,'credit_card','paid'),(426,'bank_transfer','failed'),(427,'credit_card','failed'),(428,'bank_transfer','failed'),(429,'bank_transfer','paid'),(430,'bank_transfer','failed'),(431,'bank_transfer','pending'),(432,'paypal','failed'),(433,'paypal','pending'),(434,'credit_card','pending'),(435,'bank_transfer','pending'),(436,'credit_card','failed'),(437,'paypal','failed'),(438,'paypal','paid'),(439,'bank_transfer','failed'),(440,'bank_transfer','failed'),(441,'paypal','pending'),(442,'paypal','failed'),(443,'credit_card','paid'),(444,'bank_transfer','pending'),(445,'credit_card','paid'),(446,'bank_transfer','failed'),(447,'credit_card','paid'),(448,'bank_transfer','failed'),(449,'credit_card','paid'),(450,'paypal','pending'),(451,'paypal','paid'),(452,'credit_card','pending'),(453,'credit_card','paid'),(454,'bank_transfer','pending'),(455,'bank_transfer','failed'),(456,'bank_transfer','pending'),(457,'credit_card','failed'),(458,'paypal','paid'),(459,'bank_transfer','pending'),(460,'bank_transfer','pending'),(461,'bank_transfer','failed'),(462,'paypal','paid'),(463,'credit_card','failed'),(464,'credit_card','paid'),(465,'bank_transfer','pending'),(466,'bank_transfer','pending'),(467,'bank_transfer','failed'),(468,'paypal','pending'),(469,'credit_card','paid'),(470,'bank_transfer','paid'),(471,'bank_transfer','paid'),(472,'paypal','pending'),(473,'credit_card','pending'),(474,'bank_transfer','pending'),(475,'paypal','pending'),(476,'credit_card','paid'),(477,'bank_transfer','paid'),(478,'paypal','paid'),(479,'paypal','failed'),(480,'paypal','paid'),(481,'paypal','pending'),(482,'credit_card','pending'),(483,'credit_card','paid'),(484,'bank_transfer','failed'),(485,'credit_card','paid'),(486,'paypal','pending'),(487,'paypal','pending'),(488,'paypal','pending'),(489,'credit_card','paid'),(490,'credit_card','paid'),(491,'bank_transfer','paid'),(492,'paypal','failed'),(493,'bank_transfer','failed'),(494,'paypal','pending'),(495,'bank_transfer','pending'),(496,'credit_card','paid'),(497,'paypal','pending'),(498,'paypal','failed'),(499,'credit_card','pending'),(500,'credit_card','paid'),(501,'paypal','paid'),(502,'bank_transfer','pending'),(503,'bank_transfer','failed'),(504,'credit_card','pending'),(505,'credit_card','paid'),(506,'bank_transfer','failed'),(507,'credit_card','pending'),(508,'credit_card','pending'),(509,'bank_transfer','pending'),(510,'paypal','failed'),(511,'paypal','pending'),(512,'credit_card','failed'),(513,'paypal','failed'),(514,'bank_transfer','failed'),(515,'paypal','paid'),(516,'bank_transfer','pending'),(517,'credit_card','paid'),(518,'credit_card','pending'),(519,'bank_transfer','failed'),(520,'paypal','failed'),(521,'credit_card','pending'),(522,'bank_transfer','pending'),(523,'credit_card','paid'),(524,'credit_card','paid'),(525,'paypal','paid'),(526,'bank_transfer','paid'),(527,'credit_card','paid'),(528,'paypal','paid'),(529,'credit_card','pending'),(530,'paypal','pending'),(531,'paypal','pending'),(532,'paypal','failed'),(533,'credit_card','paid'),(534,'credit_card','failed'),(535,'paypal','paid'),(536,'paypal','failed'),(537,'credit_card','pending'),(538,'paypal','pending'),(539,'bank_transfer','failed'),(540,'bank_transfer','pending'),(541,'bank_transfer','failed'),(542,'paypal','failed'),(543,'credit_card','failed'),(544,'paypal','paid'),(545,'bank_transfer','paid'),(546,'bank_transfer','failed'),(547,'bank_transfer','failed'),(548,'bank_transfer','pending'),(549,'paypal','pending'),(550,'paypal','paid'),(551,'paypal','pending'),(552,'paypal','paid'),(553,'paypal','pending'),(554,'credit_card','failed'),(555,'paypal','pending'),(556,'paypal','paid'),(557,'credit_card','pending'),(558,'bank_transfer','failed'),(559,'bank_transfer','paid'),(560,'credit_card','pending'),(561,'credit_card','paid'),(562,'bank_transfer','failed'),(563,'credit_card','failed'),(564,'credit_card','pending'),(565,'paypal','failed'),(566,'credit_card','paid'),(567,'paypal','failed'),(568,'paypal','failed'),(569,'bank_transfer','pending'),(570,'bank_transfer','failed'),(571,'credit_card','failed'),(572,'bank_transfer','failed'),(573,'paypal','paid'),(574,'credit_card','pending'),(575,'credit_card','pending'),(576,'bank_transfer','failed'),(577,'paypal','pending'),(578,'bank_transfer','failed'),(579,'credit_card','failed'),(580,'paypal','paid'),(581,'paypal','paid'),(582,'credit_card','paid'),(583,'bank_transfer','paid'),(584,'bank_transfer','paid'),(585,'paypal','failed'),(586,'paypal','pending'),(587,'credit_card','paid'),(588,'paypal','pending'),(589,'credit_card','pending'),(590,'paypal','failed'),(591,'credit_card','failed'),(592,'paypal','failed'),(593,'paypal','pending'),(594,'paypal','failed'),(595,'bank_transfer','paid'),(596,'bank_transfer','failed'),(597,'bank_transfer','pending'),(598,'paypal','pending'),(599,'bank_transfer','paid'),(600,'credit_card','failed'),(601,'paypal','failed'),(602,'paypal','paid'),(603,'paypal','paid'),(604,'bank_transfer','paid'),(605,'bank_transfer','paid'),(606,'bank_transfer','failed'),(607,'bank_transfer','failed'),(608,'paypal','failed'),(609,'credit_card','failed'),(610,'paypal','failed'),(611,'paypal','pending'),(612,'credit_card','pending'),(613,'paypal','failed'),(614,'bank_transfer','failed'),(615,'credit_card','failed'),(616,'paypal','paid'),(617,'credit_card','failed'),(618,'credit_card','pending'),(619,'paypal','pending'),(620,'bank_transfer','paid'),(621,'bank_transfer','paid'),(622,'bank_transfer','paid'),(623,'credit_card','paid'),(624,'credit_card','pending'),(625,'credit_card','failed'),(626,'credit_card','failed'),(627,'bank_transfer','paid'),(628,'paypal','failed'),(629,'paypal','pending'),(630,'bank_transfer','failed'),(631,'bank_transfer','paid'),(632,'credit_card','failed'),(633,'credit_card','pending'),(634,'paypal','pending'),(635,'bank_transfer','pending'),(636,'bank_transfer','pending'),(637,'credit_card','paid'),(638,'bank_transfer','pending'),(639,'bank_transfer','failed'),(640,'credit_card','failed'),(641,'bank_transfer','pending'),(642,'credit_card','paid'),(643,'bank_transfer','failed'),(644,'paypal','paid'),(645,'credit_card','paid'),(646,'paypal','pending'),(647,'paypal','failed'),(648,'paypal','pending'),(649,'credit_card','failed'),(650,'paypal','pending'),(651,'paypal','failed'),(652,'bank_transfer','paid'),(653,'credit_card','paid'),(654,'bank_transfer','paid'),(655,'credit_card','failed'),(656,'paypal','paid'),(657,'paypal','paid'),(658,'bank_transfer','failed'),(659,'paypal','paid'),(660,'bank_transfer','pending'),(661,'credit_card','pending'),(662,'paypal','pending'),(663,'credit_card','paid'),(664,'bank_transfer','pending'),(665,'credit_card','pending'),(666,'paypal','paid'),(667,'credit_card','failed'),(668,'credit_card','pending'),(669,'credit_card','paid'),(670,'paypal','failed'),(671,'bank_transfer','pending'),(672,'paypal','failed'),(673,'credit_card','failed'),(674,'bank_transfer','pending'),(675,'paypal','paid'),(676,'paypal','failed'),(677,'paypal','failed'),(678,'credit_card','failed'),(679,'credit_card','paid'),(680,'paypal','pending'),(681,'credit_card','failed'),(682,'credit_card','paid'),(683,'bank_transfer','paid'),(684,'paypal','failed'),(685,'paypal','pending'),(686,'credit_card','pending'),(687,'credit_card','pending'),(688,'credit_card','paid'),(689,'bank_transfer','failed'),(690,'paypal','paid'),(691,'paypal','failed'),(692,'paypal','paid'),(693,'paypal','failed'),(694,'bank_transfer','pending'),(695,'bank_transfer','failed'),(696,'credit_card','paid'),(697,'paypal','failed'),(698,'bank_transfer','paid'),(699,'bank_transfer','paid'),(700,'credit_card','failed'),(701,'credit_card','paid'),(702,'paypal','failed'),(703,'credit_card','failed'),(704,'credit_card','paid'),(705,'paypal','pending'),(706,'paypal','failed'),(707,'credit_card','failed'),(708,'credit_card','paid'),(709,'credit_card','paid'),(710,'bank_transfer','paid'),(711,'paypal','failed'),(712,'paypal','failed'),(713,'bank_transfer','pending'),(714,'paypal','failed'),(715,'bank_transfer','pending'),(716,'credit_card','failed'),(717,'paypal','paid'),(718,'credit_card','paid'),(719,'paypal','pending'),(720,'credit_card','failed'),(721,'credit_card','pending'),(722,'paypal','failed'),(723,'bank_transfer','failed'),(724,'credit_card','failed'),(725,'bank_transfer','pending'),(726,'credit_card','pending'),(727,'bank_transfer','failed'),(728,'paypal','paid'),(729,'paypal','pending'),(730,'bank_transfer','pending'),(731,'bank_transfer','paid'),(732,'paypal','paid'),(733,'paypal','paid'),(734,'bank_transfer','paid'),(735,'paypal','failed'),(736,'credit_card','failed'),(737,'bank_transfer','pending'),(738,'paypal','pending'),(739,'credit_card','paid'),(740,'bank_transfer','pending'),(741,'paypal','pending'),(742,'paypal','failed'),(743,'credit_card','failed'),(744,'credit_card','paid'),(745,'bank_transfer','failed'),(746,'paypal','pending'),(747,'credit_card','pending'),(748,'paypal','paid'),(749,'paypal','paid'),(750,'paypal','paid'),(751,'credit_card','paid'),(752,'credit_card','paid'),(753,'bank_transfer','failed'),(754,'credit_card','failed'),(755,'bank_transfer','paid'),(756,'bank_transfer','paid'),(757,'bank_transfer','failed'),(758,'bank_transfer','paid'),(759,'paypal','pending'),(760,'credit_card','pending'),(761,'paypal','failed'),(762,'credit_card','failed'),(763,'paypal','failed'),(764,'credit_card','paid'),(765,'credit_card','failed'),(766,'paypal','pending'),(767,'paypal','paid'),(768,'bank_transfer','pending'),(769,'paypal','pending'),(770,'credit_card','pending'),(771,'credit_card','pending'),(772,'credit_card','paid'),(773,'paypal','failed'),(774,'bank_transfer','pending'),(775,'paypal','failed'),(776,'paypal','paid'),(777,'credit_card','paid'),(778,'credit_card','paid'),(779,'bank_transfer','failed'),(780,'paypal','pending'),(781,'credit_card','failed'),(782,'credit_card','pending'),(783,'credit_card','pending'),(784,'credit_card','failed'),(785,'credit_card','failed'),(786,'credit_card','pending'),(787,'credit_card','failed'),(788,'bank_transfer','pending'),(789,'bank_transfer','failed'),(790,'paypal','failed'),(791,'bank_transfer','paid'),(792,'paypal','failed'),(793,'bank_transfer','failed'),(794,'bank_transfer','failed'),(795,'paypal','paid'),(796,'bank_transfer','pending'),(797,'paypal','pending'),(798,'paypal','failed'),(799,'paypal','failed'),(800,'paypal','pending'),(801,'paypal','failed'),(802,'bank_transfer','pending'),(803,'credit_card','paid'),(804,'bank_transfer','failed'),(805,'bank_transfer','failed'),(806,'bank_transfer','failed'),(807,'credit_card','paid'),(808,'credit_card','failed'),(809,'credit_card','paid'),(810,'bank_transfer','failed'),(811,'paypal','paid'),(812,'credit_card','pending'),(813,'credit_card','pending'),(814,'bank_transfer','pending'),(815,'paypal','pending'),(816,'credit_card','pending'),(817,'bank_transfer','failed'),(818,'paypal','pending'),(819,'bank_transfer','pending'),(820,'bank_transfer','paid'),(821,'bank_transfer','failed'),(822,'bank_transfer','failed'),(823,'paypal','paid'),(824,'paypal','paid'),(825,'paypal','paid'),(826,'paypal','failed'),(827,'bank_transfer','pending'),(828,'bank_transfer','failed'),(829,'credit_card','pending'),(830,'bank_transfer','failed'),(831,'credit_card','failed'),(832,'paypal','paid'),(833,'credit_card','failed'),(834,'credit_card','failed'),(835,'bank_transfer','paid'),(836,'paypal','failed'),(837,'bank_transfer','paid'),(838,'paypal','paid'),(839,'bank_transfer','failed'),(840,'credit_card','pending'),(841,'paypal','paid'),(842,'paypal','paid'),(843,'credit_card','failed'),(844,'bank_transfer','paid'),(845,'bank_transfer','pending'),(846,'bank_transfer','paid'),(847,'bank_transfer','paid'),(848,'paypal','pending'),(849,'bank_transfer','failed'),(850,'credit_card','pending'),(851,'bank_transfer','pending'),(852,'bank_transfer','pending'),(853,'bank_transfer','paid'),(854,'credit_card','paid'),(855,'credit_card','pending'),(856,'credit_card','paid'),(857,'paypal','failed'),(858,'paypal','pending'),(859,'credit_card','failed'),(860,'bank_transfer','failed'),(861,'bank_transfer','failed'),(862,'paypal','paid'),(863,'paypal','paid'),(864,'bank_transfer','paid'),(865,'bank_transfer','failed'),(866,'bank_transfer','failed'),(867,'paypal','paid'),(868,'bank_transfer','paid'),(869,'paypal','pending'),(870,'paypal','failed'),(871,'paypal','paid'),(872,'paypal','failed'),(873,'credit_card','failed'),(874,'bank_transfer','paid'),(875,'credit_card','paid'),(876,'bank_transfer','paid'),(877,'credit_card','paid'),(878,'bank_transfer','pending'),(879,'bank_transfer','pending'),(880,'paypal','pending'),(881,'credit_card','paid'),(882,'paypal','failed'),(883,'bank_transfer','pending'),(884,'credit_card','failed'),(885,'paypal','paid'),(886,'paypal','paid'),(887,'bank_transfer','failed'),(888,'paypal','paid'),(889,'bank_transfer','failed'),(890,'bank_transfer','pending'),(891,'bank_transfer','paid'),(892,'paypal','paid'),(893,'credit_card','paid'),(894,'credit_card','pending'),(895,'paypal','pending'),(896,'paypal','paid'),(897,'credit_card','paid'),(898,'paypal','paid'),(899,'bank_transfer','pending'),(900,'credit_card','paid'),(901,'bank_transfer','pending'),(902,'paypal','pending'),(903,'paypal','paid'),(904,'credit_card','pending'),(905,'credit_card','pending'),(906,'paypal','pending'),(907,'bank_transfer','pending'),(908,'credit_card','paid'),(909,'paypal','pending'),(910,'paypal','pending'),(911,'credit_card','paid'),(912,'paypal','failed'),(913,'bank_transfer','paid'),(914,'bank_transfer','failed'),(915,'credit_card','failed'),(916,'credit_card','pending'),(917,'paypal','failed'),(918,'bank_transfer','failed'),(919,'bank_transfer','failed'),(920,'bank_transfer','pending'),(921,'paypal','paid'),(922,'paypal','pending'),(923,'credit_card','pending'),(924,'bank_transfer','pending'),(925,'credit_card','failed'),(926,'credit_card','failed'),(927,'bank_transfer','pending'),(928,'paypal','paid'),(929,'paypal','paid'),(930,'paypal','paid'),(931,'paypal','failed'),(932,'credit_card','pending'),(933,'bank_transfer','paid'),(934,'credit_card','pending'),(935,'bank_transfer','pending'),(936,'bank_transfer','pending'),(937,'bank_transfer','failed'),(938,'paypal','failed'),(939,'credit_card','pending'),(940,'paypal','failed'),(941,'credit_card','pending'),(942,'paypal','failed'),(943,'paypal','failed'),(944,'credit_card','pending'),(945,'bank_transfer','pending'),(946,'paypal','paid'),(947,'credit_card','pending'),(948,'paypal','failed'),(949,'paypal','pending'),(950,'credit_card','failed'),(951,'credit_card','pending'),(952,'paypal','failed'),(953,'bank_transfer','paid'),(954,'paypal','pending'),(955,'bank_transfer','failed'),(956,'credit_card','paid'),(957,'bank_transfer','failed'),(958,'bank_transfer','failed'),(959,'bank_transfer','failed'),(960,'credit_card','failed'),(961,'credit_card','failed'),(962,'paypal','paid'),(963,'credit_card','pending'),(964,'paypal','pending'),(965,'credit_card','paid'),(966,'credit_card','failed'),(967,'credit_card','paid'),(968,'bank_transfer','failed'),(969,'paypal','pending'),(970,'bank_transfer','paid'),(971,'paypal','paid'),(972,'bank_transfer','pending'),(973,'paypal','failed'),(974,'paypal','paid'),(975,'paypal','failed'),(976,'paypal','pending'),(977,'paypal','paid'),(978,'bank_transfer','pending'),(979,'credit_card','failed'),(980,'bank_transfer','pending'),(981,'credit_card','failed'),(982,'paypal','paid'),(983,'bank_transfer','pending'),(984,'credit_card','failed'),(985,'credit_card','failed'),(986,'bank_transfer','failed'),(987,'paypal','failed'),(988,'paypal','paid'),(989,'bank_transfer','failed'),(990,'credit_card','pending'),(991,'bank_transfer','paid'),(992,'paypal','paid'),(993,'credit_card','pending'),(994,'credit_card','paid'),(995,'paypal','paid'),(996,'paypal','paid'),(997,'credit_card','failed'),(998,'paypal','paid'),(999,'paypal','paid'),(1000,'credit_card','paid');
/*!40000 ALTER TABLE `payment` ENABLE KEYS */;
UNLOCK TABLES;

--
-- Table structure for table `review`
--

DROP TABLE IF EXISTS `review`;
/*!40101 SET @saved_cs_client     = @@character_set_client */;
/*!50503 SET character_set_client = utf8mb4 */;
CREATE TABLE `review` (
  `reviewID` int NOT NULL AUTO_INCREMENT,
  `userID` varchar(50) NOT NULL,
  `orderID` int NOT NULL,
  `listingID` int NOT NULL,
  `rating` int NOT NULL,
  `description` text,
  `images` varchar(255) DEFAULT NULL,
  `date` date NOT NULL,
  PRIMARY KEY (`reviewID`),
  KEY `userID` (`userID`),
  KEY `orderID` (`orderID`,`listingID`),
  CONSTRAINT `review_ibfk_1` FOREIGN KEY (`userID`) REFERENCES `user` (`userID`) ON DELETE CASCADE,
  CONSTRAINT `review_ibfk_2` FOREIGN KEY (`orderID`, `listingID`) REFERENCES `orderlisting` (`orderID`, `listingID`) ON DELETE CASCADE
) ENGINE=InnoDB AUTO_INCREMENT=301 DEFAULT CHARSET=utf8mb4 COLLATE=utf8mb4_0900_ai_ci;
/*!40101 SET character_set_client = @saved_cs_client */;

--
-- Dumping data for table `review`
--

LOCK TABLES `review` WRITE;
/*!40000 ALTER TABLE `review` DISABLE KEYS */;
INSERT INTO `review` VALUES (1,'wandaroberts',899,272,1,'They daughter tax case identify newspaper. Use clear adult tough good then ask. Stop first whom clear machine check wife together.','https://dummyimage.com/874x665,https://placekitten.com/560/1000,https://picsum.photos/955/570,https://picsum.photos/363/813','2024-06-06'),(2,'robertsemily',513,162,2,'Take floor perform environmental. Spend sign reflect. For reason all economy generation.\nIt smile power spend.','https://placekitten.com/986/109,https://placekitten.com/705/895,https://dummyimage.com/942x165,https://dummyimage.com/342x174,https://picsum.photos/779/855','2024-05-05'),(3,'philiptorres',893,110,5,'The recognize people none prevent. Glass product who trip page its prepare. Many blood too any.\nSimply six provide meet though other look. Become image cover.','https://dummyimage.com/701x356','2024-05-06'),(4,'kelseyjuarez',475,35,4,'Report space usually mother drive among child. Address recognize data believe. News focus discussion customer drug.','https://dummyimage.com/857x393','2024-07-24'),(5,'stephenmeyer',737,350,1,'Far red change rock event since environment discussion. Choose budget ask yourself out. Audience two activity wish back two. Hand former one table probably several.','https://picsum.photos/146/203,https://placekitten.com/696/344','2024-11-01'),(6,'megan67',628,97,2,'Road serious lead reason manage test professor. Often way throw space recently development account.\nGreen perform PM.\nReality require off language. Doctor difficult election.','https://placekitten.com/942/66,https://dummyimage.com/952x976,https://picsum.photos/988/157,https://picsum.photos/964/875,https://placekitten.com/457/970','2023-12-08'),(7,'uboyer',327,372,4,'Imagine close east result fight future. Direction eight buy word type campaign. Run mind newspaper under.\nTerm range page north. Once minute event person week bring determine.','https://dummyimage.com/526x773,https://placekitten.com/548/68,https://placekitten.com/666/706,https://placekitten.com/830/553','2024-09-20'),(8,'baileysims',868,224,4,'Must their hand since federal. Student four their.\nGuy wall put their major. Blood manage continue he maybe while. Artist relationship simply front audience avoid fast.','https://picsum.photos/507/551,https://dummyimage.com/797x551,https://picsum.photos/880/21,https://dummyimage.com/1019x674,https://placekitten.com/987/183','2024-04-12'),(9,'josephzachary',26,61,5,'Decide deep me important member. Whose investment charge character method. Capital have fine ability.','https://placekitten.com/231/684,https://picsum.photos/742/645,https://dummyimage.com/818x314,https://dummyimage.com/364x736,https://dummyimage.com/58x503','2024-02-06'),(10,'iweaver',780,256,2,'Professional their avoid measure subject. Building receive bit example. Since marriage ready because stock film own.','https://picsum.photos/165/417,https://picsum.photos/575/387,https://picsum.photos/364/380,https://placekitten.com/159/549,https://dummyimage.com/166x541','2023-11-24'),(11,'samantha76',72,332,4,'Various certain sign. Million station here if. Head want together under out building word. Pressure space support sure together air week old.\nSong quality tell ahead education young try.','https://placekitten.com/23/513,https://picsum.photos/376/59,https://picsum.photos/950/976','2024-08-03'),(12,'martinezkathleen',491,191,1,'Yeah beautiful arrive determine choose avoid line. We particular test stop.\nCompany shake worry mean these budget good develop. Way reality do can herself official series.','https://picsum.photos/761/212,https://picsum.photos/283/84,https://placekitten.com/48/530','2024-01-12'),(13,'nicole22',596,495,1,'Move mother provide action past.\nVery Democrat particular learn. Level too treatment allow public think door total. Drop fill approach get.','https://dummyimage.com/731x687,https://placekitten.com/667/74,https://picsum.photos/821/409,https://picsum.photos/28/491','2024-02-04'),(14,'ythomas',636,178,1,'Detail fast color agreement. This policy college table perhaps trade. Everyone article change or policy.\nInterview country animal car. Toward another sea tree.','https://dummyimage.com/912x727,https://dummyimage.com/548x287,https://dummyimage.com/879x135,https://placekitten.com/276/554','2024-05-14'),(15,'uboyer',639,308,2,'Guess range success area. Should radio approach argue. Laugh learn decision exactly program upon hot.','https://dummyimage.com/737x930,https://picsum.photos/782/53,https://placekitten.com/958/194,https://picsum.photos/434/777,https://picsum.photos/831/816','2024-05-04'),(16,'pstephens',370,82,2,'Table these wide cold seek sit movement. Likely street whatever city.\nThis nice billion anyone yourself car interview. Difference enter language receive.','https://dummyimage.com/322x832,https://picsum.photos/651/671,https://placekitten.com/224/298,https://picsum.photos/664/25','2024-08-14'),(17,'ohaynes',394,200,1,'Down power tree interest store. Three nothing suffer action.\nRule very technology accept significant fact. Particularly pass move note. Finish claim education.','https://placekitten.com/62/206,https://dummyimage.com/562x48,https://picsum.photos/714/421','2024-10-08'),(18,'sean84',602,416,3,'Purpose end Congress buy. Matter chair money. Style wait certainly me sort option.\nDecade us before. Walk same seek. Represent pay trip memory remain.','https://picsum.photos/552/751,https://picsum.photos/485/183,https://picsum.photos/976/126,https://dummyimage.com/906x436,https://picsum.photos/846/653','2024-08-19'),(19,'duranlisa',995,185,2,'Already federal contain wind. Military character central someone suggest both. Management feel Republican class yeah.\nSouthern maybe trip child. Allow be can into.','https://picsum.photos/285/568,https://placekitten.com/341/739,https://picsum.photos/652/389,https://picsum.photos/199/880,https://placekitten.com/860/83','2024-06-03'),(20,'melissa35',828,236,3,'Nice allow trade his major matter grow while. Both sing human political personal somebody explain. Time yes stage threat deal.','https://picsum.photos/38/404,https://picsum.photos/747/315,https://placekitten.com/878/597,https://picsum.photos/461/420','2024-02-25'),(21,'privera',408,117,2,'Us owner bit research current but. Idea firm place economy let. Star whether front.','https://placekitten.com/251/396,https://dummyimage.com/581x140,https://picsum.photos/812/904,https://placekitten.com/411/61','2024-02-24'),(22,'spearskaitlyn',65,70,2,'Responsibility during whole lay form. Direction face manage Congress early live often. Eye too give discussion.','https://dummyimage.com/882x533,https://dummyimage.com/624x501','2024-07-07'),(23,'wmata',716,116,2,'New small commercial fall teach us response. Early event ok activity case rather.','https://dummyimage.com/583x326,https://picsum.photos/1001/340,https://picsum.photos/558/87,https://picsum.photos/442/339,https://dummyimage.com/138x882','2024-03-09'),(24,'josephzachary',914,261,3,'Treatment president factor summer win product. View father shake pattern.\nAround something section fall report. Out act easy.','https://placekitten.com/380/937,https://dummyimage.com/671x714,https://picsum.photos/385/594','2024-01-19'),(25,'dawsonamber',323,178,1,'Protect other indicate feel event head name agreement. Rule new institution agency debate. Into world short miss local news few.\nVarious never church case.','https://placekitten.com/158/496,https://picsum.photos/648/883,https://picsum.photos/757/21,https://dummyimage.com/695x261','2024-07-03'),(26,'zcopeland',867,48,5,'Worry special question reflect way. Book expert study impact view a. Authority send record create old near around.','https://picsum.photos/58/796,https://picsum.photos/884/932,https://picsum.photos/927/171,https://placekitten.com/88/378,https://picsum.photos/250/41','2024-01-25'),(27,'james77',208,78,4,'Moment including guess movement real bar. Protect full window form doctor. Sometimes make very indicate administration yes.','https://placekitten.com/825/380,https://dummyimage.com/40x314,https://dummyimage.com/588x28,https://picsum.photos/10/700,https://picsum.photos/907/53','2023-12-15'),(28,'wendymills',431,323,5,'Happen matter father entire bring citizen. Consumer senior wonder. Bill American bed policy firm. Method similar huge explain walk together.\nService action year wide. Authority author relate range.','https://picsum.photos/628/741,https://dummyimage.com/575x532,https://dummyimage.com/891x135','2024-09-03'),(29,'dweber',439,472,3,'Or story arm start believe your. Drug event future activity. Believe own know commercial again pass study drop.\nVisit all middle conference. Hard yes mission various pressure usually.','https://picsum.photos/629/230,https://placekitten.com/265/59','2024-06-26'),(30,'bbean',959,232,4,'Consider perform loss prove adult purpose again level. Put country born enter various participant strategy. Play you rest how miss. Eight decision consider.','https://picsum.photos/608/317,https://dummyimage.com/592x575,https://placekitten.com/150/690,https://placekitten.com/654/81,https://picsum.photos/544/646','2024-04-11'),(31,'christopherhunt',521,182,3,'Lose your skin official. Small to blue million. Season where dream.\nExperience capital policy consider look indeed again. Lot end where she since much common.','https://picsum.photos/966/9,https://dummyimage.com/753x385,https://picsum.photos/743/662,https://placekitten.com/101/542','2024-01-12'),(32,'baileysims',578,5,3,'Available may contain or surface. International man subject buy way us everyone with. Forget treat significant front stand character street firm.','https://dummyimage.com/750x481,https://picsum.photos/19/1017,https://dummyimage.com/854x185,https://dummyimage.com/13x438,https://placekitten.com/39/243','2024-01-25'),(33,'alyssajenkins',671,112,3,'Religious member player husband property police. Author fire hospital recently. Wear PM this produce society in become.','https://dummyimage.com/135x12,https://dummyimage.com/707x995','2024-03-28'),(34,'lhall',318,434,4,'After table matter home among. Hear couple effect structure admit.\nSupport we back common discussion. Give every under new media.','https://placekitten.com/242/391,https://placekitten.com/708/713','2024-03-21'),(35,'reedwhitney',170,40,3,'Garden agreement store southern number again move. Law fly apply section air probably.','https://dummyimage.com/156x380,https://placekitten.com/407/35,https://dummyimage.com/373x166,https://placekitten.com/501/315','2024-06-01'),(36,'virginiakelley',877,204,2,'Close main evidence see analysis section. Wind lead keep could car item join. Military with arrive.\nPick woman officer yes number particularly environment heart. All any conference practice him well.','https://placekitten.com/552/547','2024-02-09'),(37,'eric60',179,447,5,'Would loss should seek. Can couple decision remember pass. Occur political accept.','https://picsum.photos/683/753,https://picsum.photos/691/159','2024-05-05'),(38,'wmata',828,236,1,'Power traditional there company forward hit those million.\nStory lay Mrs wish among data everyone. Someone whole leader hotel better.','https://placekitten.com/259/693,https://picsum.photos/311/913,https://dummyimage.com/839x436,https://picsum.photos/816/419','2024-08-12'),(39,'stevensimpson',405,382,5,'Court energy main a two oil. Have event people. Democrat room end daughter discussion send.','https://placekitten.com/528/690,https://placekitten.com/455/238','2024-07-24'),(40,'jake04',166,457,4,'Today not decide with fear. Relate reflect you cold human. Along nor claim morning explain threat pretty.','https://placekitten.com/570/882,https://dummyimage.com/492x678,https://dummyimage.com/315x209,https://placekitten.com/467/985,https://picsum.photos/229/677','2024-07-15'),(41,'lcruz',328,321,3,'Down for physical eight apply benefit. Continue have either her whom impact. Indicate state full young agent federal.\nMedia tend church serve. Hope huge according environment social.','https://picsum.photos/517/53,https://dummyimage.com/785x719,https://dummyimage.com/1x770','2024-03-18'),(42,'amandawyatt',518,434,2,'Work teach kind. Step give realize adult floor bit. Assume pull trip move do Mrs bag.\nSuffer picture economic their discussion. Carry issue walk send compare.','https://dummyimage.com/260x764,https://placekitten.com/596/809,https://dummyimage.com/694x786,https://placekitten.com/532/800,https://dummyimage.com/708x64','2024-05-17'),(43,'stevensimpson',341,124,3,'Well fall end. Performance describe yeah not. While coach hot someone. Large young bit chair hour.\nTrade region yeah. Player hear sea address.','https://placekitten.com/289/834,https://placekitten.com/806/127,https://picsum.photos/174/121','2023-12-28'),(44,'woodardmary',577,284,1,'Apply guy interest beyond hope whatever. Say appear drug picture management.\nSomebody employee present certain new quite keep.\nWish impact develop yard. Short knowledge people right beautiful.','https://dummyimage.com/102x570,https://placekitten.com/866/824','2024-08-20'),(45,'tiffanybarry',402,158,1,'This society later lose half six. Place Democrat mind heart coach explain. Vote single mention this second could why loss.','https://picsum.photos/681/88,https://picsum.photos/606/496,https://placekitten.com/44/809,https://picsum.photos/367/315,https://picsum.photos/694/948','2024-09-24'),(46,'privera',248,313,3,'Expert type wife under so sense nation. Condition book big size stay trial always contain. Someone name require include prove create agree.','https://placekitten.com/651/77,https://dummyimage.com/429x365,https://placekitten.com/716/139,https://placekitten.com/662/828','2023-12-08'),(47,'amandawyatt',661,277,5,'Science later dinner compare talk feeling. Next challenge choose image. Guess their worker threat. Senior attack station design first where into practice.','https://placekitten.com/768/601,https://dummyimage.com/111x657,https://picsum.photos/270/228,https://dummyimage.com/189x879','2024-10-30'),(48,'xlozano',268,131,5,'Control success try enjoy. Effect child play environment.\nDuring hand side option. Month fight big nation. Artist investment professional last civil.','https://placekitten.com/64/766,https://dummyimage.com/267x959,https://placekitten.com/76/752','2024-01-28'),(49,'vsingh',256,483,4,'Sister human nor full reach degree. Exist let capital campaign debate almost water month. Natural edge raise hand discussion.\nRoad represent table floor purpose city.','https://dummyimage.com/242x548,https://placekitten.com/880/74','2024-02-19'),(50,'wendymills',937,474,3,'On cultural free some most. Account treat share.\nWorker there myself each worker. According spring artist either. Less dream real mouth respond money.','https://dummyimage.com/771x426,https://placekitten.com/519/225','2023-12-08'),(51,'tiffanybarry',362,89,2,'Material best expert despite natural. Memory off suggest together edge attention.\nOut leg head least finally soldier less. View say I gun attention. Research you card summer.','https://picsum.photos/535/24,https://placekitten.com/859/83,https://dummyimage.com/745x317','2023-12-02'),(52,'brian60',594,133,3,'Drive coach both us. Wife news short attack employee must. Attorney school rule cold drive over.\nIssue region discussion compare stuff address worry. Run there story enjoy.','https://dummyimage.com/837x921,https://placekitten.com/508/677','2024-04-03'),(53,'bharris',760,37,1,'Son dog night listen citizen. Strategy care you into Mr west model. Economic officer movie deep win.\nBed ball finish under others arrive nature. Others tell nice great owner amount.','https://picsum.photos/319/835','2024-06-12'),(54,'schmidtdesiree',465,373,3,'Term growth week avoid. Moment physical feeling onto eat case way along.\nAccept price technology. Shoulder brother between risk foot major maybe.','https://picsum.photos/192/470','2024-09-15'),(55,'latasha52',660,47,4,'Behind degree attorney institution stock thus. Activity prepare local set once. Authority indeed some.\nLawyer week cause early.','https://placekitten.com/441/428,https://placekitten.com/1008/123,https://placekitten.com/342/328,https://dummyimage.com/339x845','2024-08-28'),(56,'dawsonamber',647,343,3,'Partner prepare four stop. Produce well speak music its place.\nWhom side already situation create important. More worker four these early speak. Range couple including tonight fill article build.','https://picsum.photos/533/621,https://dummyimage.com/696x764,https://placekitten.com/757/7,https://dummyimage.com/46x274,https://dummyimage.com/51x969','2024-02-09'),(57,'ashley87',439,472,2,'Manage behavior reach past right plant customer star. Occur end air hear loss news future.\nMaintain guy spring off. Chair walk record it morning.','https://picsum.photos/46/36,https://picsum.photos/12/182,https://placekitten.com/318/392,https://dummyimage.com/604x855,https://dummyimage.com/322x681','2024-11-06'),(58,'cowen',908,142,1,'Learn low see method. Expect never take president.\nEveryone various wear result policy. Establish production unit include.','https://picsum.photos/266/41,https://picsum.photos/139/619,https://picsum.photos/500/9,https://placekitten.com/327/85','2024-04-28'),(59,'jennifer05',611,99,3,'When step century seven. Card last reduce modern reality place ahead stock. Success as everyone figure member around stuff. Authority collection north.','https://placekitten.com/226/962,https://picsum.photos/98/481,https://dummyimage.com/1005x826','2024-07-09'),(60,'samanthanielsen',716,91,2,'Itself rate production certain sit environment. Still chance new white test full.','https://placekitten.com/351/429,https://dummyimage.com/52x661,https://dummyimage.com/39x764,https://placekitten.com/516/618,https://placekitten.com/465/137','2024-09-11'),(61,'alexiswoods',21,57,1,'Rock citizen trade throw performance. Study yeah campaign still paper soon. Fire throw brother happen both fact certainly behavior.','https://placekitten.com/914/987','2024-07-26'),(62,'stevensimpson',599,58,1,'About part ready society teacher hard. Difficult price across word get structure others anyone. Test care book usually I take.','https://dummyimage.com/59x388,https://picsum.photos/30/830','2024-08-07'),(63,'pstephens',595,322,3,'Success bag walk name body enjoy sometimes against.\nCase send he goal low small rock boy. Focus tax important remain. Bring nice room break.','https://dummyimage.com/510x825,https://placekitten.com/887/333,https://placekitten.com/386/355,https://dummyimage.com/3x448','2024-02-24'),(64,'keithvalentine',593,391,4,'Either instead base let can reach bed that. No whose produce south capital me guy.\nColor cold learn. Employee significant black sell tell series them.','https://dummyimage.com/95x863,https://picsum.photos/663/457,https://placekitten.com/978/634,https://picsum.photos/863/346,https://dummyimage.com/998x147','2024-03-24'),(65,'dcervantes',469,8,3,'Vote school night memory ball keep. Arm person since. Ball toward seek kitchen their almost.\nSend suffer question clearly street concern especially. Conference determine according light wish.','https://picsum.photos/544/865,https://dummyimage.com/773x18','2023-12-05'),(66,'tommysanchez',42,213,1,'Good floor manager million political difference marriage. Across scientist over about. Fear west party will. Probably ready claim size forget work.','https://placekitten.com/429/250','2024-03-09'),(67,'dunnapril',506,498,1,'Usually chance peace young. Recently democratic stage sell Mr. Recognize dark maintain this. Traditional hand act last until.','https://placekitten.com/600/565,https://placekitten.com/654/162','2023-12-27'),(68,'donna83',975,280,5,'Poor personal store new huge. Identify chair on spend reveal. Bar anything watch appear upon everyone reality away.','https://dummyimage.com/256x487,https://dummyimage.com/98x201,https://picsum.photos/699/771','2023-12-22'),(69,'latasha52',109,109,3,'Discussion decision friend determine party. Low purpose loss save officer southern level friend.\nSuffer run hot blood value discuss. Baby those blue.','https://picsum.photos/327/268,https://picsum.photos/254/728','2023-12-30'),(70,'martinezyvette',677,240,3,'Challenge customer between maybe box type probably different. Quickly design build reason ask camera tough. Reveal threat appear somebody others.','https://placekitten.com/113/182,https://picsum.photos/574/348,https://picsum.photos/352/940,https://picsum.photos/921/30','2024-06-18'),(71,'gallowaymichael',406,248,5,'Face arrive prove attention possible without property bar. Wait number try kitchen miss. Operation population grow.','https://placekitten.com/266/89,https://placekitten.com/976/607,https://picsum.photos/658/80,https://dummyimage.com/388x934,https://dummyimage.com/488x372','2024-03-04'),(72,'estesdonna',165,8,4,'Republican ok among thus include report receive discuss. Whatever represent see house according economy pick somebody. Else ahead city.','https://picsum.photos/250/482','2024-11-17'),(73,'christopherquinn',842,227,1,'Certainly magazine enough our prove. Gun health put successful phone trial.\nEach decision best meet threat only even. Hospital parent beyond him.','https://picsum.photos/269/281,https://picsum.photos/20/379,https://placekitten.com/697/630,https://placekitten.com/421/321','2024-06-13'),(74,'sanchezdonald',599,264,5,'Benefit simply whether. Partner including west leader me part establish. Past describe institution production ahead among plan.\nMeeting institution party me. Nation factor decision question.','https://placekitten.com/649/870,https://placekitten.com/824/400,https://placekitten.com/558/43,https://placekitten.com/768/216,https://placekitten.com/102/697','2024-08-22'),(75,'ustewart',693,76,4,'Husband respond space American training anyone. Mr family final.\nVisit morning international. Dream manager raise year.','https://placekitten.com/197/288','2024-05-04'),(76,'dboyd',381,231,1,'Difficult us seven even without minute. Record view fund service item. Energy hot support work.\nSave only full reason forward quite level. Way company might most.','https://dummyimage.com/55x329,https://dummyimage.com/777x816,https://dummyimage.com/309x164,https://placekitten.com/661/876','2024-07-01'),(77,'cmurphy',585,420,3,'Federal economy technology truth. Color let sister industry sea.\nBag president hot per wide it. Feeling unit without prove yard.','https://picsum.photos/70/224,https://placekitten.com/350/329,https://picsum.photos/760/713,https://dummyimage.com/324x78,https://placekitten.com/352/822','2024-06-08'),(78,'wilsonmegan',870,493,2,'Reach few strategy describe Republican environment your. The room good item mother. Year necessary off age news memory free.\nAsk from our represent message hard. Adult whatever politics along.','https://placekitten.com/170/6,https://picsum.photos/681/566,https://picsum.photos/110/978,https://picsum.photos/20/476','2024-10-20'),(79,'weberlauren',327,466,1,'Then exist general play sense. On bad build billion top identify affect admit. Movement expert seven herself also.','https://picsum.photos/647/42','2024-10-19'),(80,'duranlisa',946,396,3,'National until page. Bar minute fire strategy act.\nBest realize cause enough from. Glass someone people two.\nFine city soon.\nCup after commercial interest. Appear live power open.','https://dummyimage.com/356x63,https://dummyimage.com/797x512,https://dummyimage.com/282x838','2024-11-14'),(81,'samuelchan',248,313,5,'Fast financial after voice four forget. Peace executive policy action.\nRemain people least throughout. War star chance wait economy.','https://dummyimage.com/774x884','2023-12-08'),(82,'wallacemargaret',507,405,3,'Real relationship around mention person. Dream for authority benefit radio purpose message.\nAbility say system such population sea doctor. Bed church bring.','https://picsum.photos/393/408,https://dummyimage.com/989x765,https://placekitten.com/956/478,https://picsum.photos/730/994,https://placekitten.com/760/578','2024-03-02'),(83,'justin13',713,407,3,'Administration perform edge drive system. Figure source their white enter.\nFrom lose program human. Choice marriage fund social food organization per. Important bag our develop result industry far.','https://placekitten.com/989/454,https://dummyimage.com/1021x611,https://picsum.photos/632/369,https://dummyimage.com/624x779','2023-12-18'),(84,'sophia67',395,48,1,'Throughout respond baby claim.\nTv me whose know throw politics. Current lot everyone.','https://placekitten.com/901/503,https://dummyimage.com/855x984','2024-03-06'),(85,'john99',498,70,4,'Fast meeting special board organization later network yeah. Table road later care contain.\nSport yourself cut. Give short use democratic in. Force decide produce evening low person.','https://picsum.photos/614/443','2024-04-27'),(86,'angela72',518,149,3,'Push dream approach down. State inside ahead condition where.\nFront majority station tell moment authority central pretty. Pass my wife action common. His myself music research evidence.','https://dummyimage.com/312x1013,https://picsum.photos/834/280,https://dummyimage.com/665x447','2024-11-11'),(87,'mathisrachel',849,162,4,'Those education personal history church office. Account natural huge sea. Area left space never four skin. Happy start western measure loss.','https://dummyimage.com/541x179,https://picsum.photos/6/629,https://placekitten.com/197/780,https://placekitten.com/659/778','2023-12-27'),(88,'breannaross',322,128,5,'Together cup let seem write light.\nItem late college during argue race place. Surface surface manager.\nManager resource create.','https://picsum.photos/351/1003,https://picsum.photos/403/899,https://dummyimage.com/176x323,https://dummyimage.com/130x726,https://placekitten.com/465/890','2024-04-15'),(89,'kimberly42',882,193,2,'Set although chance until. Play build just movie model myself theory.\nEast agree body member its heart. Man culture view whom mind strategy.','https://placekitten.com/429/164','2024-02-12'),(90,'kimchristopher',609,261,5,'Detail guess president site. Various field human measure throw yeah. Human share treatment discuss.\nPrevent else above safe.','https://picsum.photos/21/859,https://picsum.photos/249/238','2024-09-26'),(91,'reevesjoseph',259,330,2,'Item space else. Outside wife western act.\nAgree best author once parent prove. Dog spring international new action. Moment only theory arrive scientist among.','https://dummyimage.com/136x390','2024-04-21'),(92,'keith68',260,177,2,'What be son dream raise poor. Water kitchen consumer.\nMy agent significant wall street space. Arm peace you religious rule forward.','https://dummyimage.com/341x741,https://dummyimage.com/831x306,https://placekitten.com/36/589','2024-06-05'),(93,'bharris',884,29,1,'Assume position drive organization growth almost mention really. Continue protect require nation support.\nColor plant against pick join look.','https://dummyimage.com/169x658,https://picsum.photos/44/732,https://dummyimage.com/117x470','2023-12-29'),(94,'ksanchez',818,205,2,'Worker personal student last west. Democrat politics may mean. Final letter plant fall technology near.','https://picsum.photos/910/116,https://dummyimage.com/83x975,https://placekitten.com/217/205,https://picsum.photos/273/204','2023-12-01'),(95,'smithjoseph',748,78,3,'Central relationship improve memory. Nice someone as none. Huge but eat provide without herself strategy center.','https://dummyimage.com/455x337,https://picsum.photos/501/820','2024-08-12'),(96,'dunnapril',778,33,4,'Art reason contain. Paper series be you together conference. Off sport hair successful born this top.','https://picsum.photos/730/402,https://placekitten.com/569/470,https://placekitten.com/1014/426,https://picsum.photos/199/616','2024-08-30'),(97,'michael05',491,163,4,'Training pull back. Maybe popular part.\nShare effect thus. Property score everything today human agree. Practice fill bed whatever.\nRemember like personal serious. Face summer east find.','https://placekitten.com/934/634,https://placekitten.com/501/538,https://dummyimage.com/39x787,https://placekitten.com/762/167','2024-03-04'),(98,'samuelchan',492,109,2,'Agree out president growth space decade single. Eye free section film job sea.\nHusband ten fire cup difference design receive all. Cell her buy unit term general.','https://placekitten.com/700/261,https://dummyimage.com/515x215,https://dummyimage.com/300x405','2024-08-05'),(99,'glawson',538,410,2,'Well understand seven training summer use source. Standard himself middle.','https://dummyimage.com/60x53,https://dummyimage.com/112x274,https://placekitten.com/510/426,https://placekitten.com/552/195','2024-05-28'),(100,'edward06',580,351,5,'Well reduce trade father she never. See food painting special show air. Identify whom how pressure season military growth.','https://dummyimage.com/11x901,https://dummyimage.com/440x985','2023-12-25'),(101,'derekmccoy',229,400,1,'Time get all although him. Large good local general different they. Different person bring foot bit page age best.','https://placekitten.com/809/441,https://picsum.photos/796/38','2023-12-07'),(102,'tyler05',168,53,4,'Wind floor city event my hard design. Particular him guy. Safe agent present help from yard significant.\nUse provide but add west. Others need stop upon though especially open.','https://dummyimage.com/509x642,https://placekitten.com/461/587,https://picsum.photos/218/886,https://placekitten.com/134/352','2024-08-28'),(103,'wallacemargaret',686,118,1,'Better camera field leader industry leave truth. Almost should note old parent. For food class appear responsibility.\nDirector system old. Practice someone last adult.','https://dummyimage.com/640x460,https://picsum.photos/450/841,https://picsum.photos/891/97,https://placekitten.com/312/649','2024-08-01'),(104,'virginiakelley',469,72,5,'Suffer discussion indeed positive agent west degree. Behind various blue together situation. Bring truth treat me drop personal huge.','https://placekitten.com/887/288,https://placekitten.com/562/226,https://dummyimage.com/922x224,https://placekitten.com/883/243','2024-11-04'),(105,'ohaynes',892,339,3,'Represent father look have majority marriage. Decision for data two every. Watch night produce whose television near.','https://dummyimage.com/585x992,https://placekitten.com/841/111,https://placekitten.com/948/603','2024-09-09'),(106,'orobbins',804,342,3,'Back might wear trial expert cold choice. Skill machine road less article who.','https://dummyimage.com/494x57,https://dummyimage.com/312x693,https://dummyimage.com/542x870','2024-08-16'),(107,'blee',258,404,4,'Become put dream mother trip administration enough. Common five remain quickly.\nCarry race development can happy and everything. Center several major above.','https://dummyimage.com/1014x289,https://dummyimage.com/819x534','2023-11-29'),(108,'bbean',708,441,4,'Per step idea lot.\nArticle image friend new. Meeting chair ask never beyond our. Reason new other together respond beyond. Since guess opportunity think edge manager.','https://picsum.photos/595/206,https://picsum.photos/598/332,https://picsum.photos/292/120,https://dummyimage.com/974x603','2023-12-06'),(109,'weberlauren',818,205,5,'Possible front participant also my Republican company. Yourself even feel may brother experience seek. Ago yourself main itself during. Issue without per blood service study.','https://picsum.photos/618/276,https://placekitten.com/289/171,https://picsum.photos/1013/927,https://dummyimage.com/282x821','2024-05-26'),(110,'angela88',16,227,5,'Sea current either represent begin east.\nRealize upon arrive old issue area not. Pass collection nothing.\nFire property particular throughout light full out. Company account practice.','https://placekitten.com/833/583,https://placekitten.com/456/692,https://placekitten.com/729/514,https://placekitten.com/753/279,https://placekitten.com/989/661','2024-06-20'),(111,'tommysanchez',998,341,4,'Want song help strategy firm. Season sea both to onto section. Later order deep employee concern conference south arrive.','https://placekitten.com/802/123,https://dummyimage.com/786x177,https://dummyimage.com/471x953,https://placekitten.com/678/178,https://picsum.photos/488/519','2024-10-30'),(112,'wroberts',260,177,2,'Well lose receive kitchen hope. Behind raise section cause debate.\nTreat space first head lawyer. Near with factor themselves sound floor.','https://dummyimage.com/255x321,https://dummyimage.com/823x639,https://picsum.photos/356/855','2024-06-11'),(113,'dcervantes',905,167,5,'Role young her song true interesting.\nPick many level firm back. Mother how opportunity American pretty room special. To machine yourself low man.','https://dummyimage.com/820x1004,https://picsum.photos/8/103','2024-05-12'),(114,'amycollins',946,396,5,'International join mention mention.\nOwner if fund level good. Pattern form development prevent. Nice put lawyer act play memory them. Draw almost born.','https://picsum.photos/728/804,https://placekitten.com/346/157','2024-08-03'),(115,'meghansims',315,210,2,'Various early pick others. Central bar knowledge range talk those exactly.\nWind first consumer point raise task. Indicate rich gun quickly local. Inside result positive process best church soon.','https://picsum.photos/835/362,https://dummyimage.com/103x632','2024-11-15'),(116,'kpitts',476,172,4,'White agree cold view return writer. Method east couple worker water.','https://dummyimage.com/50x346,https://picsum.photos/107/579,https://placekitten.com/758/365','2024-11-05'),(117,'uboyer',611,240,1,'She card move skin read. Law draw catch water small room control. Operation happy discuss modern.\nBuild type serve throughout. Born during hair rise recognize lose resource agree.','https://dummyimage.com/891x409','2024-06-05'),(118,'grantjoseph',891,112,1,'Under relate purpose surface start. Lot field impact mouth.\nClass word strategy if more paper majority likely. Eye cup wind property test benefit daughter arm.\nSit store week.','https://dummyimage.com/285x821,https://picsum.photos/809/432,https://dummyimage.com/486x46','2023-12-30'),(119,'mitchellscott',778,33,1,'Win anyone must compare under cup. Something nice movement ok.\nDaughter its stop five turn scientist position. Section outside international maybe here.','https://dummyimage.com/481x920,https://picsum.photos/956/524,https://dummyimage.com/698x496,https://picsum.photos/77/323,https://dummyimage.com/572x608','2024-04-09'),(120,'conniescott',520,84,5,'Share her open reality address want. Skill country my nation probably happen.\nSafe live father benefit others. Friend when decision local per especially wife.\nImagine strong letter young play.','https://placekitten.com/559/861,https://dummyimage.com/372x495','2024-05-26'),(121,'valenciatodd',407,446,2,'Reflect group prevent foreign customer report. Each language laugh try person. Receive personal church song create health step police. Six ability series special his approach.','https://picsum.photos/88/694,https://picsum.photos/500/628,https://dummyimage.com/233x278','2024-09-30'),(122,'stephaniehodge',667,477,3,'Eight stock really space part tax surface business. Respond two base visit make drug window. Case property day.\nRed environment either by. Adult when police take right.','https://picsum.photos/934/691,https://placekitten.com/967/994,https://dummyimage.com/354x795,https://placekitten.com/1013/101,https://dummyimage.com/450x483','2024-09-23'),(123,'daybradley',523,374,5,'These big become or. Four interesting thing hear study same. Reason century local task major collection.\nSoon focus expert might movement surface dinner. Science dark threat.','https://picsum.photos/603/822,https://placekitten.com/986/303,https://placekitten.com/979/216','2024-11-07'),(124,'ellen77',460,252,3,'Everything recently fish rest make traditional. Peace field myself. Few sound finish perform join future response.\nNeed environmental direction any base. Oil her can short animal expert everything.','https://placekitten.com/480/688,https://dummyimage.com/925x920','2024-07-18'),(125,'carrollhannah',442,83,3,'Reach record pull learn speak material. Executive record change.\nCut young box long. Include provide course center appear.','https://placekitten.com/103/514,https://picsum.photos/219/1014','2024-06-15'),(126,'privera',453,201,4,'Pick human break. Media teach professional. Allow drug happen offer.\nValue new book employee though sound care. Create bring meet physical career impact provide.','https://picsum.photos/229/431','2024-04-24'),(127,'qcooper',371,315,4,'Boy in key someone. City attack medical happen ground course. Check statement may eight her ready. Bill feeling brother policy.','https://placekitten.com/28/244','2024-09-20'),(128,'amycollins',748,475,1,'Beautiful wait rock live happen account happen child. Compare to cultural range away soldier. Recently create receive argue must against see.\nMaybe other half drive.','https://placekitten.com/780/299,https://picsum.photos/915/275,https://dummyimage.com/586x957,https://placekitten.com/147/218','2024-07-12'),(129,'ujacobs',299,185,4,'Help follow include difficult. Parent area day necessary industry.\nPlay Democrat game benefit. Reduce personal need quite must which animal. Education minute figure member.','https://dummyimage.com/115x701,https://placekitten.com/347/902,https://placekitten.com/967/335,https://picsum.photos/139/716,https://picsum.photos/98/522','2024-02-27'),(130,'ywest',796,99,1,'Nearly information seek no. Put movement pattern billion memory.\nPick meeting blue avoid husband thousand. Old different reflect arrive.','https://placekitten.com/257/528','2024-03-01'),(131,'duartebeverly',486,421,4,'Each project never safe. Tax draw experience dinner station.\nStructure think leg land sport agency wide. Season house prepare your choose show. Make blood difficult represent southern final project.','https://dummyimage.com/738x482,https://placekitten.com/578/180,https://dummyimage.com/385x629','2024-06-09'),(132,'bgarcia',85,336,5,'Blue financial difficult old.\nSafe letter firm owner successful. Some deep son long successful. Third value personal laugh recent tend.','https://placekitten.com/172/53,https://dummyimage.com/178x97','2024-07-07'),(133,'peterlarson',456,192,3,'Two certain one.\nAround put sing course bring these hotel describe. Cup people ok large not force all include.\nEstablish court here course beat approach PM.','https://dummyimage.com/552x680','2024-04-07'),(134,'fhoward',724,82,1,'Capital it order fly performance international. Say house world tell short. Low better wide she production.\nNot toward sport expect apply of. Field court good decide wife.','https://placekitten.com/460/717','2024-07-25'),(135,'baileysims',976,403,3,'Join large challenge. Stuff police opportunity stage. Big building certain can whom degree investment few.','https://dummyimage.com/718x143,https://dummyimage.com/458x355','2024-10-02'),(136,'fbishop',462,498,5,'Sound both them miss shake. Spring stop order stand.\nDog day statement item anyone enough. Successful claim hair goal actually. Forget raise consider radio away might.','https://placekitten.com/798/57,https://placekitten.com/735/381,https://dummyimage.com/504x136,https://picsum.photos/526/299','2024-04-14'),(137,'haleyfrye',592,308,3,'Stage everybody think contain. Ready push country poor.\nBack garden nature next control. Husband president along purpose.','https://placekitten.com/594/157','2024-03-30'),(138,'andrea07',756,126,4,'Many near fish accept create.\nColor our student score operation. Current lay respond democratic measure.\nMuch ahead lay world. Table office brother team.','https://placekitten.com/313/67,https://picsum.photos/351/738,https://picsum.photos/137/314,https://dummyimage.com/653x275,https://picsum.photos/732/379','2024-01-12'),(139,'estesdonna',369,332,5,'House tell glass usually behavior would.\nDespite far enough must would usually ok. Music court fill owner drop expert affect. Republican just parent service.','https://dummyimage.com/350x991,https://placekitten.com/193/521','2024-11-18'),(140,'gstewart',807,381,4,'From agency she action. I trip tax off beautiful western myself get.\nWhy student discuss remain. Energy life election here stuff surface individual.','https://dummyimage.com/58x797,https://picsum.photos/896/679','2024-10-24'),(141,'melissaphillips',795,263,2,'Again officer character throw kid player employee result. New prevent too system.\nHere after within forget. Fund several your politics he.','https://placekitten.com/317/934,https://picsum.photos/578/831','2024-10-22'),(142,'lbarnett',531,137,3,'Newspaper two ok heavy. Station market inside someone western will service firm. Admit work girl food hear whose. Boy test debate movement huge information once.','https://placekitten.com/82/286,https://picsum.photos/548/12,https://dummyimage.com/1007x279,https://placekitten.com/550/388','2024-07-21'),(143,'jamesgillespie',256,483,3,'However rest pick. No policy own. Develop prepare fight stand. Hundred past animal whatever then.\nFall green chance gun south. South choose share.','https://picsum.photos/44/227,https://placekitten.com/21/769,https://placekitten.com/202/183,https://dummyimage.com/344x824','2023-12-24'),(144,'sierra19',969,16,4,'Hair experience paper success camera quickly cold fund. Lawyer thousand shoulder recognize. Family management offer likely exist feeling. Clear more opportunity.','https://dummyimage.com/94x310,https://dummyimage.com/85x302,https://placekitten.com/935/704,https://dummyimage.com/135x337','2024-01-13'),(145,'virginiakelley',676,310,1,'Art role agency baby century tree.\nFoot record prove there. Energy son let number any later note. Art sea woman will war.','https://dummyimage.com/511x588,https://dummyimage.com/493x168,https://picsum.photos/357/86,https://picsum.photos/796/661','2024-06-29'),(146,'xbarrett',941,100,3,'Police how hundred forget type. Beyond difficult decision network surface.','https://picsum.photos/774/282,https://placekitten.com/896/281,https://dummyimage.com/1023x935','2024-11-01'),(147,'michaellandry',346,395,3,'Quickly including church close she book since. Sing wind beautiful serious fight short machine.\nShoulder training teacher bar. History who water country consider feel.','https://dummyimage.com/490x740,https://placekitten.com/603/893,https://dummyimage.com/474x1006','2024-08-07'),(148,'derekmccoy',157,381,3,'Popular voice star.\nMajority tax environmental center part modern. Day water morning especially art mouth.','https://dummyimage.com/281x145,https://picsum.photos/917/856,https://dummyimage.com/897x304,https://placekitten.com/67/635,https://picsum.photos/546/173','2024-04-05'),(149,'crystal94',497,323,3,'Stuff down provide. They recognize two late social use.\nCommon voice I mother field civil quality. Add form military behavior young bag. Also suggest small argue production believe.','https://picsum.photos/86/629,https://dummyimage.com/98x676,https://dummyimage.com/91x168','2024-08-25'),(150,'keithvalentine',866,333,5,'Consider century reflect. Us professional long hope. Bit week account blood future society. Once development easy.\nTheir paper side thus job occur may. Either subject audience stand.','https://placekitten.com/258/523,https://placekitten.com/388/241','2024-05-16'),(151,'colleen98',129,90,1,'Since level himself up. All need produce practice than young economic.\nSpace nearly continue suffer market owner relate foreign.','https://dummyimage.com/334x535,https://placekitten.com/436/820','2024-09-13'),(152,'joelmay',544,489,5,'Well forward really.\nChurch face spend how personal nation follow. Practice positive coach option. Reflect expert notice none process audience. Name stay two range professional north commercial.','https://placekitten.com/243/287,https://dummyimage.com/260x305,https://placekitten.com/665/145','2024-02-19'),(153,'josephmatthew',835,428,5,'Check land year same news or world most. Glass find fact happy blood need rise.\nReligious drug field yeah. Man indicate return. Question form or young. Answer policy this one.','https://picsum.photos/590/839,https://picsum.photos/278/212,https://picsum.photos/881/910,https://dummyimage.com/111x534,https://picsum.photos/237/537','2023-12-31'),(154,'edickerson',688,285,4,'Benefit yeah accept identify. Final available record. Six spend nature theory hospital sure site.\nImagine field fight thus should allow training. Collection some boy well couple take.','https://picsum.photos/1003/476,https://placekitten.com/89/654','2024-11-16'),(155,'igonzalez',839,29,4,'Door our product realize strong base. Without establish management allow performance skin.\nCitizen easy each type act. Television grow specific end nothing.','https://dummyimage.com/897x742,https://dummyimage.com/241x586,https://placekitten.com/520/505','2024-05-29'),(156,'racheljackson',138,148,2,'Field bit set analysis year. May step lead on store seek.\nIssue understand behavior middle meeting. Knowledge according which almost among chance discussion. While shake figure check us.','https://picsum.photos/66/948,https://picsum.photos/158/1015','2024-09-09'),(157,'julia46',689,412,5,'Catch theory serve yard oil. Middle analysis generation ready. Hotel ability race white media foreign. Court person alone until man thousand.','https://placekitten.com/730/429,https://dummyimage.com/548x205,https://picsum.photos/704/71','2024-05-20'),(158,'andrewrichardson',718,331,1,'Relate occur night upon radio. Dark draw structure. Assume situation whatever amount. Prove speech relate fish.\nLoss image bit join him long. Realize decision remain pull firm such why.','https://picsum.photos/146/483','2024-04-01'),(159,'emarsh',381,441,4,'Her against yourself major training. Full hot near child thus toward. Well each adult PM ok truth information.','https://dummyimage.com/958x506,https://dummyimage.com/30x519,https://placekitten.com/22/71,https://picsum.photos/91/516,https://dummyimage.com/722x130','2024-01-16'),(160,'johnwise',630,260,4,'Chance ten discover consumer itself peace. Claim build including trial never.\nSince seek her specific without owner bad. Head analysis able our scene voice recognize.','https://placekitten.com/385/229','2023-11-23'),(161,'conniescott',153,154,3,'According ok beyond above. Phone vote poor evidence artist.\nPm sit again care price second. Police poor behind authority entire.','https://picsum.photos/355/871,https://dummyimage.com/913x145,https://placekitten.com/404/580,https://placekitten.com/4/767','2024-02-24'),(162,'daybradley',820,274,1,'Within them them. Democratic road ready compare bit visit prevent. Letter particularly practice less nearly strategy admit.','https://dummyimage.com/134x339,https://dummyimage.com/124x316,https://picsum.photos/902/690','2024-11-11'),(163,'cjohnston',924,14,2,'Goal other serious begin hope. Seem four military ever fact no price.\nWhether yourself author myself gas. Already key hand answer television someone.','https://dummyimage.com/861x132,https://placekitten.com/454/997,https://dummyimage.com/206x270','2024-03-16'),(164,'andrewrichardson',630,118,4,'That baby too believe third. Card outside home executive still include professional. Question order focus me watch language detail.','https://dummyimage.com/1004x502,https://dummyimage.com/659x878,https://placekitten.com/378/760,https://placekitten.com/738/519','2024-06-17'),(165,'angela72',237,311,1,'Put identify up own water. Process result scene current so hit. Let read simply cut. Stock fire finally organization least meeting minute.\nThousand tonight game way no. Happen medical get toward.','https://placekitten.com/946/628','2024-03-05'),(166,'davistracy',633,366,4,'Can window development last north try. Technology seem year place night thank. Movement senior field citizen fast. Develop hit art generation at.','https://dummyimage.com/295x361,https://placekitten.com/76/50,https://dummyimage.com/65x44','2024-01-20'),(167,'duartebeverly',747,113,3,'Parent body put once.\nRemember onto amount clear. Wait attack off food right.\nSame why practice sit government deal city. Fine service behind former man event perhaps.','https://dummyimage.com/153x23,https://picsum.photos/31/753,https://dummyimage.com/883x369','2024-05-08'),(168,'dunnapril',142,440,4,'Whether because pick late each partner. Scene production student phone.','https://placekitten.com/661/763,https://placekitten.com/814/149,https://placekitten.com/438/419,https://dummyimage.com/54x286','2024-07-05'),(169,'fhoward',124,455,2,'During far perform project mention. Reality road matter daughter ask nearly. Church process seek many month policy ready.\nKnowledge whole magazine six. Ball science me down opportunity least decide.','https://placekitten.com/490/1006','2024-04-13'),(170,'sawyerkrystal',102,291,4,'Evening week cost possible account ability drive.\nTest plant bed. Game foot teach themselves understand three within this. Edge ball event carry rule.','https://placekitten.com/408/805,https://placekitten.com/3/510,https://placekitten.com/593/326,https://placekitten.com/996/402','2024-09-23'),(171,'linda40',45,2,1,'Create final door individual father. Into cover power stand let.\nData could generation kitchen three. Natural parent school next.','https://picsum.photos/488/487,https://dummyimage.com/459x257,https://picsum.photos/55/271,https://placekitten.com/768/58','2024-10-26'),(172,'sanchezdonald',943,274,2,'Us that indeed her. Become worry close way. Dream rise notice color concern public couple.\nLife once speech dog approach product. Minute already town significant.','https://dummyimage.com/340x224,https://dummyimage.com/578x280,https://dummyimage.com/967x297,https://picsum.photos/943/936,https://dummyimage.com/561x924','2024-05-12'),(173,'salinasbrandon',791,15,4,'Need difference chair protect family worker store.\nSuggest maintain without body. Local space pull yet surface here throughout different. Exist trip policy stand.','https://dummyimage.com/927x537,https://picsum.photos/108/626,https://picsum.photos/864/591','2024-02-07'),(174,'lcruz',554,485,4,'Eye pick kid center can me evening. Theory project performance raise nearly sort. Evidence majority question tough reveal sing.','https://dummyimage.com/350x699,https://dummyimage.com/621x747,https://picsum.photos/306/366,https://placekitten.com/334/853','2024-06-14'),(175,'ecalhoun',550,398,1,'East perform second gas whose reach here. Take happy morning open mind. While compare then foreign together.\nPopular wonder care could simple. Main institution television.','https://picsum.photos/944/270,https://picsum.photos/772/494','2024-03-15'),(176,'lewistony',237,470,3,'Industry control oil at treatment. Theory east gun knowledge ten necessary price. Have Democrat shake.','https://dummyimage.com/872x826','2024-04-21'),(177,'djackson',220,87,2,'Open heavy stage choice. Song treatment although pressure piece drive. Peace card election will.\nKnow firm most born say do control. South able argue difference reflect.','https://dummyimage.com/106x910,https://dummyimage.com/471x219,https://placekitten.com/569/897,https://picsum.photos/655/37','2024-07-25'),(178,'tiffanybarry',788,224,1,'Sell reflect experience score attention reflect common. Beyond nation example shoulder whose film threat. Participant its only less seek example practice.','https://dummyimage.com/339x853','2024-10-05'),(179,'sean84',688,193,3,'Detail every hundred. Compare dog though discussion matter space back. Available article sign bill.','https://dummyimage.com/408x284,https://placekitten.com/248/251,https://dummyimage.com/435x208','2024-03-03'),(180,'ywilkerson',503,414,5,'More series notice early still doctor understand. Look decide watch speech high itself him.','https://picsum.photos/951/628,https://placekitten.com/399/571,https://dummyimage.com/929x208,https://dummyimage.com/980x515,https://dummyimage.com/910x138','2024-02-05'),(181,'jonathan60',854,370,3,'Make buy foot development news have save situation. Fly start item value. Total box science fine music suggest seem. Institution more minute able best maintain pressure control.','https://picsum.photos/121/638,https://placekitten.com/652/718','2024-04-17'),(182,'reedwhitney',798,143,4,'Blue especially type. Central sit police couple husband. Serve occur middle performance write edge.\nWife health city read class. Against likely thing nature design old.','https://dummyimage.com/45x953,https://placekitten.com/2/171','2024-03-22'),(183,'garrisongary',208,31,5,'Approach human see make return start. Form order along man notice walk add. Fill chance discussion it sometimes plan between.\nStar generation care too space.','https://placekitten.com/183/936,https://placekitten.com/325/442,https://dummyimage.com/433x886','2024-11-05'),(184,'samanthanielsen',129,261,4,'Vote respond into old size remember accept fall. Need even goal that politics early along nearly. Take effect officer set often.','https://dummyimage.com/848x921','2024-07-28'),(185,'qcooper',633,395,5,'Kitchen light road discover. Service machine reflect eye room doctor and.\nWord piece majority huge a low. Summer character none matter picture.','https://placekitten.com/373/866,https://picsum.photos/423/77,https://dummyimage.com/5x464','2024-11-21'),(186,'hoffmanlori',165,237,1,'Song short eight certain. Marriage enjoy lose sort right former thought.\nSave might decade beyond first indicate long. Spend month bank she stock chance. Up agency offer sense dark.','https://placekitten.com/99/133,https://picsum.photos/449/942','2024-11-21'),(187,'igonzalez',511,156,5,'Approach interest stuff apply have dog. Charge dark foreign husband. Offer strategy water natural culture country.\nAble simply create. Drug with few not task control give.','https://picsum.photos/628/362,https://dummyimage.com/769x897,https://picsum.photos/10/908','2024-10-09'),(188,'joelmay',8,245,4,'Produce shoulder together begin. Plant sea thousand life range interesting. Eat perhaps few court.','https://picsum.photos/631/1,https://dummyimage.com/541x778,https://dummyimage.com/590x758','2024-07-05'),(189,'spearskaitlyn',237,311,2,'Check girl learn red body.\nMonth current staff election wife traditional kitchen. There energy arrive everything grow heart despite. Road difficult painting organization nice.','https://placekitten.com/476/325,https://placekitten.com/197/282,https://picsum.photos/726/755','2024-03-08'),(190,'collinjacobson',581,415,5,'Direction other people bit I town identify. Bank begin coach his whatever attention home. No reveal national apply while nation option former.','https://picsum.photos/905/647,https://placekitten.com/157/497,https://picsum.photos/1017/540,https://picsum.photos/419/46','2024-03-20'),(191,'martinezyvette',714,445,3,'Tell this let music whom. Religious while present team.\nImagine plant father can far north.','https://picsum.photos/30/238,https://placekitten.com/370/499,https://placekitten.com/611/1012,https://dummyimage.com/227x45,https://placekitten.com/205/374','2024-10-15'),(192,'riosdavid',167,178,2,'Under although professional seven figure some.\nGas assume only every manage. By feel time involve whether health blood.','https://picsum.photos/336/68,https://placekitten.com/154/149,https://dummyimage.com/477x259','2024-01-05'),(193,'uboyer',151,286,4,'Friend deal paper which agree collection teacher. Population office key marriage work society. Significant employee ready apply up whatever owner. Stuff voice positive east reflect quite seat.','https://picsum.photos/314/607,https://dummyimage.com/220x754,https://picsum.photos/781/546','2024-04-02'),(194,'ashley87',305,59,4,'Court great there sit laugh war past. Southern inside agent like. Account organization catch loss east drop experience.','https://placekitten.com/190/254','2023-12-13'),(195,'kevinsmith',912,15,5,'Spend street involve investment. Move particular item open reason into treat. Would now join want inside determine foreign. Item ask safe sense beautiful game run.','https://dummyimage.com/133x999','2024-04-21'),(196,'racheljackson',298,412,4,'Media worry democratic amount say spring. Somebody fear loss manager offer national. Car page better certainly either article necessary.','https://placekitten.com/116/316,https://placekitten.com/194/378,https://dummyimage.com/925x211,https://dummyimage.com/705x891,https://dummyimage.com/552x1007','2024-11-11'),(197,'richardparker',973,82,4,'Action last yes. Herself south as research require college notice.\nArrive mother skill recent range eight mission.','https://picsum.photos/460/611,https://dummyimage.com/337x499,https://placekitten.com/874/978,https://picsum.photos/383/858','2024-07-29'),(198,'carrollhannah',737,350,5,'Drug provide actually hospital suggest score but. Attention approach prove need under old television.','https://picsum.photos/913/507,https://picsum.photos/675/580,https://dummyimage.com/601x644,https://dummyimage.com/312x6','2024-04-04'),(199,'ksanchez',26,61,5,'Us analysis color program. National scene theory page.\nConsider different action sport phone need.\nCold do certain media. Remain network other.','https://placekitten.com/900/204','2024-08-29'),(200,'jimmy38',883,38,1,'Work no eye put thousand.\nFinancial whom laugh situation. Season toward case. Serious watch then author black star.\nEast interview street plan study piece party.','https://dummyimage.com/240x292','2024-02-26'),(201,'oguerra',909,274,3,'Decision surface life top free. Few again table agency age. Tonight officer interview age democratic education network really. Toward charge station put out when.','https://placekitten.com/453/584,https://picsum.photos/369/599','2024-01-13'),(202,'tateandrew',173,144,3,'Take buy professional often lay edge when. Real one practice maintain build of.\nSuffer door what kid until. Almost physical white close behind begin recently.','https://picsum.photos/653/485,https://placekitten.com/320/261,https://placekitten.com/1010/121,https://placekitten.com/425/392,https://placekitten.com/976/576','2024-02-21'),(203,'bryanmorales',315,410,1,'Range report table score should. Will us or teach.\nCustomer where yes trouble. Firm fight common single food music.','https://dummyimage.com/345x10,https://picsum.photos/539/469,https://dummyimage.com/448x178,https://placekitten.com/432/424','2024-05-07'),(204,'barry26',749,428,1,'Cut stage state instead phone method begin. International fact student also so five writer. Industry protect break professional sense.','https://picsum.photos/436/892,https://picsum.photos/590/859,https://picsum.photos/668/987','2024-11-21'),(205,'ksanchez',977,401,1,'Paper stand final now civil effect. Hear past energy visit community political.\nBed past ten. Project minute same tax.','https://dummyimage.com/511x953,https://placekitten.com/722/985,https://picsum.photos/905/531,https://placekitten.com/113/163','2024-05-02'),(206,'mathisrachel',235,424,4,'Mission pressure in threat short these. Doctor think end others government myself. What keep five news issue husband thank show.','https://dummyimage.com/627x983,https://dummyimage.com/950x694,https://placekitten.com/455/667','2024-06-23'),(207,'kari34',218,318,1,'Test stop wear professional. During employee dark event only. Significant environmental spring fire face decision office information.\nNow child decide clear prevent most.','https://placekitten.com/414/762','2024-03-19'),(208,'brewerjanice',806,165,2,'Forward between early never experience. Program great discuss out well.\nAnimal team whatever. Home knowledge skin often add.\nEffect Republican approach building. It suggest popular give very.','https://picsum.photos/527/183,https://placekitten.com/298/985,https://dummyimage.com/282x601,https://picsum.photos/340/340','2024-08-29'),(209,'robertsemily',88,102,5,'Box democratic girl goal month build quite up.\nBreak page hot entire without. Practice finally big eye much perform. How recognize compare top.','https://placekitten.com/633/863,https://dummyimage.com/262x749,https://dummyimage.com/985x877,https://picsum.photos/582/397','2024-03-16'),(210,'mooreruben',282,10,1,'Not friend hold something hundred almost choice. Against rich stock else story bar.','https://placekitten.com/142/760,https://dummyimage.com/632x815,https://dummyimage.com/429x726','2023-12-11'),(211,'mooreruben',501,473,3,'Nice four security performance bad this sense certain. Group huge operation ten. Shake live wonder save four base.','https://picsum.photos/420/844','2024-03-03'),(212,'pstephens',666,51,1,'Ready federal part hour important leader. Well foreign son laugh trial.\nSociety theory second right senior next no term. Certain trade free gun what look any.\nPlay sit old officer.','https://placekitten.com/248/714,https://placekitten.com/160/1006','2024-01-17'),(213,'jbrown',793,311,2,'That win place car group clearly. Build protect force there city east himself.','https://placekitten.com/746/844,https://dummyimage.com/697x353','2024-08-01'),(214,'timothy11',731,158,4,'Board figure difficult opportunity yeah leave ok. Song present time seem fire. Citizen page amount a three.\nForget check this red sometimes. Family life science hear.','https://dummyimage.com/728x984','2024-08-01'),(215,'meghansims',408,402,1,'Sister technology top. Avoid chance majority store personal whole.\nThemselves bed within parent need visit book. Poor physical body good check once.','https://dummyimage.com/718x705','2024-05-27'),(216,'wilsonmegan',320,467,5,'Whom evening start difficult at tax task. Style remember part. Or language pressure next base turn.','https://picsum.photos/294/541','2024-06-11'),(217,'amberlawson',524,206,4,'During clear early movement important bed provide. Girl wall compare. Build bill money north industry.','https://dummyimage.com/575x66,https://dummyimage.com/744x719,https://dummyimage.com/997x45,https://placekitten.com/377/45,https://picsum.photos/76/991','2024-04-02'),(218,'yserrano',358,62,4,'Raise red research big close. Person building tonight miss charge miss support.','https://placekitten.com/312/1020,https://placekitten.com/875/96,https://dummyimage.com/136x241,https://picsum.photos/517/612','2024-01-28'),(219,'michaellandry',147,95,2,'Oil bed eat partner probably. Adult she fire officer set believe. Sing test event arrive learn style. Do by professor support professional traditional off.','https://dummyimage.com/338x330,https://placekitten.com/950/639','2024-03-30'),(220,'tateandrew',577,134,2,'Compare population though certainly big rate between. Church study bed able whatever add.\nLot voice office pass commercial daughter window. Buy describe many center offer sell. Least past garden far.','https://picsum.photos/433/608','2024-03-17'),(221,'estesdonna',678,418,3,'College provide ground from camera office. Improve notice month thank. Deal free indeed reflect hour herself development move.\nSupport let usually entire. Art democratic bit cost second nearly.','https://picsum.photos/248/365','2024-02-02'),(222,'crystal94',655,156,1,'Recognize child during meeting. Loss make crime near environmental certain.','https://dummyimage.com/669x446,https://picsum.photos/747/305,https://dummyimage.com/406x609,https://dummyimage.com/288x772,https://picsum.photos/2/246','2024-06-27'),(223,'ohaynes',842,374,4,'Network prove husband too avoid maybe. Serve power investment agency light enter role science. Use sit politics group.\nStyle she culture.','https://dummyimage.com/172x19,https://dummyimage.com/111x560,https://placekitten.com/867/1021','2024-09-11'),(224,'joycewashington',661,277,4,'Sometimes between benefit state dark open series wrong. Husband book debate military ability. Mr agreement popular site me six.\nFormer after attack person whom. Any shoulder close experience.','https://dummyimage.com/199x12,https://placekitten.com/769/973','2024-08-27'),(225,'tateandrew',143,462,2,'Order behavior word treatment draw parent thousand call. Hospital write food.','https://dummyimage.com/779x97,https://picsum.photos/909/357,https://placekitten.com/184/266,https://picsum.photos/611/478','2024-01-10'),(226,'baileysims',526,470,2,'Military town point be low. Full between ok recognize lose onto ago. Guy common including.\nDark opportunity rise hotel. Choose central purpose hold since.','https://placekitten.com/996/562,https://picsum.photos/376/407,https://picsum.photos/740/268,https://dummyimage.com/830x744','2024-03-09'),(227,'samuel52',526,142,4,'Book purpose lose school their yard never. Probably yard general yeah.\nElection role recognize describe. Figure support and dark example throw meet vote. Manage book deal appear.','https://picsum.photos/497/422,https://placekitten.com/118/960,https://dummyimage.com/33x549,https://picsum.photos/848/252','2023-12-01'),(228,'nbradford',371,328,2,'Half seat her recent. Group opportunity mouth benefit old. Any trouble human adult try.\nDraw stuff foreign decision picture case. Air instead member skill read in.','https://dummyimage.com/86x761,https://dummyimage.com/791x466,https://picsum.photos/207/823,https://placekitten.com/378/19','2024-01-09'),(229,'josephzachary',650,154,1,'Million book agent continue send young owner box. Prevent somebody trial say century source. Reflect father enjoy.','https://dummyimage.com/511x854,https://placekitten.com/502/238,https://placekitten.com/828/435','2024-07-04'),(230,'riosdavid',898,266,4,'Some knowledge their similar represent produce. Meet above always owner. Laugh your specific deal everything.','https://picsum.photos/136/566,https://placekitten.com/231/242,https://dummyimage.com/18x503,https://picsum.photos/247/616,https://placekitten.com/470/493','2024-08-30'),(231,'sgarcia',130,283,3,'Most general first nation but. Miss relationship dark a wind growth. Among expert well discuss participant. Employee economy rate poor.','https://picsum.photos/958/585','2024-08-07'),(232,'amanda72',64,278,1,'Approach public well us career bag such. Accept management direction bad because indeed person.\nDay wait sense work. Administration west firm lay term.','https://placekitten.com/943/612,https://placekitten.com/646/400,https://placekitten.com/659/801','2023-12-23'),(233,'woodardmary',659,485,2,'Sing friend at low pick piece. Lead control sit study structure. Benefit do image amount type market bag respond.','https://placekitten.com/976/84','2024-09-27'),(234,'sallymartin',803,421,5,'According scene wonder sometimes effect show run. Media money history on nice reduce.\nRise look all time. Nature type fight Mr nature suddenly statement. Budget decision visit model far else.','https://placekitten.com/698/986,https://dummyimage.com/908x282','2024-02-29'),(235,'kenneth96',807,381,1,'Surface cause performance Congress when serious different newspaper.\nThing prepare already pretty mission professor pick skin. Especially major business local before amount.','https://placekitten.com/656/435,https://placekitten.com/234/684','2024-02-18'),(236,'julia46',89,400,5,'Idea least head Mrs more. Oil degree better budget. Peace current fly response understand magazine.\nProtect financial end budget now deal. Home degree run. Analysis affect act information.','https://placekitten.com/864/108,https://picsum.photos/693/603,https://picsum.photos/445/315,https://picsum.photos/501/67','2024-08-12'),(237,'alyssajenkins',785,259,2,'Model clear grow star plant four. Customer animal economy war somebody stock new.\nReality popular guy.\nModern direction fish figure coach race. Remain sound skin push.','https://placekitten.com/107/107,https://placekitten.com/693/902','2024-07-28'),(238,'smithjoseph',252,113,4,'Executive above lot strong head. Each federal which even debate election.\nTotal moment type seven. Shake more area American of doctor movie.','https://placekitten.com/24/923','2024-06-05'),(239,'breannaross',808,158,3,'Whole activity star way summer attention. Identify resource wide who trouble.\nInteresting also nation. Save ability billion thank single great.','https://picsum.photos/135/683,https://placekitten.com/205/325,https://placekitten.com/983/759','2024-03-16'),(240,'glawson',801,254,2,'Item form language west. Claim apply over. Local hour none sound run right gun.\nNation office billion teach. Partner gun despite hold trade son. Better guy put include.','https://picsum.photos/240/118,https://placekitten.com/854/516,https://placekitten.com/959/861,https://dummyimage.com/642x266','2023-12-13'),(241,'estesdonna',626,49,4,'Candidate argue cover level. Power identify cultural large nature.\nLike by office hospital network through high tell. Meeting memory kind not moment financial radio.','https://picsum.photos/990/911,https://dummyimage.com/343x227','2024-09-23'),(242,'chase43',418,420,3,'Camera reduce piece their sing indicate bar. Send society throughout space hair born upon. Stage police resource billion nature computer street. Mind send heart.','https://picsum.photos/863/1010,https://placekitten.com/986/223,https://dummyimage.com/363x435','2024-09-30'),(243,'christinejohnson',566,494,4,'Blood interest use both sea enjoy red. Technology student environmental relate reach magazine include.\nAll part magazine spend.','https://picsum.photos/197/826,https://picsum.photos/775/346,https://picsum.photos/111/521,https://picsum.photos/348/514','2024-10-03'),(244,'edward65',905,92,2,'Phone watch total. Only agree cultural mind.\nDeal state send far. Group economy yeah return never. Sister most system.','https://dummyimage.com/765x798,https://picsum.photos/648/738,https://dummyimage.com/601x52','2024-03-29'),(245,'wilsonmegan',24,163,3,'Half provide former foot admit news.\nNews poor bill. Story more try real state factor.\nPlayer second doctor. Method now my small debate put. Nature too eight order lead.','https://dummyimage.com/908x415,https://picsum.photos/926/442,https://dummyimage.com/831x703,https://placekitten.com/651/338,https://picsum.photos/1002/36','2024-09-04'),(246,'philiptorres',310,107,2,'Arm morning religious beautiful evidence picture. Total team million talk suffer successful fine. Arm care media city. Bank minute have theory.','https://placekitten.com/782/352,https://placekitten.com/946/168,https://placekitten.com/653/597,https://placekitten.com/931/411','2023-11-24'),(247,'joycewashington',456,412,3,'Challenge argue field drug live defense evening. Should PM late teach day.\nEdge Mrs person total arm machine whose. Modern whose wind. Catch week them level Democrat audience stand.','https://dummyimage.com/671x516,https://picsum.photos/1020/841','2024-10-08'),(248,'richardevans',191,304,1,'Door we bit game space to. Physical mother road paper. Life across behavior explain according service these there.','https://dummyimage.com/496x154,https://picsum.photos/705/23','2024-11-03'),(249,'grantjoseph',287,85,5,'Son past check if shake then computer. Case food money professor.\nDrive Congress local second chair one level. Myself over may matter scene source spend.','https://dummyimage.com/339x410,https://dummyimage.com/695x747,https://placekitten.com/637/873,https://placekitten.com/258/439,https://dummyimage.com/702x241','2024-07-22'),(250,'ricksmith',302,57,5,'Window friend media class factor environment. Should according huge fly goal Mr ask. High us talk inside image.\nImage trip character town goal development. Look hand room tend foreign main.','https://placekitten.com/878/262,https://picsum.photos/202/939','2024-01-29'),(251,'lewistony',306,298,1,'Successful weight third risk. Congress fear as hit hear everyone. Right season democratic edge. Be purpose ability western relate.','https://dummyimage.com/154x271','2023-12-07'),(252,'jennifer05',213,137,4,'Great behavior nation husband. Increase whatever game beyond color these energy.\nHair sport officer this country partner tend. Finish practice station for. Wear half stuff hundred mean stuff.','https://dummyimage.com/851x986,https://placekitten.com/4/687,https://picsum.photos/783/73,https://placekitten.com/783/186,https://placekitten.com/238/458','2024-01-23'),(253,'racheljackson',83,247,5,'Glass recently perform beyond similar hand president. Cold these sometimes up argue brother.','https://dummyimage.com/196x930,https://placekitten.com/172/246,https://placekitten.com/414/223,https://dummyimage.com/867x272,https://placekitten.com/656/628','2024-07-11'),(254,'andrewrichardson',454,109,5,'Pass serve thank Mrs fall. Individual degree mother far participant shoulder Mr first. Put trouble your whether accept himself.','https://dummyimage.com/465x670,https://dummyimage.com/0x296','2024-05-28'),(255,'susan25',31,123,3,'Goal report cultural personal push thing our budget.\nLet production raise than. Center own miss. See meet investment nearly.\nStage turn protect serious.','https://dummyimage.com/316x397','2024-10-12'),(256,'cathywatts',497,59,4,'Nice training always rich. Public cultural part prevent.\nCivil participant occur possible police television. State real suggest area themselves fact prepare. Step report young science wide.','https://picsum.photos/520/877,https://picsum.photos/677/650','2024-03-12'),(257,'smithmarie',797,192,5,'Firm step environment beautiful matter. Attorney agree lose week. Sure possible memory.\nShort cultural speak. However work enjoy.','https://picsum.photos/1000/462,https://picsum.photos/80/242,https://dummyimage.com/1016x287','2023-12-05'),(258,'muellertony',208,199,5,'Number produce different. Foreign art former throw and perform group.\nHalf fill science occur.','https://placekitten.com/824/749,https://picsum.photos/431/684,https://picsum.photos/713/908','2023-12-03'),(259,'james01',847,483,3,'Sign sport career bank. Operation family particular area. Huge word which.\nIndustry even soon only.','https://placekitten.com/344/755,https://picsum.photos/129/674,https://placekitten.com/631/655,https://dummyimage.com/832x549,https://picsum.photos/367/357','2024-01-25'),(260,'stanleywilliam',559,222,5,'Fear three issue mean message week. Avoid step another improve theory. Green good quickly probably investment will yeah.\nYet professor threat experience.','https://placekitten.com/866/787,https://placekitten.com/364/197,https://picsum.photos/105/987,https://placekitten.com/948/809','2024-07-31'),(261,'xbarrett',248,326,5,'Budget clear senior girl treat. Plan store bring same no anyone whose. Brother company none.','https://dummyimage.com/61x833,https://placekitten.com/62/277,https://picsum.photos/67/513,https://dummyimage.com/883x811','2023-12-08'),(262,'ythomas',593,391,1,'Himself question community southern able keep miss. Under cause sometimes make executive person.\nManage opportunity manager effect.','https://placekitten.com/267/70,https://dummyimage.com/684x669,https://picsum.photos/135/405','2024-03-31'),(263,'johnwise',407,412,3,'Prepare left feel worker popular. Defense measure phone what system military true.','https://placekitten.com/544/152,https://dummyimage.com/812x159','2024-04-19'),(264,'muellertony',924,94,5,'Leave experience floor mean character. Why need many son pass never. Baby case able my value.\nCreate occur professor by executive shoulder. On participant line morning vote popular whether care.','https://placekitten.com/412/586','2024-10-05'),(265,'dwaynesolis',307,453,5,'Pull organization reduce attack wife. Gun glass type positive interview smile. Recognize west together arm Republican her.\nMore good skill leg. Maybe win show need hard live.','https://placekitten.com/170/446','2024-03-26'),(266,'garrisongary',979,227,4,'Practice two itself single. Us political mouth simple many. Address painting debate see develop get town.\nAvailable surface modern store. Best add employee pick write rather whatever lay.','https://placekitten.com/106/973','2024-10-25'),(267,'andrewrichardson',596,495,1,'Not ability already oil. Think away under see simple standard. Agent exist sure foreign.\nResearch them benefit degree. Throughout certainly life thing. Listen possible professional build know.','https://dummyimage.com/95x106,https://placekitten.com/163/274','2024-01-02'),(268,'salinasbrandon',55,334,1,'Use watch happy us simply consumer wall. Natural outside wide. Know race security action century value.\nOwn outside machine research assume address. Away blood yes purpose explain owner.','https://picsum.photos/865/944,https://picsum.photos/1014/958,https://placekitten.com/549/9,https://placekitten.com/3/734','2024-09-28'),(269,'jennifer05',936,470,5,'Sound garden next sense over cell. Condition their prevent fall manager design significant manager. Police feel country like.','https://picsum.photos/429/127,https://placekitten.com/9/884','2024-08-18'),(270,'smithmarie',749,201,4,'East Democrat new sport evening at different. Off card no remain remain outside.','https://picsum.photos/758/712,https://picsum.photos/757/693,https://picsum.photos/110/461','2024-01-01'),(271,'hoffmanlori',196,217,1,'Side experience simply he whole. Summer every report since discuss interesting. Even toward garden.','https://placekitten.com/713/999,https://dummyimage.com/312x982,https://placekitten.com/930/908,https://picsum.photos/710/573','2024-08-27'),(272,'meghansims',679,98,2,'Artist him population admit magazine.\nAlready really rock sing west court me. Build somebody treatment.','https://placekitten.com/510/73,https://picsum.photos/695/35,https://picsum.photos/616/886,https://picsum.photos/996/1003','2024-03-08'),(273,'peterlarson',574,429,3,'Policy room economy herself only clear else behind. Commercial body impact seven.','https://placekitten.com/67/1019','2024-02-14'),(274,'fhoward',809,454,3,'Dark high threat allow. Another nice college decision program my kitchen character.\nBase learn opportunity else plant.','https://dummyimage.com/210x639,https://picsum.photos/678/549','2023-12-09'),(275,'chase43',910,101,5,'Best mouth friend traditional song song choice.\nWonder hour worker collection. Whose amount hotel democratic would page.\nBuild they whether do though brother move. Action too music sing.','https://placekitten.com/179/78,https://dummyimage.com/857x509,https://placekitten.com/613/762','2024-05-20'),(276,'susan06',74,400,5,'Listen trial answer several some next stop language. Dream ever responsibility play reach approach shake.\nFocus civil down both upon run indicate out. Sit miss low politics.','https://dummyimage.com/408x394,https://dummyimage.com/986x623,https://picsum.photos/424/0,https://dummyimage.com/240x843','2024-04-15'),(277,'iweaver',243,450,2,'Watch structure forward picture quality accept author. Many sort many recently name material.\nVarious trouble must paper conference.','https://picsum.photos/624/328','2024-09-13'),(278,'thomas73',811,289,4,'Street house court fill member specific. Must miss others close Republican.\nOr drive middle minute data. Article financial wind do age believe kind. Form more yet yes sport though case.','https://dummyimage.com/59x885','2024-01-28'),(279,'pstephens',563,156,1,'Politics north real share. Evidence particularly home reality. Identify administration source oil relationship it gun.\nEconomic yes remain authority. Why bag possible analysis.','https://placekitten.com/585/446,https://picsum.photos/10/394,https://placekitten.com/691/652','2024-11-05'),(280,'colleen98',754,227,4,'Meeting author film garden. Image defense month bad base. You far house compare. Character gun child space.','https://dummyimage.com/326x488,https://placekitten.com/1002/1023','2024-08-18'),(281,'josephzachary',982,289,2,'Return tax long president. Tough environmental theory language see alone focus during.\nExample something loss leave green another. Physical girl civil despite consumer.','https://picsum.photos/207/859,https://picsum.photos/188/460,https://dummyimage.com/362x635','2024-08-17'),(282,'xhill',956,392,5,'Effect care former organization sport what. Page third strategy.\nDraw pass fill risk about benefit.\nSkill start its unit. Great season himself loss. Decide up page research receive at.','https://dummyimage.com/582x134,https://picsum.photos/509/174,https://placekitten.com/646/645,https://picsum.photos/409/425,https://picsum.photos/459/986','2024-06-01'),(283,'keithvalentine',881,201,2,'Current international institution peace military industry. Positive return western box.','https://placekitten.com/713/588,https://picsum.photos/295/982,https://dummyimage.com/213x943,https://picsum.photos/416/795','2024-07-15'),(284,'yserrano',351,85,3,'Project everybody specific city offer. Probably join avoid enough light their. Magazine letter one authority former.','https://placekitten.com/748/986,https://picsum.photos/236/86','2024-01-25'),(285,'mitchellscott',65,319,3,'Early pass beautiful down dream. Support change you institution.\nActually thing exactly she level approach my. Public activity sea share professor.','https://picsum.photos/302/24,https://picsum.photos/622/57,https://placekitten.com/494/111','2024-09-21'),(286,'samanthanielsen',792,291,2,'Appear south watch door. Minute rest modern century. Hard every country treat culture bank color.\nMedia executive whatever single. Country method board now college. Price important material.','https://placekitten.com/377/662,https://placekitten.com/569/803,https://picsum.photos/95/290,https://dummyimage.com/914x154','2024-08-01'),(287,'melissaphillips',396,377,5,'Difficult reality young anything federal. Station strong control hit both save.\nPower school space defense really thousand. Federal right range difference Congress fill account training.','https://picsum.photos/957/398','2023-12-03'),(288,'ksanchez',546,436,2,'Fast trouble it accept let. Someone expert ever southern drop drive maintain.\nEast decision artist early. Life manage billion power artist add window president. Expert serve southern.','https://placekitten.com/208/858,https://dummyimage.com/976x526,https://picsum.photos/933/435,https://picsum.photos/963/631','2023-12-31'),(289,'baileysims',641,127,3,'Mother dark simple water than figure. Woman wide worker project up central growth.\nYou catch someone safe. Camera east turn team.','https://dummyimage.com/499x109,https://placekitten.com/649/860,https://dummyimage.com/8x484','2024-09-03'),(290,'iweaver',358,118,2,'Pm without paper turn rate compare current chance. Recently sea mention conference pattern. Foreign reveal again discuss many fall.','https://picsum.photos/950/76,https://dummyimage.com/542x328,https://dummyimage.com/220x909','2023-12-03'),(291,'justin13',854,127,5,'Rest know return draw check answer it class. National bit third television character change. Rest have measure fine.\nCourt anything source two. Direction west man nothing nothing maintain.','https://dummyimage.com/641x304','2023-12-07'),(292,'ismith',486,213,5,'Whether example although investment like according table. Way in fill several state hot most.\nResponsibility kid whole.','https://placekitten.com/656/494','2024-11-04'),(293,'timothyfrazier',214,130,5,'Interest new local fish no child. It risk do reveal wind.\nListen source price per power choice. Mean represent side prove along. Investment outside more trip.','https://dummyimage.com/639x311','2024-04-10'),(294,'brandonjackson',354,319,4,'Store owner technology catch send send give. Bag television long condition security to. Ability set money wish artist myself institution.','https://dummyimage.com/256x116,https://placekitten.com/196/398,https://dummyimage.com/946x411,https://dummyimage.com/587x546','2024-03-11'),(295,'bharris',835,369,4,'Them wife year run line interest time. Good treatment simple gun.\nHappy business brother little. Beat eye later require reason call thus.','https://dummyimage.com/8x570,https://picsum.photos/866/42,https://dummyimage.com/560x368','2024-03-06'),(296,'connie90',822,364,4,'Sell add skill. Artist think civil know player strategy.\nCreate sport particular sometimes. Plant your woman stock three begin pretty. It board where behavior hit.','https://picsum.photos/807/301,https://dummyimage.com/351x108,https://dummyimage.com/729x910,https://placekitten.com/26/144,https://placekitten.com/247/712','2023-12-26'),(297,'hoffmanlori',177,90,5,'Laugh return head ever able serious. Through feeling teach laugh.\nClaim traditional name great.\nDifference rock herself. Assume crime hair guess employee. Kind include choose out by child product.','https://dummyimage.com/843x903,https://picsum.photos/666/889,https://placekitten.com/444/290,https://placekitten.com/850/239','2023-12-30'),(298,'qcooper',151,286,1,'Social likely top who. Perform board each wish.\nCreate make evening.\nCollege own man effort exist. Represent whatever measure no.','https://dummyimage.com/922x336','2023-12-26'),(299,'kfuller',34,430,5,'Let rate thousand upon now. Throw race arrive ask nature black. Draw study success bag between answer movie concern. Lose wall down certain security quickly suggest.','https://picsum.photos/747/752,https://dummyimage.com/882x148,https://picsum.photos/206/298','2024-02-03'),(300,'castilloclaudia',722,371,2,'Position box agent approach according smile.\nBack Mr benefit Mr across find young art. Type write culture quickly scientist bill. Concern hold develop hot necessary before room avoid.','https://placekitten.com/338/473,https://placekitten.com/916/19,https://dummyimage.com/833x968,https://dummyimage.com/899x412,https://picsum.photos/852/693','2024-02-22');
/*!40000 ALTER TABLE `review` ENABLE KEYS */;
UNLOCK TABLES;

--
-- Table structure for table `shipping`
--

DROP TABLE IF EXISTS `shipping`;
/*!40101 SET @saved_cs_client     = @@character_set_client */;
/*!50503 SET character_set_client = utf8mb4 */;
CREATE TABLE `shipping` (
  `orderID` int NOT NULL,
  `origin` int NOT NULL,
  `destination` int NOT NULL,
  `status` varchar(20) NOT NULL,
  `arrivalDate` date DEFAULT NULL,
  `company` varchar(50) DEFAULT NULL,
  PRIMARY KEY (`orderID`),
  KEY `origin` (`origin`),
  KEY `destination` (`destination`),
  CONSTRAINT `shipping_ibfk_1` FOREIGN KEY (`orderID`) REFERENCES `orders` (`orderID`) ON DELETE CASCADE,
  CONSTRAINT `shipping_ibfk_2` FOREIGN KEY (`origin`) REFERENCES `address` (`addressID`) ON DELETE CASCADE,
  CONSTRAINT `shipping_ibfk_3` FOREIGN KEY (`destination`) REFERENCES `address` (`addressID`) ON DELETE CASCADE
) ENGINE=InnoDB DEFAULT CHARSET=utf8mb4 COLLATE=utf8mb4_0900_ai_ci;
/*!40101 SET character_set_client = @saved_cs_client */;

--
-- Dumping data for table `shipping`
--

LOCK TABLES `shipping` WRITE;
/*!40000 ALTER TABLE `shipping` DISABLE KEYS */;
INSERT INTO `shipping` VALUES (1,292,212,'returned','2024-11-26','Moore-Reed'),(2,283,119,'returned','2024-11-27','Edwards LLC'),(3,235,36,'delivered','2024-11-25','Blackwell and Sons'),(4,171,292,'pending','2024-11-26','Lopez Inc'),(5,145,259,'delivered','2024-11-25','Hill, Shepherd and Rogers'),(6,228,9,'pending','2024-11-27','Fuentes, Young and Fisher'),(7,270,88,'delivered','2024-11-26','Kaufman and Sons'),(8,242,243,'shipped','2024-11-26','Fitzpatrick-Williams'),(9,22,215,'delivered','2024-11-29','Rogers Ltd'),(10,209,135,'shipped','2024-11-24','Ortiz, Farley and Campbell'),(11,295,209,'returned','2024-11-27','Henry, Munoz and Mitchell'),(12,283,162,'shipped','2024-11-27','Sanchez Group'),(13,233,265,'shipped','2024-11-29','White-Dalton'),(14,164,281,'shipped','2024-11-25','Bradley PLC'),(15,295,20,'shipped','2024-11-24','Hall-Larson'),(16,235,33,'pending','2024-11-25','Brown PLC'),(17,147,262,'returned','2024-11-28','Mason, Guerrero and Gonzalez'),(18,249,283,'shipped','2024-11-25','Martin, Padilla and Bradley'),(19,149,235,'shipped','2024-11-26','Salazar, Gonzalez and Johnson'),(20,48,84,'delivered','2024-11-29','Jenkins-Campbell'),(21,18,146,'delivered','2024-11-29','Pacheco, Wolfe and Brown'),(22,269,50,'delivered','2024-11-28','Davenport, Smith and Wolfe'),(23,262,88,'shipped','2024-11-27','Campbell Inc'),(24,54,245,'pending','2024-11-29','Price-Ballard'),(25,128,276,'delivered','2024-11-27','Duncan-Jackson'),(26,210,28,'returned','2024-11-26','Mendez PLC'),(27,203,215,'delivered','2024-11-25','Williams-Durham'),(28,103,270,'returned','2024-11-24','Smith-Brown'),(29,47,177,'shipped','2024-11-26','Hester, Galloway and Alexander'),(30,97,230,'delivered','2024-11-28','Long, Wood and Johnson'),(31,138,268,'pending','2024-11-25','Merritt PLC'),(32,76,167,'returned','2024-11-28','Castillo-Glover'),(33,53,255,'shipped','2024-11-28','Gallagher-Smith'),(34,106,34,'pending','2024-11-27','Duffy, Munoz and Ramos'),(35,171,3,'shipped','2024-11-24','Olson LLC'),(36,2,281,'pending','2024-11-25','Goodman Ltd'),(37,222,90,'delivered','2024-11-24','Reed-Hebert'),(38,6,116,'returned','2024-11-29','Huynh-Mckee'),(39,153,9,'shipped','2024-11-26','Miller-Smith'),(40,21,67,'shipped','2024-11-24','Hurst-Gonzalez'),(41,166,94,'returned','2024-11-28','Allen Group'),(42,138,268,'delivered','2024-11-28','Harris, Gaines and Summers'),(43,9,236,'delivered','2024-11-24','Maxwell, Elliott and Silva'),(44,283,268,'shipped','2024-11-27','Silva-Williams'),(45,219,280,'pending','2024-11-27','Dawson-Savage'),(46,12,265,'pending','2024-11-27','Harris-Garrett'),(47,64,21,'pending','2024-11-25','Rogers-Rice'),(48,262,217,'returned','2024-11-27','Wilson, Powell and Miller'),(49,85,268,'delivered','2024-11-28','Phillips LLC'),(50,288,72,'returned','2024-11-28','Jones, Scott and Wallace'),(51,180,187,'delivered','2024-11-24','Walsh, Turner and Benson'),(52,212,124,'delivered','2024-11-28','Bates, Golden and Hughes'),(53,60,296,'delivered','2024-11-29','Aguirre Group'),(54,183,163,'returned','2024-11-27','Carpenter PLC'),(55,4,211,'delivered','2024-11-25','Gates-Vasquez'),(56,66,244,'delivered','2024-11-27','Le-Sharp'),(57,111,80,'shipped','2024-11-29','Giles, Andrews and Hunt'),(58,124,116,'delivered','2024-11-28','Barber and Sons'),(59,27,86,'returned','2024-11-29','Douglas, Taylor and Meadows'),(60,291,46,'returned','2024-11-24','Terry Inc'),(61,224,244,'shipped','2024-11-26','Hill-Simpson'),(62,152,227,'returned','2024-11-27','Yoder-Walters'),(63,90,186,'pending','2024-11-26','Robinson-Mcdowell'),(64,253,187,'returned','2024-11-29','Acosta, Ashley and Rodriguez'),(65,185,11,'returned','2024-11-26','Crosby PLC'),(66,44,171,'returned','2024-11-29','Macias-Hall'),(67,72,4,'delivered','2024-11-29','Mcintyre-Smith'),(68,217,170,'returned','2024-11-29','Coleman PLC'),(69,58,169,'shipped','2024-11-25','Hoffman, Kirby and Griffin'),(70,269,285,'returned','2024-11-25','Chavez-Lynch'),(71,46,127,'returned','2024-11-26','Hall, Mosley and Barnes'),(72,56,43,'shipped','2024-11-25','Brown, Clark and Martinez'),(73,160,153,'returned','2024-11-29','Sullivan Ltd'),(74,88,234,'pending','2024-11-29','Smith PLC'),(75,259,79,'shipped','2024-11-28','Mitchell Ltd'),(76,149,74,'delivered','2024-11-25','Hall Group'),(77,186,206,'returned','2024-11-26','Dean-Rodriguez'),(78,266,151,'returned','2024-11-29','Hernandez and Sons'),(79,20,216,'returned','2024-11-26','Payne and Sons'),(80,250,262,'delivered','2024-11-25','Smith, Nichols and Andrade'),(81,205,214,'pending','2024-11-24','Woodard, Jones and Marks'),(82,214,201,'delivered','2024-11-25','Pope-Randolph'),(83,138,268,'returned','2024-11-27','Gibson-Moran'),(84,246,252,'delivered','2024-11-28','Garcia, Guzman and Moore'),(85,291,116,'pending','2024-11-29','Simpson Group'),(86,146,22,'delivered','2024-11-24','Martin Group'),(87,231,61,'returned','2024-11-25','Reynolds and Sons'),(88,146,96,'returned','2024-11-28','Snyder-Sanders'),(89,281,24,'delivered','2024-11-24','Flores-Jacobs'),(90,119,105,'returned','2024-11-25','Miller-Johnson'),(91,136,206,'shipped','2024-11-29','Weber-Williams'),(92,298,77,'returned','2024-11-27','Bailey, Phillips and Barton'),(93,80,39,'shipped','2024-11-26','Delgado-Nelson'),(94,219,177,'shipped','2024-11-28','Stevenson Ltd'),(95,265,223,'returned','2024-11-29','Martin, Smith and Ho'),(96,81,42,'shipped','2024-11-25','Lee-Graham'),(97,129,255,'shipped','2024-11-27','Perry, Johnson and Smith'),(98,71,284,'shipped','2024-11-25','Richardson, Hatfield and Lopez'),(99,207,273,'shipped','2024-11-28','James and Sons'),(100,12,120,'delivered','2024-11-28','Kirby, Sherman and Watson'),(101,260,171,'shipped','2024-11-28','Guzman-Collins'),(102,8,192,'delivered','2024-11-24','Edwards-Perez'),(103,188,251,'returned','2024-11-29','Butler Ltd'),(104,157,146,'pending','2024-11-26','Dickerson-Wallace'),(105,264,240,'delivered','2024-11-25','Hamilton and Sons'),(106,273,252,'pending','2024-11-28','Mcbride Ltd'),(107,248,114,'delivered','2024-11-27','Ortega-Rivera'),(108,267,163,'returned','2024-11-27','Ortiz-Hebert'),(109,111,1,'returned','2024-11-26','Romero PLC'),(110,29,85,'returned','2024-11-25','Curtis, Harris and White'),(111,136,11,'returned','2024-11-25','Garcia Ltd'),(112,99,234,'delivered','2024-11-29','Robertson Ltd'),(113,39,55,'shipped','2024-11-29','Park-Dixon'),(114,194,22,'pending','2024-11-25','Ferrell-Cox'),(115,117,64,'shipped','2024-11-24','Shepherd LLC'),(116,179,69,'shipped','2024-11-24','Lawson, Hunter and Mcdaniel'),(117,154,252,'delivered','2024-11-26','Moore PLC'),(118,19,74,'shipped','2024-11-27','Lowe Group'),(119,43,93,'pending','2024-11-25','Henderson and Sons'),(120,257,76,'returned','2024-11-24','Velasquez-Jones'),(121,183,257,'shipped','2024-11-24','Pacheco, Keith and Ortiz'),(122,107,204,'shipped','2024-11-29','Larson-Davenport'),(123,165,268,'returned','2024-11-27','Perry Ltd'),(124,269,178,'returned','2024-11-24','Mercer, Ortiz and Taylor'),(125,190,76,'delivered','2024-11-26','Stewart-Smith'),(126,176,47,'shipped','2024-11-27','Gibson Inc'),(127,201,259,'pending','2024-11-24','Hernandez, White and Robbins'),(128,213,82,'shipped','2024-11-27','Jordan PLC'),(129,269,75,'shipped','2024-11-24','Baker Group'),(130,117,244,'pending','2024-11-26','Gamble-Walker'),(131,171,210,'pending','2024-11-24','Allen PLC'),(132,140,38,'pending','2024-11-26','Tucker PLC'),(133,297,104,'shipped','2024-11-26','Mcfarland PLC'),(134,17,46,'returned','2024-11-26','Evans-Yang'),(135,292,14,'pending','2024-11-28','Davis, Becker and Lynch'),(136,29,112,'returned','2024-11-26','Howard LLC'),(137,228,223,'shipped','2024-11-26','Higgins, Mendez and Parsons'),(138,269,283,'returned','2024-11-29','Dunn-Hunt'),(139,221,20,'returned','2024-11-27','Washington PLC'),(140,102,104,'delivered','2024-11-25','Hernandez, Vargas and Stewart'),(141,245,114,'returned','2024-11-25','Myers-Jackson'),(142,179,137,'shipped','2024-11-28','Reed, Harper and Garcia'),(143,30,60,'shipped','2024-11-25','Young-Hogan'),(144,271,282,'returned','2024-11-28','Wade, King and Mitchell'),(145,278,103,'shipped','2024-11-27','Foster, White and Carter'),(146,181,99,'delivered','2024-11-28','Jenkins LLC'),(147,213,211,'shipped','2024-11-25','Perez Ltd'),(148,110,52,'shipped','2024-11-29','Fisher-Ortiz'),(149,8,172,'returned','2024-11-26','Sanders, Marks and Rogers'),(150,243,234,'returned','2024-11-24','Cohen-Suarez'),(151,271,162,'shipped','2024-11-27','Walsh-Lopez'),(152,71,209,'pending','2024-11-27','Keith and Sons'),(153,182,143,'pending','2024-11-25','Harrington Ltd'),(154,83,31,'pending','2024-11-24','Nelson-Mccullough'),(155,60,101,'shipped','2024-11-27','Sullivan Inc'),(156,185,139,'shipped','2024-11-28','Thompson, Chavez and Brown'),(157,210,191,'returned','2024-11-28','Weaver, Gonzales and Gonzales'),(158,112,17,'delivered','2024-11-24','Taylor LLC'),(159,115,84,'returned','2024-11-28','Copeland LLC'),(160,54,46,'delivered','2024-11-28','Tate-Burns'),(161,99,275,'shipped','2024-11-29','Taylor, Hernandez and Williams'),(162,102,109,'returned','2024-11-25','Alvarez-Stevens'),(163,255,263,'returned','2024-11-29','Odonnell and Sons'),(164,156,231,'pending','2024-11-28','Moore PLC'),(165,138,144,'pending','2024-11-24','Arnold, Rodriguez and Cruz'),(166,6,4,'delivered','2024-11-27','Wallace-Zavala'),(167,21,73,'delivered','2024-11-25','Bell, Lamb and Barker'),(168,142,218,'pending','2024-11-27','Bryant Inc'),(169,192,111,'returned','2024-11-26','Carlson, Thompson and Howard'),(170,162,35,'shipped','2024-11-25','Walker LLC'),(171,54,145,'shipped','2024-11-26','Harding, Smith and Walker'),(172,62,151,'shipped','2024-11-25','Bowman Ltd'),(173,300,185,'pending','2024-11-24','Ramos, Wilson and Bullock'),(174,9,263,'pending','2024-11-24','Mann and Sons'),(175,109,133,'delivered','2024-11-29','Roberson, Spears and Walker'),(176,174,218,'returned','2024-11-25','Brown Inc'),(177,9,129,'pending','2024-11-24','Lee, Glenn and Richardson'),(178,273,23,'returned','2024-11-28','Kelly Ltd'),(179,205,103,'shipped','2024-11-26','Johnson-Hartman'),(180,247,143,'returned','2024-11-26','Moody, Lewis and Johnson'),(181,33,127,'returned','2024-11-28','Conner Inc'),(182,126,126,'delivered','2024-11-26','Frey, Gonzalez and Mcmahon'),(183,286,195,'delivered','2024-11-25','Lewis-Shepherd'),(184,1,205,'shipped','2024-11-29','Williams, Hernandez and Price'),(185,5,207,'pending','2024-11-25','Rodriguez PLC'),(186,148,6,'returned','2024-11-26','Morales, Kelley and Lin'),(187,279,159,'pending','2024-11-24','Romero-Hart'),(188,120,48,'returned','2024-11-29','Clark-Harmon'),(189,72,58,'pending','2024-11-24','Novak Ltd'),(190,197,93,'returned','2024-11-26','Duarte, Flynn and Santos'),(191,285,74,'delivered','2024-11-24','Mcdonald, Lee and Ruiz'),(192,33,42,'returned','2024-11-29','Moreno, Livingston and Hernandez'),(193,123,137,'delivered','2024-11-28','Martin, Smith and Smith'),(194,78,223,'pending','2024-11-28','Nguyen and Sons'),(195,254,236,'delivered','2024-11-27','Ward-Davidson'),(196,103,248,'pending','2024-11-29','Morgan, Nguyen and Sanchez'),(197,239,163,'pending','2024-11-24','Jackson-Ingram'),(198,35,261,'delivered','2024-11-28','Lewis-Gates'),(199,133,261,'delivered','2024-11-25','Mitchell Group'),(200,54,181,'pending','2024-11-24','Miles-Rios'),(201,80,269,'returned','2024-11-27','Martin Inc'),(202,144,158,'pending','2024-11-27','Burgess-Carroll'),(203,275,222,'delivered','2024-11-27','Wade, Porter and Strong'),(204,63,134,'pending','2024-11-25','Lane-Davis'),(205,20,107,'pending','2024-11-27','Lee-Ferguson'),(206,200,75,'pending','2024-11-28','Mcconnell Ltd'),(207,122,78,'shipped','2024-11-25','Herrera-Smith'),(208,218,233,'shipped','2024-11-29','Schmitt, Williamson and Arroyo'),(209,94,275,'delivered','2024-11-25','Anderson Ltd'),(210,164,250,'shipped','2024-11-25','Thomas, Cook and Horton'),(211,54,286,'shipped','2024-11-29','Cochran-Walter'),(212,228,101,'shipped','2024-11-28','Fisher, Carter and Fernandez'),(213,147,298,'pending','2024-11-27','Burnett-Munoz'),(214,135,209,'pending','2024-11-25','Morrow-Hinton'),(215,60,28,'shipped','2024-11-24','Nicholson, Myers and Ruiz'),(216,9,283,'shipped','2024-11-25','Yang-Clark'),(217,163,300,'shipped','2024-11-24','Day PLC'),(218,173,259,'shipped','2024-11-24','Clarke, Pearson and Merritt'),(219,13,248,'pending','2024-11-28','Nguyen Group'),(220,294,42,'delivered','2024-11-25','Mitchell-Smith'),(221,89,250,'pending','2024-11-24','Simpson-Jackson'),(222,75,267,'returned','2024-11-26','Howard-Tucker'),(223,181,119,'returned','2024-11-25','Smith-Ryan'),(224,250,253,'returned','2024-11-29','Smith-Bentley'),(225,108,9,'pending','2024-11-26','Thomas, Dawson and Hamilton'),(226,140,172,'shipped','2024-11-25','Fernandez Inc'),(227,173,244,'pending','2024-11-27','Rodriguez LLC'),(228,295,6,'pending','2024-11-28','Farrell, Knight and Castillo'),(229,106,73,'returned','2024-11-29','Adams Group'),(230,10,93,'returned','2024-11-24','Marquez Group'),(231,16,63,'shipped','2024-11-26','Zuniga PLC'),(232,84,131,'pending','2024-11-27','Atkins, Morris and Taylor'),(233,287,142,'pending','2024-11-25','Ball Group'),(234,159,130,'pending','2024-11-25','Harris, Dixon and Sanchez'),(235,129,134,'pending','2024-11-25','Sanders-Baker'),(236,87,233,'returned','2024-11-27','Ashley, Yang and Cruz'),(237,24,190,'delivered','2024-11-26','Peters-Contreras'),(238,278,12,'returned','2024-11-29','Thompson Inc'),(239,298,167,'shipped','2024-11-25','Lynch Inc'),(240,92,265,'delivered','2024-11-27','Rodriguez-Sloan'),(241,106,221,'pending','2024-11-29','Lynch LLC'),(242,136,140,'returned','2024-11-26','Jones, Krause and Weaver'),(243,204,12,'pending','2024-11-25','Klein LLC'),(244,250,189,'returned','2024-11-25','Barron, Ramirez and Castillo'),(245,220,236,'delivered','2024-11-24','Roberts-Kennedy'),(246,144,258,'returned','2024-11-26','Peterson, Jordan and Hall'),(247,5,5,'pending','2024-11-24','Carter-Miller'),(248,189,236,'delivered','2024-11-24','Richard-Walker'),(249,175,133,'shipped','2024-11-26','Dawson, Aguirre and Elliott'),(250,50,205,'returned','2024-11-25','Landry, Cruz and Torres'),(251,173,122,'delivered','2024-11-28','Becker LLC'),(252,149,76,'shipped','2024-11-29','Wilkinson, Wade and Bishop'),(253,149,95,'delivered','2024-11-25','Copeland and Sons'),(254,256,206,'delivered','2024-11-29','Costa Group'),(255,49,162,'returned','2024-11-26','Jones, Mosley and Tate'),(256,265,247,'shipped','2024-11-25','Hines, Kennedy and Young'),(257,136,224,'delivered','2024-11-28','Gonzales and Sons'),(258,196,25,'delivered','2024-11-27','Lewis, Stone and Allen'),(259,118,159,'shipped','2024-11-25','Bush, Torres and Robinson'),(260,230,216,'delivered','2024-11-28','Sutton-Gates'),(261,141,175,'delivered','2024-11-28','Brown, Byrd and King'),(262,114,179,'shipped','2024-11-25','Bell LLC'),(263,20,29,'delivered','2024-11-29','Owen-Peck'),(264,18,160,'pending','2024-11-28','Graves Inc'),(265,82,291,'pending','2024-11-29','Figueroa LLC'),(266,131,225,'returned','2024-11-26','Ramirez, Salinas and Reyes'),(267,83,183,'returned','2024-11-24','Price-Mills'),(268,242,284,'pending','2024-11-24','Ali-Holt'),(269,165,194,'shipped','2024-11-29','Long PLC'),(270,197,162,'pending','2024-11-28','Ford-Byrd'),(271,10,187,'pending','2024-11-26','Herrera-Sherman'),(272,45,112,'returned','2024-11-26','Lamb-Hill'),(273,120,21,'returned','2024-11-24','Carter-Davila'),(274,226,249,'returned','2024-11-28','Martinez-Wong'),(275,121,193,'delivered','2024-11-27','Garrison-Small'),(276,174,181,'returned','2024-11-25','Nichols LLC'),(277,168,18,'pending','2024-11-26','Dunn, Hernandez and Horn'),(278,142,240,'delivered','2024-11-25','Brown, Velez and Simpson'),(279,183,15,'pending','2024-11-26','Harding-Johnson'),(280,20,246,'shipped','2024-11-29','Dalton, Velasquez and Kim'),(281,18,101,'delivered','2024-11-28','Lawrence, Malone and Spears'),(282,200,249,'pending','2024-11-26','Fisher, Rivera and Meyer'),(283,283,2,'delivered','2024-11-27','Gonzalez, Hayes and Sullivan'),(284,133,246,'returned','2024-11-25','Rios, Hurst and Anderson'),(285,20,207,'pending','2024-11-24','Pollard-Macdonald'),(286,79,279,'pending','2024-11-26','Wheeler-Thomas'),(287,91,169,'delivered','2024-11-25','Foster, Hicks and Solis'),(288,61,133,'shipped','2024-11-28','Harding and Sons'),(289,123,128,'delivered','2024-11-25','Williams, Moore and Duncan'),(290,27,260,'pending','2024-11-27','West Ltd'),(291,278,145,'pending','2024-11-29','Baker Group'),(292,156,2,'returned','2024-11-25','Munoz Inc'),(293,140,274,'shipped','2024-11-25','Romero-Yoder'),(294,290,102,'delivered','2024-11-26','Williamson-Walker'),(295,108,209,'returned','2024-11-28','Douglas-Sims'),(296,85,298,'pending','2024-11-28','Black PLC'),(297,204,34,'shipped','2024-11-25','Ellis, Graham and Duncan'),(298,259,175,'returned','2024-11-27','Nguyen Inc'),(299,238,232,'pending','2024-11-29','Shaw-Clayton'),(300,47,121,'shipped','2024-11-29','Peck-Vaughan'),(301,297,50,'returned','2024-11-28','Hill Group'),(302,90,132,'delivered','2024-11-29','Fox-Harris'),(303,280,266,'delivered','2024-11-28','Matthews LLC'),(304,223,169,'shipped','2024-11-25','Phillips, Adams and White'),(305,80,242,'returned','2024-11-26','Lynch, Shea and Garcia'),(306,150,180,'returned','2024-11-29','Velasquez-Sanford'),(307,32,211,'delivered','2024-11-28','Davis, Carey and Thompson'),(308,261,21,'delivered','2024-11-29','Bennett, Thompson and Hurley'),(309,40,110,'shipped','2024-11-26','Singh-Campbell'),(310,74,184,'pending','2024-11-29','Taylor, Harris and Hernandez'),(311,262,285,'shipped','2024-11-26','Hernandez and Sons'),(312,7,267,'shipped','2024-11-26','Manning-Porter'),(313,190,221,'pending','2024-11-26','Abbott, Mathis and Wall'),(314,235,93,'pending','2024-11-29','Pope-Massey'),(315,165,31,'shipped','2024-11-29','Keith Inc'),(316,79,232,'returned','2024-11-25','Reid Inc'),(317,5,188,'shipped','2024-11-25','Long, Villanueva and Fox'),(318,37,290,'pending','2024-11-28','Irwin-Walker'),(319,195,198,'pending','2024-11-29','Olsen LLC'),(320,218,133,'delivered','2024-11-29','Erickson, Banks and Gutierrez'),(321,2,232,'returned','2024-11-29','Santos PLC'),(322,228,32,'delivered','2024-11-29','Nguyen, Ortiz and Benton'),(323,270,74,'pending','2024-11-24','Lamb, Haney and Cardenas'),(324,205,44,'shipped','2024-11-24','Buchanan, Gibson and Bennett'),(325,11,142,'pending','2024-11-27','Hawkins-Avila'),(326,233,5,'delivered','2024-11-27','Pena, Hanson and Medina'),(327,42,54,'pending','2024-11-29','Melton Group'),(328,14,196,'pending','2024-11-29','Harvey, Conley and Roberts'),(329,24,229,'returned','2024-11-28','Owens-Hudson'),(330,201,109,'returned','2024-11-28','Bell, Williams and Figueroa'),(331,189,97,'delivered','2024-11-24','Medina-Morales'),(332,62,240,'delivered','2024-11-29','Kelly Group'),(333,108,199,'delivered','2024-11-25','Hall-Rose'),(334,14,236,'returned','2024-11-27','Arnold, Williams and Johnson'),(335,178,250,'delivered','2024-11-26','Wade Inc'),(336,215,43,'delivered','2024-11-29','Harrison-Thomas'),(337,247,288,'pending','2024-11-24','Williams, Dominguez and Alvarez'),(338,178,210,'shipped','2024-11-26','Williams-Woods'),(339,231,160,'pending','2024-11-25','Rubio, Hernandez and Young'),(340,11,294,'delivered','2024-11-29','Gonzalez-Walters'),(341,32,223,'returned','2024-11-25','Lindsey-Irwin'),(342,168,67,'delivered','2024-11-25','Cole Group'),(343,184,16,'shipped','2024-11-26','Benjamin, Cervantes and Schultz'),(344,92,211,'pending','2024-11-29','Jackson-Hawkins'),(345,197,125,'returned','2024-11-29','Greene, Martinez and Lloyd'),(346,94,28,'shipped','2024-11-25','Barnes-Mendoza'),(347,192,8,'returned','2024-11-24','Ruiz, Reyes and Henderson'),(348,154,182,'pending','2024-11-29','Young, Miller and Gonzalez'),(349,138,66,'delivered','2024-11-29','Buck Group'),(350,152,167,'delivered','2024-11-25','Baker Group'),(351,132,185,'returned','2024-11-29','Smith-Khan'),(352,229,89,'pending','2024-11-28','Keller, Pierce and Jacobs'),(353,213,193,'pending','2024-11-25','Cook and Sons'),(354,126,251,'pending','2024-11-24','Hernandez, Welch and Bolton'),(355,22,128,'delivered','2024-11-24','Wright-Zimmerman'),(356,209,199,'delivered','2024-11-28','Molina, Mcgrath and Walker'),(357,128,64,'shipped','2024-11-25','Moore PLC'),(358,180,62,'delivered','2024-11-29','Barnett Group'),(359,81,211,'shipped','2024-11-28','Robinson-Johnson'),(360,79,292,'pending','2024-11-27','Cruz-Coleman'),(361,128,162,'pending','2024-11-25','Frye, Maldonado and Martin'),(362,147,222,'pending','2024-11-24','Fleming, Little and Brown'),(363,267,44,'returned','2024-11-25','Smith-Schneider'),(364,144,218,'delivered','2024-11-25','Moore PLC'),(365,172,300,'returned','2024-11-27','Kelly-Martin'),(366,169,267,'pending','2024-11-26','Hardin, Garcia and Velasquez'),(367,131,243,'delivered','2024-11-27','Saunders Inc'),(368,116,248,'delivered','2024-11-24','Torres-Vincent'),(369,4,162,'pending','2024-11-27','Arroyo Inc'),(370,214,293,'shipped','2024-11-25','Schroeder-Boyd'),(371,263,81,'shipped','2024-11-28','Miller Inc'),(372,210,113,'delivered','2024-11-25','Jones, Williams and Jordan'),(373,153,226,'shipped','2024-11-29','Cisneros PLC'),(374,298,188,'shipped','2024-11-26','Powers, Day and Moore'),(375,186,129,'delivered','2024-11-29','Levine, Cantu and Green'),(376,124,251,'shipped','2024-11-29','Jones Inc'),(377,166,149,'delivered','2024-11-29','Wood LLC'),(378,125,244,'returned','2024-11-24','Terrell LLC'),(379,156,75,'shipped','2024-11-29','Ramirez, Fuentes and Walsh'),(380,189,176,'returned','2024-11-25','Phillips Group'),(381,264,119,'pending','2024-11-24','Hart-Mcmahon'),(382,193,168,'pending','2024-11-28','Doyle Inc'),(383,189,97,'pending','2024-11-29','George-Collins'),(384,165,39,'delivered','2024-11-29','Hanna-Cisneros'),(385,278,288,'returned','2024-11-28','Salas and Sons'),(386,276,185,'shipped','2024-11-28','Henry, Marsh and Bailey'),(387,237,133,'delivered','2024-11-26','Henderson-Richardson'),(388,151,223,'returned','2024-11-26','Johnson, Hale and Esparza'),(389,13,116,'shipped','2024-11-28','Hoffman, Munoz and Townsend'),(390,213,69,'delivered','2024-11-29','Peterson Ltd'),(391,173,154,'shipped','2024-11-29','Williams-Acosta'),(392,167,169,'returned','2024-11-24','Marquez, Smith and Hamilton'),(393,49,113,'returned','2024-11-26','Rhodes, Coleman and Roberts'),(394,39,274,'shipped','2024-11-28','Gordon Ltd'),(395,68,141,'returned','2024-11-24','Cook, Carpenter and Robertson'),(396,231,290,'shipped','2024-11-27','Tyler Inc'),(397,238,205,'shipped','2024-11-27','Henderson Inc'),(398,77,16,'returned','2024-11-25','Garcia-Nelson'),(399,182,189,'shipped','2024-11-27','Crawford LLC'),(400,266,30,'delivered','2024-11-24','Wang-Rose'),(401,206,5,'returned','2024-11-26','Johnson Inc'),(402,145,141,'pending','2024-11-25','Fernandez, Jacobson and Perez'),(403,42,213,'delivered','2024-11-29','Reyes Ltd'),(404,158,185,'shipped','2024-11-24','Stafford PLC'),(405,144,193,'returned','2024-11-26','Johnson, Allen and Rodriguez'),(406,75,26,'shipped','2024-11-25','Brooks-Taylor'),(407,277,229,'shipped','2024-11-25','Russell, Gay and Foley'),(408,204,7,'pending','2024-11-24','Golden, Freeman and Contreras'),(409,34,160,'delivered','2024-11-25','Guerrero, Welch and Gonzalez'),(410,287,104,'shipped','2024-11-28','Baker, Carson and Baker'),(411,274,60,'shipped','2024-11-28','Shepherd Ltd'),(412,11,218,'shipped','2024-11-24','Palmer, Norton and Hunter'),(413,119,104,'returned','2024-11-27','Carlson-Simmons'),(414,195,145,'pending','2024-11-24','Harmon, Gardner and Coleman'),(415,233,253,'shipped','2024-11-24','Owen and Sons'),(416,90,159,'shipped','2024-11-29','Allen-Johnson'),(417,257,33,'returned','2024-11-28','Chavez LLC'),(418,251,229,'pending','2024-11-27','Johnson, Torres and Thomas'),(419,258,247,'shipped','2024-11-29','Johnson-Manning'),(420,200,245,'shipped','2024-11-29','Black and Sons'),(421,275,159,'pending','2024-11-27','Rodriguez PLC'),(422,169,30,'returned','2024-11-26','Harris, Bentley and Walter'),(423,1,277,'shipped','2024-11-26','Hill Ltd'),(424,73,82,'pending','2024-11-29','Thompson, Owens and Beltran'),(425,110,36,'shipped','2024-11-25','Stewart-Hebert'),(426,215,118,'pending','2024-11-25','Mora Inc'),(427,18,218,'pending','2024-11-25','Anderson Group'),(428,250,227,'shipped','2024-11-26','Morales, Jones and Dodson'),(429,54,78,'returned','2024-11-24','Ryan Inc'),(430,9,29,'shipped','2024-11-26','Yang-Houston'),(431,32,101,'returned','2024-11-25','Lyons, Bryant and Schroeder'),(432,194,38,'delivered','2024-11-24','Jones, Shelton and Brown'),(433,91,300,'pending','2024-11-29','Davis-Francis'),(434,42,96,'shipped','2024-11-27','Jackson-Simmons'),(435,140,6,'pending','2024-11-25','Bernard-Bender'),(436,194,167,'pending','2024-11-28','White-Anthony'),(437,137,42,'shipped','2024-11-28','Brown-Thompson'),(438,241,10,'shipped','2024-11-24','Thomas-Barber'),(439,292,293,'shipped','2024-11-24','Martin Ltd'),(440,192,209,'delivered','2024-11-29','Kline and Sons'),(441,199,181,'pending','2024-11-27','Love, Hall and Wilson'),(442,235,68,'shipped','2024-11-28','Aguilar, Wright and Green'),(443,226,213,'pending','2024-11-29','Moore-Clark'),(444,283,43,'delivered','2024-11-29','Davis Group'),(445,222,180,'pending','2024-11-29','Manning, Dean and Clark'),(446,290,20,'delivered','2024-11-24','Wilson, Day and Wade'),(447,248,256,'returned','2024-11-25','Owens, Bryan and Johnson'),(448,258,89,'returned','2024-11-27','Ross-Adkins'),(449,297,131,'pending','2024-11-25','Flowers, Howell and Grant'),(450,150,293,'pending','2024-11-24','Martinez, Guzman and Gillespie'),(451,123,218,'delivered','2024-11-29','Cole, Hooper and Smith'),(452,4,80,'delivered','2024-11-25','Combs-Cochran'),(453,297,198,'returned','2024-11-28','Murphy Group'),(454,168,177,'returned','2024-11-27','Smith Inc'),(455,238,246,'pending','2024-11-24','Whitney-Miller'),(456,252,206,'pending','2024-11-27','Bush-Lewis'),(457,13,241,'shipped','2024-11-26','Nixon, Barnes and Smith'),(458,128,153,'shipped','2024-11-29','Palmer, Jensen and Foster'),(459,163,236,'returned','2024-11-24','Holloway and Sons'),(460,295,181,'shipped','2024-11-24','Harris-Branch'),(461,225,274,'pending','2024-11-24','Sullivan-Rodgers'),(462,186,220,'delivered','2024-11-29','Garrett, Hale and Flores'),(463,172,134,'delivered','2024-11-24','Ellis-Lin'),(464,201,275,'returned','2024-11-25','Tran, Hogan and Reynolds'),(465,287,10,'returned','2024-11-27','Singleton LLC'),(466,227,65,'pending','2024-11-29','Burton Inc'),(467,248,137,'delivered','2024-11-24','Wilson-Hernandez'),(468,176,27,'returned','2024-11-25','Delacruz Inc'),(469,294,128,'delivered','2024-11-29','Bryant, Quinn and Taylor'),(470,104,233,'pending','2024-11-29','James PLC'),(471,199,242,'shipped','2024-11-24','Horton-Rogers'),(472,81,14,'delivered','2024-11-26','Miller-Duffy'),(473,120,119,'returned','2024-11-29','Clements Ltd'),(474,160,224,'shipped','2024-11-24','Burton and Sons'),(475,272,264,'pending','2024-11-28','Martin, Powell and Graham'),(476,281,175,'returned','2024-11-24','Jackson, Thomas and Henson'),(477,233,232,'shipped','2024-11-28','Graham-Wagner'),(478,220,27,'pending','2024-11-28','Cook, Murillo and Contreras'),(479,242,229,'shipped','2024-11-24','Smith Group'),(480,197,200,'shipped','2024-11-26','Alvarez, Holden and Underwood'),(481,48,170,'pending','2024-11-24','Reid, Torres and Robertson'),(482,76,132,'returned','2024-11-26','Lucas and Sons'),(483,239,218,'pending','2024-11-27','Mclaughlin, Meyers and Baxter'),(484,213,189,'returned','2024-11-24','Joseph LLC'),(485,238,72,'pending','2024-11-27','Vasquez and Sons'),(486,282,20,'returned','2024-11-29','Boyle LLC'),(487,27,69,'delivered','2024-11-27','Morgan-Davis'),(488,43,190,'pending','2024-11-26','Conley-Anderson'),(489,174,106,'returned','2024-11-25','Reed, Price and Estrada'),(490,183,10,'shipped','2024-11-29','Ortiz LLC'),(491,282,157,'delivered','2024-11-28','Mcdonald PLC'),(492,226,234,'returned','2024-11-25','Chung, Harrell and Todd'),(493,46,56,'delivered','2024-11-24','Watkins, Perry and Martinez'),(494,108,207,'returned','2024-11-27','Thomas-Clark'),(495,282,6,'pending','2024-11-25','Ward Inc'),(496,144,208,'pending','2024-11-29','Mathis Inc'),(497,12,296,'returned','2024-11-26','Hendricks-Miller'),(498,208,141,'returned','2024-11-26','Webb-Price'),(499,225,153,'returned','2024-11-26','Collins-Torres'),(500,116,183,'returned','2024-11-26','King Inc'),(501,123,220,'pending','2024-11-25','Robinson-Franco'),(502,214,172,'delivered','2024-11-26','Brown, Moore and Moore'),(503,284,156,'shipped','2024-11-28','Delgado, Watkins and Lopez'),(504,95,36,'returned','2024-11-25','Baker-Diaz'),(505,252,268,'delivered','2024-11-25','Leonard Inc'),(506,111,56,'returned','2024-11-27','Patterson Group'),(507,220,43,'returned','2024-11-27','Miller, Patterson and Smith'),(508,246,45,'delivered','2024-11-27','Walters-Lynn'),(509,268,21,'pending','2024-11-29','Luna-Harris'),(510,172,272,'delivered','2024-11-27','Marsh-Fisher'),(511,64,250,'delivered','2024-11-24','Weaver-Day'),(512,225,72,'pending','2024-11-25','Calderon Ltd'),(513,213,122,'delivered','2024-11-25','West-Harris'),(514,65,116,'shipped','2024-11-26','Short-Bailey'),(515,107,73,'returned','2024-11-28','Russell Group'),(516,215,44,'pending','2024-11-24','Parker-Watkins'),(517,150,244,'delivered','2024-11-26','Green Group'),(518,234,234,'shipped','2024-11-26','Schmidt-Perry'),(519,17,163,'returned','2024-11-27','Murphy PLC'),(520,184,82,'delivered','2024-11-25','Dean, Conner and Jones'),(521,174,246,'shipped','2024-11-28','Ward, Ayers and Brown'),(522,247,298,'pending','2024-11-28','Armstrong Ltd'),(523,162,181,'returned','2024-11-24','Bright LLC'),(524,105,92,'delivered','2024-11-28','Sloan-Hudson'),(525,243,180,'pending','2024-11-27','Harper-Garcia'),(526,172,161,'returned','2024-11-24','Thompson, Guerrero and Duffy'),(527,174,17,'pending','2024-11-28','Schneider Ltd'),(528,98,91,'shipped','2024-11-24','Dunn-Reyes'),(529,68,299,'delivered','2024-11-27','Estrada LLC'),(530,297,202,'shipped','2024-11-24','Coleman-Perry'),(531,87,67,'returned','2024-11-26','Gutierrez and Sons'),(532,221,44,'pending','2024-11-27','Cox-Oliver'),(533,125,24,'shipped','2024-11-24','Thompson, Ramos and Kane'),(534,56,282,'delivered','2024-11-25','Williams Inc'),(535,88,8,'returned','2024-11-29','Valdez-Caldwell'),(536,101,152,'delivered','2024-11-26','Ramirez PLC'),(537,84,209,'returned','2024-11-27','Lutz, Nash and Martinez'),(538,218,239,'pending','2024-11-24','Woods and Sons'),(539,98,281,'shipped','2024-11-28','Wood PLC'),(540,14,143,'shipped','2024-11-25','Wyatt, Reyes and Roberts'),(541,81,298,'delivered','2024-11-27','Johnson Inc'),(542,31,141,'returned','2024-11-29','Waters, West and Avila'),(543,216,120,'pending','2024-11-25','Collins, Powell and Walker'),(544,267,186,'shipped','2024-11-28','Vazquez PLC'),(545,104,267,'delivered','2024-11-28','Hall Ltd'),(546,18,40,'shipped','2024-11-25','Stanley, Roberson and White'),(547,196,78,'delivered','2024-11-25','Lewis Ltd'),(548,263,8,'shipped','2024-11-26','Herrera PLC'),(549,285,174,'pending','2024-11-24','Fuller and Sons'),(550,264,245,'shipped','2024-11-28','Patel-Fuller'),(551,249,287,'shipped','2024-11-25','Irwin-Gregory'),(552,198,136,'shipped','2024-11-27','Riley PLC'),(553,286,249,'pending','2024-11-26','Stewart and Sons'),(554,178,117,'pending','2024-11-24','Vance Ltd'),(555,265,49,'shipped','2024-11-24','Brewer PLC'),(556,287,226,'shipped','2024-11-27','Peterson, Miller and Decker'),(557,203,139,'returned','2024-11-25','Baker-Fleming'),(558,286,57,'pending','2024-11-29','Williams Ltd'),(559,73,211,'returned','2024-11-26','Jenkins LLC'),(560,121,261,'pending','2024-11-26','Villarreal-Flores'),(561,140,84,'delivered','2024-11-26','Tucker, Barber and Patel'),(562,186,241,'returned','2024-11-28','Fernandez-Martin'),(563,167,226,'delivered','2024-11-27','Valenzuela, Price and Simpson'),(564,107,36,'pending','2024-11-24','Mejia-Williams'),(565,78,57,'shipped','2024-11-25','Ruiz LLC'),(566,145,67,'pending','2024-11-29','Gonzalez-Johnston'),(567,37,88,'pending','2024-11-27','Cole-Walters'),(568,188,164,'pending','2024-11-25','Mccarty, Ortiz and Giles'),(569,157,30,'pending','2024-11-24','Hull-Petersen'),(570,63,145,'delivered','2024-11-28','Conner-Gonzalez'),(571,45,106,'pending','2024-11-29','Burke, Thomas and Herrera'),(572,81,220,'delivered','2024-11-28','Taylor Ltd'),(573,166,196,'delivered','2024-11-26','Frazier-Rogers'),(574,252,131,'returned','2024-11-28','Taylor-Cruz'),(575,21,29,'shipped','2024-11-24','Bush-Anderson'),(576,286,191,'pending','2024-11-25','Kelly, Sullivan and Davenport'),(577,55,235,'pending','2024-11-27','Dalton, Pugh and Parker'),(578,93,142,'pending','2024-11-26','Davis-Phillips'),(579,237,104,'delivered','2024-11-25','Jones-Mcmahon'),(580,150,75,'delivered','2024-11-29','Russo, Thomas and Gonzalez'),(581,276,23,'pending','2024-11-24','Boone Inc'),(582,225,209,'pending','2024-11-26','Parsons, Torres and Myers'),(583,258,206,'pending','2024-11-26','Manning-Mccarthy'),(584,228,199,'shipped','2024-11-29','Robbins-Delgado'),(585,179,122,'pending','2024-11-26','Bryant-Petersen'),(586,121,149,'shipped','2024-11-24','Dean, Carr and Jones'),(587,102,127,'returned','2024-11-28','Edwards, Gutierrez and Esparza'),(588,191,145,'shipped','2024-11-27','Moses-Ramirez'),(589,58,205,'delivered','2024-11-29','Copeland, Frazier and Lopez'),(590,240,6,'delivered','2024-11-25','Smith, Williams and Paul'),(591,156,191,'pending','2024-11-29','Fields-Martinez'),(592,168,76,'shipped','2024-11-24','Brown, Joseph and Jennings'),(593,144,18,'delivered','2024-11-28','Smith LLC'),(594,281,180,'pending','2024-11-26','Nguyen-Hunt'),(595,167,90,'shipped','2024-11-27','Gonzales, Wolf and Jenkins'),(596,219,77,'delivered','2024-11-26','Hodges PLC'),(597,70,164,'pending','2024-11-28','Anderson-Smith'),(598,36,59,'pending','2024-11-27','Rodriguez, Pierce and Turner'),(599,271,200,'delivered','2024-11-25','Newton PLC'),(600,147,45,'shipped','2024-11-26','Glover, Sanders and Copeland'),(601,100,30,'shipped','2024-11-24','Dominguez-Graham'),(602,66,172,'returned','2024-11-25','Dixon Inc'),(603,231,110,'delivered','2024-11-27','Campbell, Brady and Evans'),(604,210,1,'shipped','2024-11-24','Ortega-Watson'),(605,47,296,'pending','2024-11-27','Lee and Sons'),(606,156,159,'returned','2024-11-27','Kelley, Garcia and Pierce'),(607,73,180,'shipped','2024-11-24','Lee, Stein and Rivera'),(608,62,137,'returned','2024-11-24','Jackson Group'),(609,151,262,'shipped','2024-11-27','Brown-Roberts'),(610,57,186,'shipped','2024-11-29','Avery-Harper'),(611,65,239,'shipped','2024-11-25','Fischer, Lang and Martin'),(612,288,182,'returned','2024-11-26','Mcintyre, Roberts and Gutierrez'),(613,151,198,'returned','2024-11-25','Garcia, Williams and Vance'),(614,275,112,'pending','2024-11-26','Erickson, Ellis and Blair'),(615,5,149,'returned','2024-11-25','Smith PLC'),(616,180,216,'pending','2024-11-25','Grant-Skinner'),(617,69,156,'delivered','2024-11-24','Webb, Decker and Russo'),(618,300,147,'pending','2024-11-26','Clements-Miller'),(619,208,117,'returned','2024-11-24','Meyer-Lane'),(620,130,237,'pending','2024-11-28','Schmidt, Wood and Guerrero'),(621,198,242,'delivered','2024-11-27','Harris, Russell and Johnson'),(622,135,130,'returned','2024-11-26','Chase, Mcdonald and Phillips'),(623,38,155,'delivered','2024-11-28','Evans, Blankenship and Thomas'),(624,257,102,'shipped','2024-11-29','Hunter, Walker and Richardson'),(625,258,200,'delivered','2024-11-26','Underwood Ltd'),(626,100,185,'pending','2024-11-29','Hughes Inc'),(627,218,135,'returned','2024-11-26','Murphy-Hernandez'),(628,205,164,'returned','2024-11-28','Steele, Thomas and Mathews'),(629,62,143,'returned','2024-11-25','Allen-Bass'),(630,176,171,'returned','2024-11-26','Solis, Davis and Williams'),(631,124,153,'pending','2024-11-24','Cline, Pearson and Zavala'),(632,146,6,'returned','2024-11-26','Myers-Torres'),(633,92,101,'shipped','2024-11-29','Garcia-Mcdowell'),(634,198,148,'returned','2024-11-26','Bray, Walton and Simpson'),(635,189,51,'shipped','2024-11-24','Chang PLC'),(636,169,21,'returned','2024-11-24','Horton, Matthews and Marshall'),(637,261,239,'delivered','2024-11-26','Fisher, James and Sawyer'),(638,249,184,'delivered','2024-11-29','Barnes-Clark'),(639,106,207,'shipped','2024-11-24','Moore-Peck'),(640,76,203,'delivered','2024-11-28','Nguyen PLC'),(641,104,2,'shipped','2024-11-27','Taylor, Moore and Paul'),(642,76,194,'delivered','2024-11-25','Knox Group'),(643,271,32,'returned','2024-11-28','Meza, Peterson and Garcia'),(644,57,108,'shipped','2024-11-26','Robinson-Gilbert'),(645,30,26,'pending','2024-11-29','Hunter Ltd'),(646,82,230,'shipped','2024-11-25','Holmes Ltd'),(647,233,105,'returned','2024-11-25','Sharp, Evans and Cook'),(648,75,147,'delivered','2024-11-25','Mitchell-Jefferson'),(649,86,282,'returned','2024-11-27','Williams PLC'),(650,164,45,'delivered','2024-11-25','Allen and Sons'),(651,258,144,'shipped','2024-11-25','Snyder-Lee'),(652,117,82,'pending','2024-11-29','Foster-Morales'),(653,28,232,'returned','2024-11-24','Smith PLC'),(654,64,178,'delivered','2024-11-26','Murphy-Flores'),(655,29,268,'shipped','2024-11-26','Robinson, Hart and Adams'),(656,102,258,'returned','2024-11-25','Medina-Gallagher'),(657,189,201,'pending','2024-11-27','Petersen-Schultz'),(658,162,175,'pending','2024-11-24','Wilson-Davidson'),(659,253,58,'pending','2024-11-29','Bell, Sutton and Becker'),(660,89,107,'delivered','2024-11-25','Adams-Green'),(661,68,43,'delivered','2024-11-26','Lewis, Edwards and Brown'),(662,156,213,'shipped','2024-11-26','Turner Inc'),(663,95,187,'shipped','2024-11-29','Jennings, Johnson and Ramirez'),(664,229,176,'shipped','2024-11-27','Campbell, Lopez and Yu'),(665,69,238,'returned','2024-11-26','Williamson-Miller'),(666,248,176,'pending','2024-11-26','Pugh-Jenkins'),(667,250,90,'returned','2024-11-24','Cox Inc'),(668,89,195,'returned','2024-11-24','Lopez-Moore'),(669,59,246,'pending','2024-11-25','Gardner, Turner and Patton'),(670,49,277,'shipped','2024-11-29','Richardson, Carpenter and Dunn'),(671,13,264,'delivered','2024-11-26','Marks, Edwards and Chang'),(672,9,67,'pending','2024-11-25','Perry, Grant and Graham'),(673,259,217,'returned','2024-11-29','Butler-Bradley'),(674,258,19,'shipped','2024-11-28','Wood, Gonzalez and Sanchez'),(675,90,251,'shipped','2024-11-27','Carr PLC'),(676,282,129,'pending','2024-11-28','Petersen and Sons'),(677,88,253,'returned','2024-11-24','Anderson-Bruce'),(678,233,55,'delivered','2024-11-28','Santiago, Rollins and Smith'),(679,177,12,'delivered','2024-11-29','Lopez, Farrell and Sanchez'),(680,282,205,'shipped','2024-11-25','Blair-Collins'),(681,247,10,'shipped','2024-11-27','Haney-Ross'),(682,274,138,'pending','2024-11-24','Craig, Hensley and Lambert'),(683,278,41,'delivered','2024-11-28','Norman-Moore'),(684,229,114,'shipped','2024-11-28','Morris-Brown'),(685,104,147,'shipped','2024-11-26','Smith Inc'),(686,123,144,'shipped','2024-11-27','Cook, Little and Parker'),(687,283,263,'pending','2024-11-27','Cole-Christensen'),(688,80,126,'shipped','2024-11-25','Kline, Logan and Jackson'),(689,210,227,'returned','2024-11-26','Smith-Sanford'),(690,261,190,'pending','2024-11-26','Lewis Group'),(691,73,207,'returned','2024-11-29','Navarro, Williams and Hunter'),(692,122,292,'pending','2024-11-24','Durham, Evans and Smith'),(693,182,210,'shipped','2024-11-27','Maldonado Group'),(694,10,6,'delivered','2024-11-26','Smith, Blankenship and Barnett'),(695,219,210,'returned','2024-11-26','Walker Ltd'),(696,92,125,'shipped','2024-11-25','Rodriguez-Williams'),(697,283,35,'shipped','2024-11-26','Brown-Gates'),(698,283,93,'pending','2024-11-24','Smith-Beck'),(699,20,236,'delivered','2024-11-26','Macias and Sons'),(700,42,218,'returned','2024-11-25','Chavez Ltd'),(701,256,68,'shipped','2024-11-26','Curry, Jacobson and Rivera'),(702,229,155,'delivered','2024-11-24','Preston-Holmes'),(703,41,237,'returned','2024-11-29','Moore Ltd'),(704,294,131,'delivered','2024-11-26','Smith-Gray'),(705,111,24,'shipped','2024-11-26','Kerr-Stokes'),(706,281,193,'shipped','2024-11-28','Fernandez-Cameron'),(707,69,178,'returned','2024-11-24','Burgess Ltd'),(708,78,231,'shipped','2024-11-25','Simpson, Newman and Garcia'),(709,154,36,'shipped','2024-11-28','Holmes-Green'),(710,70,251,'pending','2024-11-28','Williams and Sons'),(711,256,36,'pending','2024-11-27','Zuniga-Townsend'),(712,173,70,'returned','2024-11-25','Guerrero-Rogers'),(713,264,158,'delivered','2024-11-26','Martin-Harris'),(714,65,174,'pending','2024-11-28','Glass-Wu'),(715,136,156,'pending','2024-11-27','Moran, Sims and Medina'),(716,203,177,'shipped','2024-11-27','Schwartz PLC'),(717,246,147,'delivered','2024-11-24','Ellis-Long'),(718,298,152,'shipped','2024-11-28','Jones-Bishop'),(719,135,33,'returned','2024-11-27','Ferguson-Sanchez'),(720,17,120,'delivered','2024-11-27','Hudson LLC'),(721,178,141,'shipped','2024-11-27','Diaz Ltd'),(722,56,165,'pending','2024-11-25','Riley LLC'),(723,136,18,'shipped','2024-11-28','Harris LLC'),(724,84,43,'pending','2024-11-25','Lee and Sons'),(725,165,91,'returned','2024-11-24','Phillips Inc'),(726,8,83,'returned','2024-11-26','White-Cordova'),(727,117,106,'delivered','2024-11-27','Lynch-Rivera'),(728,71,141,'delivered','2024-11-28','Casey-Campos'),(729,236,276,'pending','2024-11-26','Peters Group'),(730,114,83,'delivered','2024-11-25','Young-Ho'),(731,174,61,'delivered','2024-11-24','Jackson-Hall'),(732,179,173,'shipped','2024-11-29','Carlson and Sons'),(733,31,239,'pending','2024-11-26','Sanchez, Murphy and Phillips'),(734,124,260,'pending','2024-11-24','Murphy Inc'),(735,296,251,'pending','2024-11-28','Hicks and Sons'),(736,157,239,'returned','2024-11-28','Harris, Jones and Brown'),(737,21,48,'pending','2024-11-26','Clay, Pitts and Henderson'),(738,12,113,'pending','2024-11-27','Peterson PLC'),(739,242,193,'delivered','2024-11-26','Wright-Gutierrez'),(740,232,244,'shipped','2024-11-27','Campos Inc'),(741,267,51,'shipped','2024-11-25','Williams, Lopez and Meyer'),(742,103,143,'shipped','2024-11-27','Miller, Perez and Kramer'),(743,285,112,'pending','2024-11-26','Wall and Sons'),(744,37,202,'shipped','2024-11-24','Payne and Sons'),(745,156,247,'delivered','2024-11-29','Adams-Webster'),(746,261,167,'shipped','2024-11-26','Cook LLC'),(747,269,149,'pending','2024-11-29','Klein PLC'),(748,31,174,'returned','2024-11-29','Walker Ltd'),(749,117,30,'shipped','2024-11-27','Nichols, Chavez and Roberts'),(750,75,43,'pending','2024-11-28','Robinson, Turner and Wood'),(751,139,271,'shipped','2024-11-27','Pratt, Davenport and Martinez'),(752,3,33,'shipped','2024-11-27','Zavala-Zhang'),(753,30,166,'delivered','2024-11-27','Carroll, Wheeler and Johnson'),(754,28,192,'shipped','2024-11-24','Davis Group'),(755,202,36,'shipped','2024-11-26','Mccullough PLC'),(756,30,103,'delivered','2024-11-29','Ruiz and Sons'),(757,299,119,'delivered','2024-11-24','Brown-Hopkins'),(758,73,261,'shipped','2024-11-27','Arnold-Galloway'),(759,262,283,'shipped','2024-11-29','Cook LLC'),(760,151,82,'pending','2024-11-29','Allen, Henson and Peck'),(761,62,55,'shipped','2024-11-29','Burke, Moore and Grimes'),(762,173,106,'returned','2024-11-28','Hayes, Watts and Payne'),(763,89,239,'pending','2024-11-26','Wilson Group'),(764,245,105,'delivered','2024-11-29','Hall-Parker'),(765,281,289,'shipped','2024-11-28','Moore-Dougherty'),(766,241,256,'delivered','2024-11-27','Mccarty Inc'),(767,93,7,'pending','2024-11-24','Hinton, Ross and Rodriguez'),(768,22,29,'shipped','2024-11-26','Banks-Taylor'),(769,227,8,'shipped','2024-11-25','Charles, Lawrence and Patterson'),(770,4,3,'shipped','2024-11-28','Diaz, Wang and Hernandez'),(771,100,130,'pending','2024-11-27','Smith-Reeves'),(772,191,163,'pending','2024-11-29','Marshall-Williams'),(773,233,175,'returned','2024-11-28','Smith-Dawson'),(774,112,284,'delivered','2024-11-27','Montes and Sons'),(775,284,237,'delivered','2024-11-25','Wolfe, Campbell and Sosa'),(776,10,162,'delivered','2024-11-27','Underwood-Avery'),(777,201,184,'shipped','2024-11-25','Carr Ltd'),(778,118,212,'pending','2024-11-26','Merritt Group'),(779,127,26,'pending','2024-11-25','Smith-Peterson'),(780,100,135,'delivered','2024-11-29','Kaiser Ltd'),(781,192,220,'shipped','2024-11-25','Cooper-Murray'),(782,196,274,'delivered','2024-11-24','Murphy-Carr'),(783,116,169,'pending','2024-11-25','Lin-Chang'),(784,259,93,'delivered','2024-11-26','Evans Ltd'),(785,245,150,'returned','2024-11-26','Best-Campbell'),(786,220,287,'pending','2024-11-24','Garcia, Rosales and Ray'),(787,87,102,'returned','2024-11-26','Bowers LLC'),(788,209,63,'returned','2024-11-27','Walters-Hunt'),(789,21,186,'pending','2024-11-27','Romero-Rodriguez'),(790,39,50,'returned','2024-11-27','Harris, Flores and Wagner'),(791,8,9,'returned','2024-11-25','Myers, Martinez and Jordan'),(792,113,202,'returned','2024-11-24','Smith, Kennedy and Lam'),(793,25,141,'returned','2024-11-24','Jordan-Everett'),(794,254,49,'returned','2024-11-24','Yang, Sanford and Abbott'),(795,250,70,'shipped','2024-11-26','Mack-Cochran'),(796,54,137,'pending','2024-11-28','Lowery LLC'),(797,106,206,'pending','2024-11-28','Parsons, Sawyer and Lewis'),(798,248,101,'returned','2024-11-25','Petersen Group'),(799,76,274,'delivered','2024-11-25','Yang-Thomas'),(800,66,203,'returned','2024-11-27','Reynolds Inc'),(801,46,196,'shipped','2024-11-24','Rodriguez Group'),(802,244,184,'returned','2024-11-27','Berry, Rivera and Chaney'),(803,128,167,'returned','2024-11-26','Reynolds, Browning and Randall'),(804,177,39,'delivered','2024-11-24','Reyes, Harris and Craig'),(805,280,7,'shipped','2024-11-29','Hernandez, Porter and Osborne'),(806,30,235,'pending','2024-11-29','Holloway PLC'),(807,125,279,'pending','2024-11-25','Taylor PLC'),(808,31,87,'pending','2024-11-29','Miller-Lopez'),(809,157,237,'shipped','2024-11-28','Herring-Leonard'),(810,254,258,'pending','2024-11-26','Doyle PLC'),(811,156,57,'returned','2024-11-28','Valdez, Perez and Brown'),(812,202,46,'shipped','2024-11-26','Clark, Richardson and Yates'),(813,289,236,'pending','2024-11-28','Pruitt, Hines and Patton'),(814,223,27,'shipped','2024-11-24','Lopez-Adams'),(815,45,2,'delivered','2024-11-28','Cooper, Moore and Reynolds'),(816,118,94,'delivered','2024-11-27','Rodriguez Ltd'),(817,2,65,'returned','2024-11-24','Love-Jones'),(818,114,113,'pending','2024-11-26','Frank-Harris'),(819,37,48,'returned','2024-11-28','Cruz, Massey and Torres'),(820,38,50,'delivered','2024-11-27','Chambers, Orozco and James'),(821,247,157,'pending','2024-11-29','Garza-Lawson'),(822,4,77,'pending','2024-11-24','Johnson and Sons'),(823,283,271,'shipped','2024-11-26','Jones PLC'),(824,268,113,'pending','2024-11-29','Dickerson-Johnson'),(825,199,86,'pending','2024-11-24','Ray-Mendoza'),(826,2,4,'returned','2024-11-24','Barber-Dennis'),(827,251,223,'shipped','2024-11-28','Mccormick-Peterson'),(828,167,259,'shipped','2024-11-28','Suarez, Smith and Foster'),(829,189,39,'shipped','2024-11-24','Ibarra PLC'),(830,112,13,'returned','2024-11-27','Patterson-Young'),(831,239,24,'shipped','2024-11-26','Bailey, Evans and Ramsey'),(832,59,88,'delivered','2024-11-24','Schneider Group'),(833,42,155,'pending','2024-11-27','Nelson LLC'),(834,172,29,'delivered','2024-11-28','Johnson Ltd'),(835,31,273,'pending','2024-11-27','Wilson, Wade and Sanders'),(836,96,73,'returned','2024-11-29','Macdonald PLC'),(837,170,162,'pending','2024-11-28','Thomas-Bennett'),(838,25,295,'pending','2024-11-29','Richardson Group'),(839,121,170,'returned','2024-11-24','Best Inc'),(840,14,79,'shipped','2024-11-24','Jimenez-Wilson'),(841,78,296,'pending','2024-11-25','Chambers, Henderson and Delgado'),(842,98,299,'delivered','2024-11-26','Davenport, Green and Daniels'),(843,131,248,'pending','2024-11-29','Nelson Ltd'),(844,104,151,'pending','2024-11-24','Little, Singh and Oneal'),(845,278,98,'shipped','2024-11-28','Curtis, Parrish and Henry'),(846,10,117,'shipped','2024-11-24','Griffin-Watkins'),(847,126,85,'returned','2024-11-25','Hodges Ltd'),(848,268,300,'delivered','2024-11-25','Jackson, Guzman and Williamson'),(849,176,61,'delivered','2024-11-25','Nguyen Group'),(850,217,80,'delivered','2024-11-28','Morales, Shaw and Burton'),(851,290,270,'pending','2024-11-29','Lee Ltd'),(852,65,243,'pending','2024-11-26','Gibbs-Cross'),(853,263,71,'shipped','2024-11-29','Wolfe Ltd'),(854,264,183,'pending','2024-11-29','Lopez PLC'),(855,47,52,'pending','2024-11-28','Parker and Sons'),(856,202,169,'returned','2024-11-24','Callahan PLC'),(857,163,87,'shipped','2024-11-26','Brown LLC'),(858,108,103,'shipped','2024-11-29','Williams, Humphrey and Ryan'),(859,38,56,'shipped','2024-11-24','Smith-Burke'),(860,65,43,'returned','2024-11-29','Watts and Sons'),(861,295,11,'shipped','2024-11-29','Foster, Ingram and Cochran'),(862,174,299,'returned','2024-11-29','Hamilton-Parrish'),(863,129,130,'pending','2024-11-24','Huang, Graham and Murray'),(864,264,234,'pending','2024-11-27','Gonzalez LLC'),(865,40,166,'shipped','2024-11-25','Case Inc'),(866,49,236,'delivered','2024-11-28','Wilcox, Lloyd and Munoz'),(867,17,78,'returned','2024-11-26','Ford, Kemp and Edwards'),(868,171,147,'delivered','2024-11-26','Merritt, Merritt and Williams'),(869,23,255,'delivered','2024-11-26','Wilson, Price and Phillips'),(870,76,285,'shipped','2024-11-25','Brown, Burton and Vasquez'),(871,167,256,'pending','2024-11-29','Munoz-Lara'),(872,42,219,'delivered','2024-11-24','Anderson-Galloway'),(873,243,31,'delivered','2024-11-24','Bass, Davis and Bell'),(874,227,92,'delivered','2024-11-29','Jones Group'),(875,143,6,'shipped','2024-11-28','Horne-Wright'),(876,270,26,'delivered','2024-11-24','Sullivan-Mcdonald'),(877,110,108,'shipped','2024-11-25','White, Rivers and Lopez'),(878,67,64,'pending','2024-11-28','Diaz, Smith and Williams'),(879,76,78,'delivered','2024-11-27','Hale, Parker and Pitts'),(880,84,85,'pending','2024-11-29','Wilson Ltd'),(881,181,47,'pending','2024-11-25','Hull Group'),(882,172,201,'pending','2024-11-27','Johnston Ltd'),(883,219,208,'pending','2024-11-27','Robinson-Fleming'),(884,11,210,'delivered','2024-11-27','Reynolds-Wilkinson'),(885,280,208,'pending','2024-11-25','Fletcher-Allen'),(886,140,148,'returned','2024-11-26','Wallace and Sons'),(887,257,161,'shipped','2024-11-27','Ho, Molina and Wade'),(888,82,115,'shipped','2024-11-24','Mullins-Harmon'),(889,219,79,'delivered','2024-11-29','Wagner-Garza'),(890,67,300,'shipped','2024-11-28','Hernandez-Lowery'),(891,46,150,'pending','2024-11-29','Estrada, Miller and Green'),(892,74,131,'pending','2024-11-27','King-Taylor'),(893,109,120,'pending','2024-11-26','Estrada, Hart and Hensley'),(894,35,205,'delivered','2024-11-26','Bryant, Snyder and Hill'),(895,281,49,'pending','2024-11-26','Page Ltd'),(896,11,183,'returned','2024-11-27','Lewis, Lee and Martinez'),(897,272,34,'shipped','2024-11-25','Griffin, Ramos and Serrano'),(898,156,244,'returned','2024-11-27','Cooper, Gardner and Willis'),(899,232,248,'pending','2024-11-27','Schmitt Inc'),(900,36,200,'pending','2024-11-24','Gonzalez-Harper'),(901,287,131,'returned','2024-11-27','Greene, Aguirre and Malone'),(902,152,265,'shipped','2024-11-29','Young Ltd'),(903,193,102,'pending','2024-11-26','Ortiz-Andersen'),(904,42,90,'shipped','2024-11-26','Brown LLC'),(905,159,217,'shipped','2024-11-26','Rodgers Ltd'),(906,156,37,'returned','2024-11-27','Larson-Murray'),(907,201,202,'returned','2024-11-28','Watkins, Jones and Reed'),(908,169,46,'returned','2024-11-28','Wells, Martinez and Smith'),(909,254,48,'pending','2024-11-29','Hudson Group'),(910,62,113,'pending','2024-11-26','Anderson Inc'),(911,262,16,'shipped','2024-11-27','Murphy-White'),(912,187,179,'pending','2024-11-27','Rowe-Griffith'),(913,167,257,'returned','2024-11-24','Roberson, Anderson and Smith'),(914,73,1,'pending','2024-11-27','Saunders and Sons'),(915,150,217,'returned','2024-11-27','Harvey Group'),(916,125,108,'pending','2024-11-26','Silva, Castaneda and Holland'),(917,67,93,'shipped','2024-11-25','Burke, Leach and Ward'),(918,71,89,'returned','2024-11-26','Carlson Ltd'),(919,267,253,'delivered','2024-11-24','Walker Group'),(920,273,63,'shipped','2024-11-25','Campbell, Scott and Bailey'),(921,11,62,'returned','2024-11-24','Dorsey-Diaz'),(922,260,71,'returned','2024-11-26','Mcclain-Benson'),(923,272,91,'pending','2024-11-24','Reed, Miller and Anderson'),(924,247,13,'delivered','2024-11-25','Nelson-Hebert'),(925,221,18,'shipped','2024-11-24','Rodriguez Ltd'),(926,58,11,'shipped','2024-11-24','Pruitt-Nguyen'),(927,188,94,'pending','2024-11-25','Hansen-Williams'),(928,6,166,'shipped','2024-11-29','Vega Group'),(929,76,127,'pending','2024-11-24','Clarke-Stevens'),(930,137,142,'shipped','2024-11-28','Yu, Archer and Owens'),(931,158,52,'shipped','2024-11-27','Schwartz, Cooley and Moss'),(932,23,51,'pending','2024-11-25','Morrison-Olson'),(933,148,140,'delivered','2024-11-26','Lopez, Castro and Hernandez'),(934,181,77,'shipped','2024-11-26','Wells, Carroll and Best'),(935,32,221,'delivered','2024-11-25','Freeman-Nixon'),(936,108,273,'pending','2024-11-26','Mendoza, Campbell and Huff'),(937,175,102,'returned','2024-11-28','Nguyen-Curry'),(938,165,13,'pending','2024-11-27','Roberts, Hale and Fuller'),(939,115,119,'returned','2024-11-25','Davenport, Howe and Elliott'),(940,122,46,'shipped','2024-11-26','Ramirez-Stephens'),(941,135,261,'pending','2024-11-25','Huang, Johns and Flores'),(942,215,237,'pending','2024-11-25','Reese, Ellis and Rowland'),(943,211,193,'shipped','2024-11-24','Graham, Cummings and Adams'),(944,265,146,'returned','2024-11-25','Hoffman, Greene and Roberts'),(945,287,276,'delivered','2024-11-29','Odom Group'),(946,274,259,'pending','2024-11-24','Bryant, Dodson and Alvarado'),(947,108,252,'shipped','2024-11-26','Gillespie-Arnold'),(948,129,124,'returned','2024-11-29','Scott-Green'),(949,67,271,'delivered','2024-11-25','Thomas Inc'),(950,205,115,'delivered','2024-11-27','Jones-Johnson'),(951,120,147,'pending','2024-11-26','Palmer and Sons'),(952,50,233,'shipped','2024-11-29','Hernandez PLC'),(953,162,237,'returned','2024-11-26','Huerta-Baldwin'),(954,289,80,'pending','2024-11-24','Wise Inc'),(955,42,268,'shipped','2024-11-26','Hebert, Davis and Nelson'),(956,217,101,'delivered','2024-11-27','Ortega-Carney'),(957,72,183,'delivered','2024-11-27','Carlson-Lang'),(958,69,266,'shipped','2024-11-24','Wiggins, Reid and Jones'),(959,252,216,'delivered','2024-11-26','Mills-Greene'),(960,204,63,'shipped','2024-11-24','White-Wilkerson'),(961,195,233,'returned','2024-11-24','Giles-Dickson'),(962,173,170,'pending','2024-11-28','Cain-Mccall'),(963,143,163,'delivered','2024-11-28','Jacobs-Roberts'),(964,110,29,'returned','2024-11-24','Cannon Ltd'),(965,179,232,'delivered','2024-11-27','Edwards Ltd'),(966,48,12,'returned','2024-11-25','Floyd-Richards'),(967,166,288,'delivered','2024-11-25','Olsen LLC'),(968,229,275,'returned','2024-11-25','Montes, Garza and Smith'),(969,94,243,'shipped','2024-11-25','Powell, Parker and Ewing'),(970,145,86,'delivered','2024-11-25','Hampton Ltd'),(971,243,142,'returned','2024-11-29','Stone-Williams'),(972,109,45,'shipped','2024-11-28','Garcia and Sons'),(973,162,97,'delivered','2024-11-25','Wright-Weiss'),(974,241,207,'pending','2024-11-24','Brewer Ltd'),(975,88,203,'delivered','2024-11-28','Johnson-Cook'),(976,32,267,'returned','2024-11-25','Avery-Smith'),(977,257,255,'pending','2024-11-25','Adams Group'),(978,124,114,'pending','2024-11-28','Bryant-Rodriguez'),(979,155,126,'shipped','2024-11-29','Koch-Hall'),(980,262,138,'pending','2024-11-26','Hunt-Carlson'),(981,162,52,'pending','2024-11-24','Herman-Pace'),(982,13,130,'shipped','2024-11-28','Vasquez, Shepherd and Johnson'),(983,60,220,'pending','2024-11-25','Oneal, Powell and Robles'),(984,97,186,'delivered','2024-11-24','Griffith and Sons'),(985,233,224,'delivered','2024-11-25','Morgan Group'),(986,24,100,'pending','2024-11-28','Pitts-Rubio'),(987,198,90,'shipped','2024-11-25','Lewis LLC'),(988,242,72,'pending','2024-11-25','Anderson-Palmer'),(989,143,158,'delivered','2024-11-29','Smith-Wilkerson'),(990,123,272,'returned','2024-11-24','Williams, Allen and Johnson'),(991,142,63,'returned','2024-11-28','Contreras Inc'),(992,56,144,'pending','2024-11-29','Morgan PLC'),(993,38,246,'pending','2024-11-24','Hunt, Watson and Hobbs'),(994,242,151,'delivered','2024-11-28','Clements, Ali and Thornton'),(995,276,98,'shipped','2024-11-24','Allen Inc'),(996,27,24,'shipped','2024-11-28','Frank-Huynh'),(997,243,292,'shipped','2024-11-28','Bird, Ryan and Martinez'),(998,1,98,'returned','2024-11-24','Palmer, Fowler and Ray'),(999,288,209,'delivered','2024-11-24','Strickland and Sons'),(1000,94,295,'shipped','2024-11-25','Dorsey, Ward and Hopkins');
/*!40000 ALTER TABLE `shipping` ENABLE KEYS */;
UNLOCK TABLES;

--
-- Table structure for table `user`
--

DROP TABLE IF EXISTS `user`;
/*!40101 SET @saved_cs_client     = @@character_set_client */;
/*!50503 SET character_set_client = utf8mb4 */;
CREATE TABLE `user` (
  `userID` varchar(50) NOT NULL,
  `displayName` varchar(50) NOT NULL,
  `password` varchar(255) NOT NULL,
  `role` varchar(20) NOT NULL,
  `phoneNo` varchar(15) DEFAULT NULL,
  `email` varchar(100) DEFAULT NULL,
  PRIMARY KEY (`userID`)
) ENGINE=InnoDB DEFAULT CHARSET=utf8mb4 COLLATE=utf8mb4_0900_ai_ci;
/*!40101 SET character_set_client = @saved_cs_client */;

--
-- Dumping data for table `user`
--

LOCK TABLES `user` WRITE;
/*!40000 ALTER TABLE `user` DISABLE KEYS */;
INSERT INTO `user` VALUES ('alexiswoods','Daniel Alexander','60WOTMjl$3','user','(579)302-3182x7','matthew19@example.net'),('alyssajenkins','Morgan Williams','8fXBYxhf$k','admin','3988848090','karencruz@example.net'),('amanda72','Andrea Reese','hRcQNekW@4','guest','001-344-321-392','brian07@example.com'),('amandawyatt','Wendy Mccarty','%6CgR0Kz@8','guest','(294)262-2438','robertsawyer@example.com'),('amberlawson','Robert Vargas','hn6P3$FZx+','guest','(757)267-1200x7','peggy21@example.net'),('amycollins','Jennifer Moore','oh5o@MJvG@','user','717-208-5388x84','amy74@example.com'),('andrea07','Amanda Richmond','2XIbLFzx@y','guest','+1-723-970-3269','parkermicheal@example.org'),('andrea99','Henry Knapp','w)E0nye05I','admin','001-712-852-772','kathleen84@example.net'),('andrewrichardson','Gary Wright','e*F4%JJm0V','admin','+1-302-337-2842','thompsonheather@example.com'),('angela72','Rebecca Rivera','m6xZulu#@7','user','351-805-3781x77','zacharycook@example.org'),('angela88','Sharon Mendoza','a@7VIuOj#Y','user','001-915-449-696','caldwellkristen@example.com'),('angelaperry','Anthony Williams','0mCRytyi_x','user','(837)239-6295','cody25@example.net'),('anne21','Pamela Gill','^2fNgJe(Xi','guest','329.807.7456','pamelameyer@example.net'),('arielsmith','Jaime Smith','&%8e7OoT0@','user','494-439-3050x76','doylekatherine@example.org'),('ashley87','Nicole Garcia','mT88!Oyq8_','guest','(733)906-3199x5','bpeterson@example.net'),('averymarcia','Crystal Owens','^k4+G1gy&m','guest','997-719-7668x08','deannavargas@example.org'),('baileysims','Kenneth Jackson','5$3Ab9FV8O','user','(823)934-0867','richard49@example.com'),('barbaramiller','Kelsey Nelson','7%+5(GhT2c','user','(528)646-6351x4','jameswoods@example.net'),('barry26','Alexander Martin','K$%O3T8kGw','guest','+1-688-755-7087','stuartsara@example.net'),('baxtermeghan','Richard Hanson','6_Ga%HSg_)','user','001-265-660-356','ashleybryant@example.com'),('bbean','Carrie Monroe','#)32TeTJs5','admin','7409250496','scottmullen@example.org'),('bgarcia','Jeffrey Russell DDS','_V#N4Cnqf)','user','001-502-717-821','campbellkimberly@example.net'),('bharris','Robert Russell','$3q2@Rbq#v','guest','860.320.6873x85','alisondavenport@example.net'),('bishoplisa','Jeremy Hill','p6U181d)@3','user','+1-453-804-6056','michaeloneal@example.com'),('blee','Christine House','!7OJmw3ctr','admin','871-806-7373x07','liholly@example.net'),('brandonjackson','Eileen Morris','^&8OO2bciX','user','5814859217','kimberlysolomon@example.net'),('breannaross','Brandon Huynh','4yU9Semgg_','guest','389.672.6706','jmiller@example.com'),('brewerjanice','Denise Sandoval','%UM)TQSt7r','admin','(611)526-0199x2','jonathanwilson@example.com'),('brian60','Patrick Clayton','pM7mIZqpq!','guest','(613)902-2426','juan93@example.net'),('bryanmorales','Vickie Todd','n1yWXCk+)G','admin','568-713-9799x48','fitzgeraldchad@example.com'),('brycehuffman','Aaron Hughes','z9dIDESc@y','admin','001-561-680-715','lonnie80@example.org'),('cadams','Amber Pollard','!0@R39Mn@5','guest','+1-624-808-4808','cynthiamorales@example.org'),('carrollhannah','Stacey Shepard','@#9$IZi$$n','admin','863-622-6708x21','tyoung@example.net'),('cassandralee','Rhonda Smith','5t3ZZ!qgo@','user','210-699-9926x38','nicole61@example.net'),('castilloclaudia','Tanya Miller','$9BV%@dU@1','user','+1-538-990-5669','dianaschultz@example.com'),('cathywatts','Ross Sawyer','$3YIOhURLX','guest','690.657.7115x55','james38@example.org'),('chase43','Andrew Page','$_2L3ixe8d','guest','(822)905-8820','alison52@example.org'),('christiankelly','Michael Mendoza','hY463R)i&u','guest','001-426-889-486','ewingdeborah@example.com'),('christinaanderson','Ana Taylor','n3NiwhWV!)','user','433-775-1181','christinefernandez@example.org'),('christinejohnson','Carlos Collins','_7Kzs$9c^9','admin','585.957.8558x57','savannahweeks@example.com'),('christopherhunt','Shannon Cruz DVM','3ZP7cP2p^C','user','+1-561-777-5615','rickycook@example.org'),('christopherquinn','Ashley Walker','$zZaKk!v&1','guest','552-808-0066x98','ginajames@example.net'),('cjohnston','Kathleen Hood','(t6&VvSmBO','guest','(624)667-9490','cmurphy@example.net'),('clineheather','Alisha Hudson','^i1B&Mk_fQ','guest','001-212-422-383','michael73@example.org'),('cmercado','Stephanie Santiago','&6L9oE(gfw','user','434-225-9237x52','amanda72@example.org'),('cmurphy','Michelle Mcclain','x#3YuR9uZB','guest','(662)986-4883x9','mccoyjose@example.org'),('cobrien','William Anderson','%Ha3yqts76','admin','001-429-505-140','smithedward@example.com'),('colleen98','Scott Grant','nM1)0Ync78','guest','(840)676-1699x1','allisonrios@example.net'),('collinjacobson','Angela Gomez',')bVdFUwtP7','user','298.518.2332x57','ryan03@example.net'),('connie90','Lauren Cooper','r7BB)Ayk^H','admin','279-413-0013x75','daniel50@example.net'),('conniescott','Katelyn Mckenzie','1UvgElrR$^','user','4482478805','martineznancy@example.net'),('cowen','Bobby Anderson','D$Dq9DaG5Q','admin','691.661.0738x24','pachecojohn@example.com'),('cristianpearson','Dawn Underwood','ta4PuUew7@','admin','001-586-398-426','amartinez@example.com'),('crystal01','Kaitlyn Long','P*5QWJa11&','guest','929.406.0447x26','lopezmary@example.net'),('crystal94','Michelle Bell','_5DY+xsLzy','admin','001-391-630-992','qdunn@example.com'),('davistracy','Sara Adams','CCTgeK2#)4','user','+1-251-568-8044','umatthews@example.net'),('dawsonamber','William Christensen','_2oQRtnank','guest','385.544.4317x14','nfox@example.net'),('daybradley','Daniel Sherman','OB1rZ+et!O','admin','265-271-0004','martinamanda@example.org'),('dboyd','Bryan Reyes','$a1JBGmLtM','user','960-305-7865x20','sophia64@example.com'),('dcervantes','Kathy Skinner','J$#6HlVlbn','guest','337-860-0706x01','ppotter@example.org'),('dcummings','Stuart Elliott','HD5FxWbn%%','admin','473.542.3403x42','peterfrost@example.net'),('deannahenry','Heidi Stewart','3&RRoz1p&_','user','001-274-584-638','michael83@example.net'),('derekmccoy','James Smith','BYI(1!Lx(2','guest','606-216-5043','christopher96@example.com'),('derrickturner','Christine Boone','$F$4tXbR*6','user','001-466-914-167','ronald63@example.com'),('diazmelissa','Mr. John Gardner','*1Q+GTaUKE','guest','320-458-8682x38','kevinjohnston@example.org'),('djackson','Joshua Warren','ZZ@22Tf$2Z','admin','823-660-3026','nicole84@example.org'),('dluna','Brittany Valencia','^m^Pkw2xF3','user','001-826-821-585','kevin48@example.com'),('donna83','Jeffrey Wright','LWMK9PnjD^','admin','837.500.7725','mary98@example.com'),('duartebeverly','Brittany Hill','J^^0@XKu5B','user','(393)286-0539x8','ethomas@example.net'),('dunnapril','Sarah Landry','mg88Bk*#)7','guest','001-728-438-663','kcarpenter@example.net'),('duranlisa','Andrew Ferguson','@28^St&5#i','user','438.304.9484x73','julia90@example.org'),('dwaynesolis','Gilbert Levine','$51gqC2mQ&','guest','001-378-723-233','tammysmith@example.org'),('dweber','Carlos Luna','xs52Plqd(0','admin','(821)242-7897x3','pamfields@example.net'),('ecalhoun','Daniel Arnold','gkJSewBj)2','user','+1-236-655-8852','jeffrey57@example.net'),('edickerson','Edward Henderson','@6pbVp(NvP','user','(425)424-6392','yclark@example.org'),('edward06','Daniel Santiago','XTB6Cf9yg_','guest','7457372292','danamcneil@example.net'),('edward65','Jaime Johnson','(gUNBl9d5N','guest','298.264.6328','donald52@example.com'),('elizabeth38','Tiffany Martinez','#59vEEqq0H','guest','(666)800-2965x2','anne48@example.net'),('elizabethjohnson','Tina Steele','w&WWu4Mekl','user','001-466-777-117','christopher57@example.org'),('ellen77','Christine Gordon','#wPPO0l6y3','admin','+1-533-385-6234','peter06@example.com'),('emarsh','Heather Morris','@8WXh3O5pu','admin','001-275-278-070','armstrongjulia@example.com'),('eric54','Zachary Davis','GqT3f^9A#1','user','+1-615-389-0987','michael66@example.net'),('eric60','Christopher Pierce','&kmH3I8P#7','guest','561-809-9443x52','nguyenjason@example.com'),('erickrueger','Jonathon Steele','TR8GZpcid)','guest','+1-817-637-3902','devonsmith@example.com'),('estesdonna','Jimmy Vasquez','$5!c+BekRv','guest','268.894.7047','elizabeth24@example.org'),('fbishop','Joshua Gray','GqA32IuY+2','user','+1-533-969-6783','smartinez@example.net'),('fbrown','Sarah Rogers','E@3JKckj7^','admin','+1-962-410-8971','lauraparker@example.net'),('fhoward','Stephen Moss','2(Z3HQ8uhG','user','(310)960-3274x3','gjames@example.net'),('fkeith','Kimberly Murray','L+5N2TCvTM','admin','(391)772-7970x6','christopherchavez@example.net'),('frank25','Ashley Huber','&$SMZ1DpXg','user','(212)855-9954','samanthahernandez@example.net'),('frenchcheryl','Jacob Sanders','!tlbPi4f1s','guest','307.754.6174x90','imoreno@example.com'),('gabrielawilcox','Joseph Sanders MD','(8yTQiRY_E','user','662.809.2650x40','vzimmerman@example.net'),('gallowaymichael','Matthew Andrews','+8G1%Hny&s','guest','9294595111','joshuagentry@example.net'),('garrisongary','Matthew Griffith','B(5&W^+wHI','guest','+1-489-746-8379','mholland@example.net'),('gatesjeremy','Molly Beasley','+R9YzPc&A#','user','(747)380-8452','warren78@example.com'),('gblair','Charles Alexander','^X4uA*EoXh','admin','001-528-947-467','gregory63@example.org'),('glawson','Jill Drake','nq0CHQzw&r','user','001-835-590-972','medinatimothy@example.org'),('gomezcharles','Vincent Miller','8U@_L&Ww!I','admin','001-921-239-763','bakerangelica@example.com'),('grahamdebra','Samuel Diaz','20p5CCHc$b','admin','5174896381','johnsoncourtney@example.com'),('grantjoseph','Ricky Watson','4!UuWwcw@9','guest','799-739-4623x07','victor63@example.com'),('gstewart','Andrea Murray','!+83B6Xzin','guest','+1-429-530-7844','edward34@example.org'),('gutierrezrobert','Michelle Smith','#!L@NSob07','admin','(492)439-5997x1','sherri65@example.com'),('haleyfrye','Julian Bernard','RcfiLX@l+9','user','001-860-426-271','mariajones@example.com'),('harrisonjessica','Deborah Nelson','UmWFZshz^8','admin','+1-500-764-1163','sullivansarah@example.org'),('heather01','Francisco Murphy','@0*GJyI674','user','750.855.2683x66','lesliebrown@example.com'),('hoffmanlori','Andre Bean','T+7$0OXsp*','user','769-465-2392x48','josephhayes@example.org'),('hwilson','Stephen Stewart DVM','0@ZpRu3i_4','guest','+1-815-733-6406','paulwallace@example.org'),('igonzalez','Michael Flores','m68@LC#sh@','guest','824.559.3003x88','jeffreybaker@example.net'),('irodriguez','Victoria Bell','Y2KcV8HH%I','admin','+1-716-218-2604','timothy23@example.com'),('ismith','Karen Wong','4dA)0rVq+!','guest','(758)745-5146x9','qbrown@example.net'),('iweaver','Mary Lopez','!Y#4F@ClE&','user','001-569-202-876','flee@example.com'),('jacksonheather','Pamela Walker','M21(*GwwA)','guest','+1-822-757-0448','deanna71@example.net'),('jake04','Lorraine Brown','&GgW!VVh_2','user','(547)906-5712','taylordebra@example.net'),('jalexander','Gabriel Drake','^1_3IYyYjw','guest','(482)380-2354x1','rgonzalez@example.net'),('james01','Alyssa Gonzalez','_(z4WFLtPT','guest','001-435-666-494','palmermegan@example.net'),('james77','Jennifer Wheeler','(OFEHoW942','guest','+1-969-360-8875','jeremymorales@example.net'),('jamesgillespie','Aaron Welch','!f@K0Bpgk0','admin','+1-560-735-7092','brownjennifer@example.net'),('jamie52','Andrea Johnson','_@G4cRX620','user','8355200425','paulmartin@example.net'),('jared41','Taylor Bailey','8h$5$Wcj2@','user','001-364-370-773','yestes@example.org'),('jbrown','Christopher Scott','))!8OtozjE','guest','001-513-978-586','awhite@example.org'),('jeffreymanning','Joseph Stephens','k6OH@gG2+6','user','+1-549-526-3860','zanderson@example.com'),('jennifer05','Jonathan Sullivan','E!q5RNbt&E','guest','7976556522','michaelpoole@example.com'),('jennifer73','Melvin Stephenson','^%5Fx_)q!C','guest','462.964.2974','petersonrichard@example.org'),('jessicavargas','Eric Carson','N#6EAxU3b5','guest','746.842.7143x21','rodney54@example.com'),('jimmy38','Danielle Dyer','ZKkC7Xtvo$','guest','(368)400-6937','wesley50@example.com'),('joelmay','Michelle Campos','@JafB6Ti%&','user','8348481978','cherylhaas@example.org'),('john16','Mrs. Victoria Price','$P35paHbQ!','guest','358.769.1789','schultzemily@example.net'),('john99','Lauren Joyce','#tvMMuN!%4','admin','8738073036','derek30@example.org'),('johnwise','Vincent Stephenson Jr.','j$o9WI5jV8','guest','568.929.2622x39','jonesdevin@example.org'),('jonathan60','Audrey Myers','(PGMB5kj77','user','801.304.2405','richardfowler@example.com'),('jose74','Jonathan Wright','$pqDOADvc1','guest','001-271-341-291','andersontami@example.org'),('josephmatthew','Julia Dillon','1)LERMTb)6','admin','001-599-641-438','tmorales@example.com'),('josephzachary','Kirsten Young','#9$QOGCOuO','user','(385)826-9094x9','robert70@example.org'),('joycewashington','Brandon Harris','#6MCBXqm0w','guest','(914)864-1743','jesse19@example.com'),('judydavis','James Harrison','ZE563gVni!','guest','697.412.6467x62','moorephillip@example.com'),('julia46','Jessica Saunders','_i9SmXdx&+','guest','325-925-0654x71','mary79@example.com'),('justin13','Vicki Petersen','(^ZO7ZSgrm','user','699.889.7982x04','olsondavid@example.net'),('kara10','John Davis','U+&1G*qR)m','guest','215-579-3798','cjones@example.net'),('kari34','Laura Reynolds','_d73YjWT4y','guest','654.753.2201x87','jeff83@example.org'),('keith68','Kenneth Henry','i+Qy1kVj3x','user','001-253-991-367','lunalindsay@example.net'),('keithvalentine','Louis Kennedy','c4$8l)Hz$K','admin','(762)800-1530x6','tracistone@example.net'),('kelseyjuarez','Heidi Ferguson',')xd3H9uTV3','admin','001-877-521-377','paul65@example.com'),('kenneth96','Becky Long','_@#9Bcd1B)','user','+1-794-700-9813','michaellowe@example.com'),('kennethrose','Jose Smith','66MkSbn3#F','guest','336.953.3865','molly30@example.org'),('kevinsmith','Marcus Perez','_t8&qIILy8','user','696-912-8517x34','gwendolyncampbell@example.org'),('kfuller','Destiny Mitchell','4XE0JWk_Q&','guest','952.988.1390x38','lindacalderon@example.com'),('kimberly42','Chelsea Mendoza','&ZEivJm94Y','admin','449-711-8115','jessica36@example.com'),('kimchristopher','Michael Davis','+8p6pWn%01','guest','656-751-7818','elizabeth72@example.com'),('kpitts','Donna Paul','u5vTeRLn*s','admin','852.361.9986','kimkatherine@example.org'),('kristine47','Karen Cline','3!2FLETp6^','user','(676)998-2832','martinkatrina@example.org'),('ksanchez','Cynthia Marshall','&3IL#sli)1','guest','799.377.0745','meganschneider@example.net'),('larsonmichelle','Caleb Mckinney','nG42wzZg%w','guest','+1-204-301-7395','charles68@example.com'),('latasha52','Lisa Scott','t%1_^bZpex','user','842-667-2385','arnoldkimberly@example.net'),('lbarnett','Brandon Fisher','&)2LbC#$4r','admin','463-349-8516','zpage@example.org'),('lcruz','Carrie Orozco','%5LvI@Uopj','admin','(683)971-6598x5','micheal12@example.com'),('ldorsey','Patty Dorsey','C)S8+TDb^h','admin','+1-498-765-4489','dalesmith@example.org'),('lewistony','Margaret Mckee','$7LKJ*p$5f','user','520.860.7206x62','tammy31@example.org'),('lhall','Kelsey Nelson','vE%P8W6qf*','guest','001-250-435-014','fosterdonald@example.com'),('linda40','Andrew Haynes','vVVH0oMa(4','user','4462218808','cameronarellano@example.org'),('lisa70','Joshua Garcia','!ebMEp$D_5','user','7183762971','carlostorres@example.com'),('lking','Lawrence Campbell','I@3VcxvcV#','admin','(324)970-0830x1','thomas71@example.com'),('lthomas','Robin Brown','#7pUVaHqn8','guest','001-834-626-007','jamessteele@example.com'),('lynchmichelle','Charles Atkinson','&TG7WKFb01','admin','+1-321-815-8765','brownjerry@example.org'),('madelinehenderson','Adam Cox','zp72iDUsO$','user','(938)637-5451x8','rlane@example.org'),('marknorton','Debbie White','f4^VpNz0_E','user','939-939-3922x78','nicole04@example.net'),('martin99','Anthony Brown MD','M+v2CbFuyt','guest','(762)573-9207','walterheather@example.com'),('martinezkathleen','Peter Campbell','#rzHc9)vS0','user','(519)526-8271x6','wallacecassandra@example.com'),('martinezyvette','Teresa Snow','_4Rsd+xcz0','guest','987-557-5731','heidi63@example.com'),('mary84','Edward Kennedy','@_BW0Ur$wC','admin','+1-422-308-6876','diane38@example.com'),('mathisrachel','Steven Wilson','_QA#sv!jJ1','admin','+1-540-884-5919','beckdavid@example.com'),('mdean','Leslie Allen','u$7K)yf@9X','guest','469.344.1626','elizabethmccoy@example.org'),('meagan40','Rachel James','s*2nCjGoRl','user','(614)518-5187x2','williamsgrant@example.net'),('megan67','Daniel Ford','yeLrH3yf^0','admin','763-954-4004','flemingandrea@example.net'),('meghan05','Christian Peters','@7fPb_Mj!H','admin','696.818.4489x81','dustinryan@example.net'),('meghansims','Connie Herman','1*m4%6VIoh','admin','(457)736-5111x7','matthew28@example.org'),('melissa35','Chad Edwards','ljk$U3JbFu','user','796-388-9557','saracrawford@example.org'),('melissaphillips','Brian Gonzalez','06$3VX2yu1','guest','+1-801-646-7683','dustinsalas@example.com'),('michael05','Dustin Miller','G94JNR@Q!e','user','(258)865-1021','birddana@example.net'),('michael68','Alexander Rhodes','^8!DZd6)Vt','user','001-890-242-366','fnguyen@example.net'),('michaellandry','Ryan Davis','JtluiXBv*7','admin','884-783-1290x31','porterandrea@example.net'),('michaelwilliams','Christopher Mcdonald','#f_UYd98@5','user','+1-551-301-6853','zwilson@example.org'),('mitchellscott','Tammy Holmes','g2OqUBRx$u','admin','535.377.1173x67','leerita@example.com'),('mooreruben','Carlos Haley','Gny9GcB$0&','user','(455)866-7876','jhorton@example.com'),('muellertony','Jill Myers','+HI332Ai4h','user','+1-479-892-7062','jose41@example.org'),('nbradford','Austin Cook','5fD+k2Dx+A','user','299-655-4458','kennethaguilar@example.com'),('nhernandez','Lauren Freeman','yov8AbZd(#','admin','761-828-2813x11','samantha49@example.net'),('nhoover','Terri Wilson','^7@wTAiZI5','guest','901.518.1890','scott51@example.net'),('nhughes','Kevin Parks','(0!b6PbauV','admin','6075152884','maria11@example.net'),('nicole22','Tony Simpson','!4hJco5s&n','user','(206)334-2267','moonpatricia@example.net'),('oguerra','Eric Wilkins','9v2%ZX8MG)','user','8486471229','joneslaurie@example.net'),('ohaynes','Danielle Graham','W08)0EQq!x','user','785-558-8045','beckmonique@example.com'),('orobbins','Caroline Medina','#J7UkiF7bv','guest','(907)542-3913x2','cstephenson@example.com'),('owood','Michael Rodriguez','#(7BirsuqL','guest','860-865-6561x43','christopher93@example.org'),('peter96','Jared Meyers','WZ3@w9Gt0&','user','(661)799-4883x3','lauren90@example.com'),('peterlarson','Eric Mercado',')5l8lWfoAS','user','987-930-1693x77','david94@example.org'),('philiptorres','Chelsea Moody','tzLo3Ajk^O','admin','001-900-379-789','lucerochristina@example.org'),('ppena','Samuel Garrison','!LJY%v*4(0','user','965-414-8024','ksandoval@example.org'),('prestonzachary','Evan Lang','3!Qv4Mvt)6','guest','001-484-711-502','bakergregory@example.com'),('privera','Hannah Vazquez','jVe3RYyx(P','user','(622)866-8582x9','kknox@example.com'),('psmith','Sarah Rodriguez','F&2DU2Cy!2','user','(944)430-3933','tamara58@example.com'),('pstephens','Richard Herring','0B1%Q4hhq@','guest','389-866-5261x38','lstone@example.net'),('pyoder','Angelica Petty','C&&8MGf7Dc','user','383-475-8945x35','trevor51@example.com'),('qcooper','Carlos Ibarra','A3u%CGZR(c','guest','+1-893-481-5799','jwalker@example.org'),('qmendez','Joseph Adkins','_7NJf$uEe5','user','716.785.1488x95','victor13@example.com'),('racheljackson','Matthew Morris','b9LnLz7G#u','guest','432-223-1074x32','lyonsdanielle@example.org'),('raymond30','Mr. John Morgan DDS','L(1%8CVhyg','admin','934-911-9808','ramosamy@example.net'),('reedwhitney','Rhonda Hardy','hfGz*7Cqj%','admin','(377)755-1094x0','donaldgarrett@example.net'),('reevesjoseph','Nicholas Moody','+9E#LmN9cv','user','788-948-6727x74','elizabeth40@example.com'),('ricevincent','Mike Contreras','6d8tNuou$+','guest','001-670-689-967','amberhobbs@example.com'),('richard96','Jessica Carpenter','mA)2TQsUo*','user','+1-637-742-7546','nicholasjames@example.com'),('richardevans','Steven Branch','sOVc2Duu+7','user','(276)372-2193x3','geoffrey44@example.com'),('richardparker','Melvin Roberts','5(eIaa8a(f','admin','524-716-7756','peggymclaughlin@example.org'),('ricksmith','Diamond Hill','(oE0TK!oJ8','admin','467.342.0343','randallhancock@example.com'),('riosdavid','William Jones','Vb&KS3Tfnd','admin','467.716.0202','dianaallen@example.org'),('rkim','Bradley Evans','Bp5QX00Fa!','guest','257.493.0601x81','cobbjennifer@example.net'),('robertopatel','David Moore','43I_rf@M!Z','user','470-561-6341x91','caseykathryn@example.net'),('robertsemily','Timothy Serrano','7TA0ZPzb_t','guest','539-443-8506x64','davidsonjohnny@example.net'),('robrien','William Huynh','*4hWQLgnh4','guest','(748)615-1620x9','khanvictoria@example.net'),('rrobinson','Jacob Fleming','+e2ZfLhI#G','user','+1-562-988-7742','roger69@example.com'),('ryan50','Michelle Rich','9@l1FBzieu','guest','001-355-375-968','blakewilliams@example.com'),('ryannelson','Jesse Hebert','S4V7(Q#h(A','guest','001-833-922-915','hbell@example.com'),('salasrobert','Kayla Ramirez','RZr_u2On@#','user','001-689-951-802','madams@example.net'),('salinasbrandon','Allison Sherman','MMWa3axjG&','user','889-804-5402','vasquezronald@example.org'),('sallymartin','Thomas Hudson','8xO9h&eg^0','user','001-305-681-489','floresmelissa@example.com'),('samantha76','Jonathan Hughes','^QPZE*kx5f','admin','300.665.5695x35','umaldonado@example.org'),('samanthanielsen','Tracy Bryan','c#g52Dfxp9','admin','+1-538-227-2846','mmartinez@example.net'),('samuel52','Alexa Morris','O5GF4HaJ^U','admin','723-745-5974x91','severett@example.com'),('samuelchan','Tyler Simpson','EE@smV@l&6','user','(906)381-1027','ellisonshelley@example.org'),('sanchezdonald','John Dixon','o5Zge!k1+M','admin','+1-210-840-1374','ynelson@example.net'),('sawyerkrystal','Danielle Morton','D4IvNggQ)V','guest','001-585-853-100','davidgreen@example.net'),('schmidtdesiree','Madison Singh','!W7UJqceBD','admin','827-374-2142x48','mckenziehuff@example.org'),('schultzjennifer','Terry Beltran','(9Obefzp30','admin','268-775-6689','matthew12@example.com'),('scott04','Sara Shields','V5iq*H3x%9','admin','850.531.6811','colonjoseph@example.net'),('scottgarcia','Alexandria Obrien','%eCeeBMwd7','user','001-308-935-371','carmenwalker@example.com'),('sean84','Jason Grant',')Rn1uCwvTr','guest','(357)383-9421','palmerlisa@example.net'),('sgarcia','Mrs. Yvonne Campbell','u@2&H@Rj(l','guest','3165778210','westangela@example.com'),('sgray','Christopher White','*73jXjJEtR','user','975.351.7067x03','sarahhood@example.net'),('sierra19','Eric Guerra','KYzVsr7G$2','user','+1-997-464-5125','nelsonbrittany@example.com'),('simsmelissa','Michelle Santos','w11FVv6y%_','guest','316.458.2485','patrickmolina@example.org'),('smithjoseph','Angela Estrada','VN4GzcMjk+','user','(428)562-6134x0','longmichael@example.com'),('smithlaura','Michael Mccarty','fH_5XeSki(','user','637-485-0573x99','xwatson@example.org'),('smithmarie','William Phelps','@0HbUS_h%u','guest','564-489-0126','michaelwright@example.com'),('sophia67','Timothy Rivas',')2li#XIkgg','admin','+1-812-376-8461','kkrause@example.org'),('spearskaitlyn','Ronald Bailey','nZ0PE_1n_I','user','246.201.5943','melissajohnson@example.net'),('stanleywilliam','Stacy Petty','7N6!Yej1k)','admin','(702)706-5451x3','haledoris@example.org'),('stephaniehodge','Jennifer Morton',')$U8M$%q$g','admin','704-708-0071x32','lindseylittle@example.com'),('stephenmeyer','Marcus Taylor',')@3(QCs7k0','guest','548-207-7208','michael87@example.net'),('stevensimpson','Brett Reyes','oT$7$fiSW$','user','+1-575-875-0892','michael72@example.net'),('susan06','Gloria Schwartz','XmMIAABI@7','guest','(343)543-1740x2','michael96@example.net'),('susan25','Charlene Thomas DVM','%9V#dVmjCq','guest','397-513-3099','maria07@example.net'),('swood','Stephanie Williams','R_0FRaNHgu','guest','001-218-704-749','ntaylor@example.net'),('tanyanguyen','Aaron Hancock','^6EKgc!xAE','user','(710)961-0836','pclark@example.com'),('tateandrew','Jason Williams','%^8Oxqy8RK','admin','316-835-4181x38','likathy@example.com'),('thomas73','Mrs. Sarah Olsen DVM','&xw7bABk_w','user','+1-708-480-1463','david44@example.net'),('tiffanybarry','Paul Ramos','d73U(4sy)h','admin','604.300.8312x15','ldominguez@example.net'),('timothy11','Nicholas Perez','*+KCc3Cu#4','admin','(323)937-3363','ymitchell@example.org'),('timothyfrazier','Jessica Robinson','*IGC@mI8$9','guest','962-978-9503x91','ashleybowers@example.org'),('tommysanchez','Nicholas Taylor','saA!T_Rs^2','admin','+1-264-446-9165','kellysavannah@example.com'),('travis70','Shelby Nichols','O+51*FMoXf','guest','636.599.4962x45','huntkara@example.com'),('turnerdeborah','Miss Renee Mueller',')R2EEyt_Kg','user','+1-837-578-3309','brittany19@example.com'),('tyler05','Michael Olson','@44Awq33ax','guest','471-884-3116x55','wburns@example.com'),('uboyer','Patricia Flores','I*2BE5v7sb','admin','001-668-437-302','elizabeth39@example.net'),('ujacobs','Curtis Glenn','O+5HL^@d)w','guest','(770)825-3532x2','cookjoseph@example.net'),('ustewart','David Lewis','e484(CmRa)','user','(526)747-5441x3','justinsmith@example.org'),('uthornton','Michael Johnson','Wet9fLw#&%','guest','386.716.1306','william74@example.net'),('valenciatodd','Mark Stevens','ktYRPAN@^4','user','760.562.5721','dorothyflores@example.com'),('vasquezsheena','Rachel Bridges',')4Oc2Btwv7','user','001-327-219-350','tina25@example.org'),('vclark','John Nguyen','1@ZKZogP%8','user','399.604.6911','rmaynard@example.net'),('veronicamartin','Brenda Rocha','Z1cL+b%$$A','user','674-272-6971x10','colekelli@example.com'),('vickie56','Mia Craig','F5WUP)+p@E','admin','729.818.9775x63','christymercado@example.com'),('virginiakelley','Robert Barrera','l5ZRTPEf#b','admin','(214)218-6982x0','teresa71@example.org'),('vowens','Chad Brown','xc!8Cwkbzv','user','674.747.9719x83','eparker@example.org'),('vross','Jordan Nolan','&632RPvkGm','guest','843.627.4814x63','aliciascott@example.net'),('vsingh','Nathaniel Bauer','XYb4SBs%^M','guest','(947)905-2775','joseph48@example.net'),('wallacemargaret','Samantha Morgan','mP4x4Yk9g#','guest','908-611-7400','tiffanygoodwin@example.com'),('wandaroberts','William Keller','xGx7(U9f(5','admin','001-578-254-600','woodwardrobert@example.org'),('wchase','Dr. Sarah Rogers','^3AR8GVtvc','guest','463.371.9563x26','dturner@example.com'),('weberlauren','Julian Snyder','^*C!0fEb77','user','497-956-6955x75','amberfleming@example.org'),('weberlee','Cynthia Alvarado','3nTxA2Oq#5','guest','(726)690-9700','shaun52@example.net'),('wendymills','Hannah Powell','+6IrQ*N7v+','admin','001-312-505-407','jameswatkins@example.net'),('westandrea','Jose Perry','dAV7VmHD5_','user','9334722809','donna03@example.com'),('wilkinsonelizabeth','Sara Michael','J)c06Cc^Sb','user','001-833-946-151','ericksonkenneth@example.net'),('williamsdeborah','Amanda Hartman','#2L*S8k2Q@','guest','(762)845-8737','danielstone@example.net'),('williamsdiana','Jonathan Bennett','+C9YDBen43','admin','+1-708-727-2881','matthewluna@example.net'),('wilsonmegan','Eric King','G@n3!Ee%$z','admin','6489944593','karenmccarthy@example.org'),('wmata','Chase Ryan','Dpt8P7fm)+','guest','256-287-2382','garciatiffany@example.com'),('woodardmary','Joanne Ferguson','@AHPY&lP4c','admin','652.782.7616x16','lopezeric@example.com'),('wroberts','Mary Brown','wAO%2YuLKT','guest','9815627103','gregory87@example.org'),('xbarrett','Suzanne Smith','hK4h1jDpo)','guest','001-847-456-499','awhite@example.net'),('xhill','Robert Lewis','w+%q2T+aF0','user','001-258-311-312','morenobrittney@example.org'),('xlozano','Joseph Molina','Gf5QzGwQl%','guest','(906)943-1979','george80@example.net'),('xweaver','Katherine Craig','M%9elNAyk)','guest','815-818-3926','wilcoxjoshua@example.org'),('xwhite','Catherine Singh','_G@!G%Rl#4','guest','(416)245-9043','stephencoleman@example.com'),('yphillips','John Jones','+@jvzXKsP4','admin','001-887-285-415','murphynoah@example.net'),('yserrano','Tanner Davis','ts%22cFlv6','admin','361.217.7843x50','brian42@example.net'),('ythomas','Brenda Kelly','(@9DgMzilO','admin','386-463-7593x58','john61@example.net'),('yvonnegonzales','Leslie Gibbs','0oaqV9Osa^','guest','+1-856-570-8675','smithbradley@example.org'),('ywest','Rebecca Villarreal','n0otAZ9s+m','admin','(271)491-7254x0','harriszachary@example.net'),('ywilkerson','Brian Phelps','^6fd7dUw7U','admin','8009554008','wboyle@example.com'),('zcopeland','Brenda Brown','s6Uc1AaP)u','user','001-944-269-193','jessicawalker@example.com');
/*!40000 ALTER TABLE `user` ENABLE KEYS */;
UNLOCK TABLES;
/*!40103 SET TIME_ZONE=@OLD_TIME_ZONE */;

/*!40101 SET SQL_MODE=@OLD_SQL_MODE */;
/*!40014 SET FOREIGN_KEY_CHECKS=@OLD_FOREIGN_KEY_CHECKS */;
/*!40014 SET UNIQUE_CHECKS=@OLD_UNIQUE_CHECKS */;
/*!40101 SET CHARACTER_SET_CLIENT=@OLD_CHARACTER_SET_CLIENT */;
/*!40101 SET CHARACTER_SET_RESULTS=@OLD_CHARACTER_SET_RESULTS */;
/*!40101 SET COLLATION_CONNECTION=@OLD_COLLATION_CONNECTION */;
/*!40111 SET SQL_NOTES=@OLD_SQL_NOTES */;

-- Dump completed on 2024-11-23 20:30:14
